consumer_id,billing_month,units_consumed,previous_units,consumption_change_pct,anomaly_type,amount_billed,payment_status
C10000,2025-02-01,1624,480.0,238.33333333333334,Spike,14797.72,Paid
C10000,2025-03-01,424,1624.0,-73.89162561576354,Drop,4297.07,Paid
C10003,2025-12-01,2621,893.0,193.505039193729,Spike,25778.52,Late
C10007,2025-02-01,248,1072.0,-76.86567164179104,Drop,1698.9,Paid
C10010,2025-03-01,688,156.0,341.025641025641,Spike,4465.47,Unpaid
C10010,2025-04-01,176,688.0,-74.4186046511628,Drop,1234.07,Late
C10019,2025-05-01,551,147.0,274.8299319727891,Spike,4238.83,Late
C10019,2025-07-01,592,175.0,238.2857142857143,Spike,3954.96,Unpaid
C10019,2025-08-01,147,592.0,-75.16891891891892,Drop,1034.96,Paid
C10023,2025-02-01,169,48.0,252.08333333333334,Spike,1270.43,Paid
C10023,2025-05-01,746,211.0,253.55450236966823,Spike,4925.4,Paid
C1003,2025-04-01,482,159.0,203.14465408805034,Spike,4550.03,Paid
C10033,2025-05-01,651,215.0,202.79069767441862,Spike,4824.43,Paid
C10033,2025-06-01,85,651.0,-86.9431643625192,Drop,737.07,Paid
C10033,2025-07-01,179,85.0,110.58823529411765,Spike,1277.82,Paid
C10035,2025-06-01,893,202.0,342.0792079207921,Spike,5576.4,Paid
C10035,2025-07-01,200,893.0,-77.60358342665174,Drop,1529.39,Paid
C10039,2025-09-01,3153,979.0,222.06332992849846,Spike,31754.24,Paid
C1004,2025-08-01,38,212.0,-82.0754716981132,Drop,381.26,Paid
C1004,2025-09-01,222,38.0,484.2105263157895,Spike,1711.38,Paid
C10042,2025-02-01,157,556.0,-71.76258992805755,Drop,1153.71,Paid
C10044,2025-04-01,61,227.0,-73.12775330396477,Drop,550.28,Paid
C10044,2025-05-01,227,61.0,272.1311475409836,Spike,1566.23,Paid
C10046,2025-04-01,527,158.0,233.54430379746836,Spike,3900.89,Paid
C10046,2025-05-01,155,527.0,-70.58823529411765,Drop,1080.17,Paid
C10048,2025-07-01,248,86.0,188.37209302325581,Spike,1778.91,Late
C10049,2025-07-01,5762,2782.0,107.11718188353703,Spike,61717.75,Paid
C10050,2025-07-01,215,53.0,305.66037735849056,Spike,1663.98,Paid
C10056,2025-06-01,15637,3390.0,361.2684365781711,Spike,143295.0,Paid
C10056,2025-07-01,3847,15637.0,-75.39809426360556,Drop,42366.85,Paid
C10056,2025-08-01,14187,3847.0,268.780868208994,Spike,148731.64,Paid
C10056,2025-09-01,3268,14187.0,-76.9648269542539,Drop,38432.79,Paid
C10056,2025-10-01,11818,3268.0,261.6279069767442,Spike,134029.52,Paid
C10058,2025-07-01,1372,435.0,215.40229885057468,Spike,10240.8,Late
C10065,2025-08-01,77,261.0,-70.49808429118774,Drop,704.61,Paid
C10065,2025-09-01,251,77.0,225.97402597402598,Spike,1990.27,Paid
C10066,2025-03-01,635,165.0,284.8484848484849,Spike,4856.1,Paid
C10066,2025-04-01,152,635.0,-76.06299212598425,Drop,1223.0,Paid
C10069,2025-03-01,59,214.0,-72.42990654205607,Drop,529.44,Unpaid
C10069,2025-04-01,239,59.0,305.08474576271186,Spike,1875.65,Late
C1007,2025-09-01,266,86.0,209.30232558139537,Spike,2080.02,Paid
C10074,2025-12-01,587,206.0,184.95145631067962,Spike,4258.43,Unpaid
C1008,2025-09-01,1652,642.0,157.3208722741433,Spike,14028.1,Late
C1008,2025-10-01,487,1652.0,-70.52058111380146,Drop,4293.24,Paid
C10082,2025-06-01,1819,380.0,378.6842105263158,Spike,12679.22,Paid
C10082,2025-07-01,388,1819.0,-78.66959868059374,Drop,2739.63,Paid
C10085,2025-07-01,695,242.0,187.19008264462812,Spike,4723.07,Paid
C10089,2025-12-01,710,243.0,192.18106995884773,Spike,5062.06,Paid
C10092,2025-04-01,587,186.0,215.59139784946234,Spike,4058.52,Unpaid
C10092,2025-05-01,155,587.0,-73.59454855195912,Drop,1285.22,Paid
C1010,2025-07-01,2218,625.0,254.88,Spike,21006.17,Late
C1010,2025-08-01,662,2218.0,-70.15329125338143,Drop,6353.52,Late
C10101,2025-04-01,67,263.0,-74.52471482889734,Drop,617.28,Unpaid
C10101,2025-05-01,320,67.0,377.6119402985075,Spike,2392.24,Unpaid
C10101,2025-12-01,701,295.0,137.6271186440678,Spike,4521.5,Late
C10108,2025-10-01,117,455.0,-74.28571428571429,Drop,1295.31,Paid
C10108,2025-11-01,422,117.0,260.6837606837607,Spike,4045.68,Late
C1011,2025-12-01,428,148.0,189.1891891891892,Spike,2795.52,Paid
C10110,2025-04-01,1120,330.0,239.3939393939394,Spike,9707.12,Paid
C10110,2025-06-01,925,350.0,164.28571428571428,Spike,9314.12,Unpaid
C10114,2025-06-01,41,268.0,-84.70149253731343,Drop,450.35,Late
C10114,2025-07-01,215,41.0,424.39024390243907,Spike,1597.43,Paid
C10115,2025-02-01,30,133.0,-77.44360902255639,Drop,332.52,Unpaid
C10115,2025-03-01,118,30.0,293.3333333333333,Spike,984.33,Unpaid
C10123,2025-02-01,919,325.0,182.76923076923077,Spike,6570.49,Paid
C10123,2025-03-01,254,919.0,-72.36126224156692,Drop,1846.82,Paid
C10126,2025-08-01,11246,3102.0,262.5402965828498,Spike,122969.23,Paid
C10126,2025-09-01,3179,11246.0,-71.73217143873377,Drop,34662.89,Paid
C10133,2025-07-01,774,171.0,352.6315789473684,Spike,5924.78,Late
C10133,2025-08-01,184,774.0,-76.22739018087856,Drop,1380.54,Paid
C10140,2025-08-01,630,122.0,416.3934426229508,Spike,4261.89,Paid
C10140,2025-09-01,145,630.0,-76.98412698412699,Drop,1169.37,Unpaid
C10144,2025-09-01,774,204.0,279.4117647058823,Spike,5307.68,Paid
C10146,2025-05-01,189,62.0,204.83870967741936,Spike,1524.75,Paid
C10150,2025-04-01,775,272.0,184.9264705882353,Spike,5136.98,Paid
C10150,2025-05-01,213,775.0,-72.51612903225806,Drop,1441.15,Paid
C10162,2025-08-01,43,152.0,-71.71052631578947,Drop,445.77,Unpaid
C10162,2025-09-01,169,43.0,293.0232558139535,Spike,1198.26,Unpaid
C10164,2025-10-01,270,109.0,147.70642201834863,Spike,1822.67,Paid
C10170,2025-05-01,82,340.0,-75.88235294117646,Drop,642.98,Unpaid
C10170,2025-06-01,298,82.0,263.4146341463415,Spike,2171.42,Unpaid
C10172,2025-10-01,2236,874.0,155.83524027459953,Spike,21594.89,Paid
C10172,2025-11-01,654,2236.0,-70.75134168157425,Drop,5703.29,Unpaid
C10176,2025-12-01,45,239.0,-81.17154811715481,Drop,456.4,Unpaid
C1018,2025-03-01,610,137.0,345.2554744525548,Spike,3991.09,Paid
C1018,2025-04-01,181,610.0,-70.32786885245902,Drop,1303.6,Paid
C10186,2025-02-01,3742,613.0,510.4404567699837,Spike,32613.22,Unpaid
C10186,2025-03-01,851,3742.0,-77.25815072153928,Drop,8083.73,Unpaid
C10187,2025-02-01,521,2798.0,-81.3795568263045,Drop,4546.68,Paid
C10196,2025-09-01,786,261.0,201.14942528735634,Spike,5460.87,Late
C10197,2025-09-01,1575,611.0,157.77414075286416,Spike,12946.35,Late
C10220,2025-02-01,216,820.0,-73.65853658536585,Drop,1718.51,Late
C10220,2025-12-01,204,99.0,106.06060606060606,Spike,1572.04,Late
C10224,2025-04-01,1030,252.0,308.73015873015873,Spike,7648.17,Paid
C10224,2025-05-01,187,1030.0,-81.84466019417475,Drop,1538.35,Paid
C10226,2025-04-01,2225,637.0,249.29356357927784,Spike,18991.28,Paid
C10226,2025-10-01,731,286.0,155.5944055944056,Spike,7566.3,Late
C10229,2025-08-01,337,107.0,214.9532710280374,Spike,2333.34,Late
C10229,2025-11-01,978,293.0,233.78839590443684,Spike,7399.51,Paid
C10229,2025-12-01,280,978.0,-71.37014314928425,Drop,2041.95,Paid
C10232,2025-04-01,657,131.0,401.5267175572519,Spike,4308.12,Late
C10232,2025-05-01,118,657.0,-82.03957382039574,Drop,1021.44,Late
C10237,2025-07-01,182,82.0,121.95121951219512,Spike,1359.9,Paid
C10237,2025-10-01,466,197.0,136.5482233502538,Spike,3140.12,Paid
C10239,2025-07-01,698,79.0,783.5443037974684,Spike,4879.09,Paid
C10240,2025-07-01,329,87.0,278.1609195402299,Spike,2246.22,Paid
C10241,2025-08-01,281,119.0,136.1344537815126,Spike,2215.48,Paid
C10243,2025-08-01,524,112.0,367.85714285714283,Spike,3960.82,Paid
C10243,2025-09-01,114,524.0,-78.2442748091603,Drop,929.83,Paid
C10246,2025-04-01,2308,540.0,327.4074074074074,Spike,21698.63,Paid
C10246,2025-05-01,453,2308.0,-80.37261698440207,Drop,4146.14,Paid
C10247,2025-11-01,41,149.0,-72.48322147651007,Drop,406.92,Paid
C10247,2025-12-01,160,41.0,290.2439024390244,Spike,1164.08,Paid
C10248,2025-03-01,817,231.0,253.67965367965368,Spike,5111.44,Late
C10248,2025-04-01,189,817.0,-76.86658506731946,Drop,1355.26,Late
C10248,2025-05-01,836,189.0,342.32804232804233,Spike,5561.2,Late
C10248,2025-06-01,185,836.0,-77.8708133971292,Drop,1522.93,Late
C10257,2025-06-01,82,315.0,-73.96825396825398,Drop,642.09,Paid
C10257,2025-07-01,238,82.0,190.2439024390244,Spike,1649.81,Paid
C10257,2025-09-01,891,316.0,181.96202531645568,Spike,6377.31,Paid
C10265,2025-03-01,663,254.0,161.0236220472441,Spike,6921.32,Paid
C10276,2025-02-01,673,192.0,250.52083333333334,Spike,4624.0,Paid
C10276,2025-03-01,147,673.0,-78.15750371471026,Drop,1089.39,Paid
C10276,2025-10-01,608,151.0,302.6490066225166,Spike,4195.02,Unpaid
C10276,2025-11-01,127,608.0,-79.11184210526315,Drop,1035.72,Paid
C10279,2025-03-01,30,164.0,-81.70731707317073,Drop,355.11,Unpaid
C10279,2025-04-01,173,30.0,476.6666666666667,Spike,1265.42,Paid
C10280,2025-05-01,581,138.0,321.0144927536232,Spike,4311.72,Unpaid
C10280,2025-06-01,111,581.0,-80.89500860585198,Drop,839.86,Late
C10286,2025-09-01,951,438.0,117.12328767123287,Spike,7976.22,Paid
C10287,2025-10-01,465,236.0,97.03389830508475,Spike,3243.28,Paid
C10293,2025-02-01,168,58.0,189.6551724137931,Spike,1372.26,Paid
C10293,2025-03-01,714,168.0,325.0,Spike,4744.51,Paid
C10293,2025-04-01,204,714.0,-71.42857142857143,Drop,1528.95,Paid
C10294,2025-03-01,1064,307.0,246.5798045602606,Spike,8053.36,Paid
C10294,2025-04-01,257,1064.0,-75.84586466165413,Drop,2039.21,Unpaid
C10296,2025-07-01,981,441.0,122.44897959183673,Spike,9408.45,Unpaid
C10302,2025-11-01,803,255.0,214.90196078431373,Spike,5269.51,Paid
C10308,2025-09-01,3095,826.0,274.6973365617433,Spike,28019.28,Paid
C1031,2025-03-01,945,232.0,307.3275862068965,Spike,6085.07,Paid
C10310,2025-02-01,133,24.0,454.1666666666667,Spike,959.22,Late
C10314,2025-11-01,203,70.0,190.0,Spike,1540.23,Late
C10316,2025-06-01,1099,217.0,406.4516129032258,Spike,8377.13,Paid
C10316,2025-07-01,190,1099.0,-82.7115559599636,Drop,1574.26,Late
C10317,2025-05-01,2291,514.0,345.7198443579767,Spike,20964.31,Paid
C10317,2025-06-01,369,2291.0,-83.89349628982977,Drop,3422.92,Paid
C1032,2025-05-01,755,137.0,451.09489051094886,Spike,5513.04,Late
C1032,2025-06-01,125,755.0,-83.44370860927152,Drop,985.34,Paid
C10322,2025-02-01,914,393.0,132.5699745547074,Spike,8426.57,Late
C10333,2025-04-01,1192,261.0,356.7049808429119,Spike,8187.25,Late
C10333,2025-05-01,255,1192.0,-78.60738255033557,Drop,1772.94,Late
C10338,2025-10-01,3041,948.0,220.7805907172996,Spike,31123.58,Paid
C10341,2025-05-01,782,214.0,265.42056074766356,Spike,5871.43,Paid
C10341,2025-06-01,207,782.0,-73.52941176470588,Drop,1575.14,Late
C10341,2025-09-01,42,204.0,-79.41176470588235,Drop,421.37,Late
C10341,2025-10-01,173,42.0,311.9047619047619,Spike,1323.05,Unpaid
C10350,2025-05-01,2771,708.0,291.38418079096044,Spike,27488.7,Unpaid
C10350,2025-06-01,556,2771.0,-79.93504150126309,Drop,5504.82,Unpaid
C10353,2025-05-01,1735,574.0,202.26480836236937,Spike,15093.32,Paid
C10353,2025-06-01,257,1735.0,-85.18731988472622,Drop,2659.53,Paid
C10353,2025-07-01,652,257.0,153.69649805447472,Spike,6572.33,Paid
C10355,2025-05-01,867,334.0,159.5808383233533,Spike,5786.88,Paid
C10357,2025-10-01,2170,446.0,386.5470852017937,Spike,19949.13,Paid
C10357,2025-11-01,463,2170.0,-78.66359447004608,Drop,4461.18,Paid
C10358,2025-06-01,549,128.0,328.90625,Spike,4099.63,Paid
C10358,2025-07-01,163,549.0,-70.30965391621129,Drop,1155.31,Paid
C1036,2025-08-01,986,332.0,196.9879518072289,Spike,9457.83,Paid
C10363,2025-10-01,453,106.0,327.35849056603774,Spike,3302.71,Paid
C10367,2025-07-01,198,62.0,219.3548387096774,Spike,1395.06,Late
C10368,2025-03-01,2556,790.0,223.54430379746836,Spike,23135.86,Paid
C10368,2025-04-01,591,2556.0,-76.87793427230048,Drop,5630.56,Unpaid
C1037,2025-05-01,373,117.0,218.80341880341882,Spike,2932.66,Unpaid
C1037,2025-10-01,499,158.0,215.82278481012656,Spike,3831.71,Late
C1037,2025-11-01,116,499.0,-76.75350701402806,Drop,960.51,Late
C10371,2025-07-01,5020,1367.0,267.2275054864667,Spike,45255.18,Paid
C10371,2025-08-01,1178,5020.0,-76.53386454183267,Drop,10444.44,Paid
C10373,2025-07-01,775,200.0,287.5,Spike,5000.46,Paid
C10373,2025-08-01,187,775.0,-75.87096774193547,Drop,1353.87,Paid
C10374,2025-10-01,1518,614.0,147.23127035830618,Spike,13762.52,Paid
C10379,2025-09-01,2166,773.0,180.20698576972833,Spike,17746.55,Late
C10379,2025-10-01,638,2166.0,-70.54478301015698,Drop,6453.12,Paid
C10380,2025-05-01,514,188.0,173.40425531914894,Spike,3796.86,Paid
C10382,2025-10-01,259,87.0,197.70114942528735,Spike,2062.94,Paid
C10383,2025-04-01,614,152.0,303.9473684210526,Spike,4027.92,Paid
C10383,2025-05-01,176,614.0,-71.33550488599349,Drop,1316.61,Paid
C10384,2025-07-01,1132,232.0,387.9310344827586,Spike,7604.21,Late
C10384,2025-08-01,303,1132.0,-73.23321554770318,Drop,2303.68,Unpaid
C10387,2025-07-01,1551,627.0,147.36842105263156,Spike,13058.88,Paid
C1039,2025-10-01,940,248.0,279.03225806451616,Spike,6474.81,Unpaid
C1039,2025-11-01,220,940.0,-76.59574468085107,Drop,1613.89,Late
C10391,2025-06-01,1339,546.0,145.23809523809524,Spike,11432.81,Paid
C10392,2025-12-01,490,2669.0,-81.64106406893967,Drop,5701.77,Paid
C1040,2025-06-01,1099,250.0,339.59999999999997,Spike,8126.53,Unpaid
C1040,2025-07-01,314,1099.0,-71.42857142857143,Drop,2211.85,Unpaid
C10402,2025-12-01,480,156.0,207.6923076923077,Spike,3065.07,Late
C10405,2025-03-01,546,152.0,259.2105263157895,Spike,3896.53,Late
C10405,2025-04-01,127,546.0,-76.73992673992674,Drop,927.34,Unpaid
C1041,2025-11-01,1561,394.0,296.1928934010152,Spike,11475.18,Paid
C1041,2025-12-01,373,1561.0,-76.1050608584241,Drop,2431.46,Paid
C10412,2025-05-01,25,123.0,-79.67479674796748,Drop,312.72,Late
C10412,2025-06-01,141,25.0,463.99999999999994,Spike,1164.16,Paid
C10415,2025-12-01,147,54.0,172.22222222222223,Spike,1251.46,Paid
C10416,2025-02-01,414,141.0,193.61702127659575,Spike,2634.87,Paid
C10425,2025-08-01,761,300.0,153.66666666666666,Spike,7181.51,Late
C10427,2025-10-01,77,318.0,-75.78616352201259,Drop,618.9,Late
C10427,2025-11-01,272,77.0,253.24675324675323,Spike,1910.76,Paid
C10429,2025-06-01,571,151.0,278.1456953642384,Spike,4359.21,Late
C10429,2025-07-01,170,571.0,-70.2276707530648,Drop,1268.2,Paid
C10429,2025-09-01,122,61.0,100.0,Spike,1034.51,Paid
C10429,2025-12-01,158,76.0,107.89473684210526,Spike,1241.53,Paid
C1043,2025-07-01,197,75.0,162.66666666666666,Spike,1406.35,Paid
C1043,2025-09-01,815,170.0,379.4117647058823,Spike,5180.65,Paid
C1043,2025-10-01,232,815.0,-71.53374233128834,Drop,1616.97,Paid
C10430,2025-09-01,2692,605.0,344.9586776859504,Spike,24011.97,Late
C10430,2025-10-01,705,2692.0,-73.81129271916791,Drop,6163.42,Paid
C10436,2025-05-01,453,260.0,74.23076923076923,Spike,3429.66,Paid
C10447,2025-06-01,2181,744.0,193.14516129032256,Spike,21475.59,Unpaid
C10450,2025-03-01,803,145.0,453.7931034482758,Spike,5174.31,Paid
C10450,2025-04-01,160,803.0,-80.07471980074719,Drop,1148.18,Paid
C10451,2025-07-01,955,368.0,159.51086956521738,Spike,7050.71,Paid
C10454,2025-04-01,1302,361.0,260.6648199445984,Spike,8282.29,Late
C10454,2025-05-01,269,1302.0,-79.3394777265745,Drop,2121.18,Late
C10456,2025-05-01,1165,282.0,313.12056737588654,Spike,8337.42,Paid
C10456,2025-06-01,314,1165.0,-73.04721030042919,Drop,2146.18,Paid
C10456,2025-08-01,1103,284.0,288.38028169014086,Spike,6776.49,Paid
C10456,2025-09-01,282,1103.0,-74.43336355394379,Drop,1861.08,Paid
C10464,2025-11-01,303,120.0,152.5,Spike,2348.35,Unpaid
C10465,2025-08-01,1515,514.0,194.74708171206225,Spike,13054.74,Late
C1047,2025-07-01,149,73.0,104.10958904109589,Spike,1189.83,Paid
C10472,2025-02-01,25,146.0,-82.87671232876713,Drop,303.58,Unpaid
C10472,2025-03-01,148,25.0,492.0,Spike,1199.33,Paid
C10477,2025-10-01,333,1136.0,-70.68661971830986,Drop,4724.7,Paid
C10477,2025-11-01,1188,333.0,256.7567567567568,Spike,12131.12,Paid
C10486,2025-05-01,323,158.0,104.43037974683544,Spike,2249.47,Late
C10491,2025-05-01,1179,262.0,350.0,Spike,8146.7,Paid
C10491,2025-06-01,199,1179.0,-83.12128922815945,Drop,1556.74,Paid
C10491,2025-07-01,790,199.0,296.9849246231156,Spike,5376.05,Paid
C10495,2025-09-01,43,189.0,-77.24867724867724,Drop,444.8,Late
C10495,2025-10-01,165,43.0,283.72093023255815,Spike,1387.09,Late
C10507,2025-09-01,536,170.0,215.2941176470588,Spike,3678.25,Paid
C10510,2025-12-01,862,175.0,392.57142857142856,Spike,5390.37,Paid
C10511,2025-02-01,76,303.0,-74.91749174917491,Drop,718.27,Paid
C10511,2025-03-01,314,76.0,313.15789473684214,Spike,2494.73,Paid
C10516,2025-11-01,300,91.0,229.67032967032966,Spike,2200.56,Paid
C10517,2025-02-01,950,298.0,218.79194630872485,Spike,6730.67,Paid
C10519,2025-04-01,915,216.0,323.61111111111114,Spike,5751.21,Paid
C10519,2025-05-01,163,915.0,-82.18579234972677,Drop,1145.04,Paid
C10525,2025-02-01,313,79.0,296.2025316455696,Spike,2270.66,Paid
C10525,2025-06-01,54,258.0,-79.06976744186046,Drop,528.77,Paid
C10525,2025-07-01,309,54.0,472.22222222222223,Spike,2238.99,Paid
C10527,2025-03-01,3526,758.0,365.1715039577836,Spike,29829.08,Late
C10527,2025-04-01,809,3526.0,-77.05615428247306,Drop,6892.09,Late
C10528,2025-08-01,454,101.0,349.5049504950495,Spike,3287.37,Paid
C10531,2025-10-01,301,92.0,227.17391304347828,Spike,2029.31,Unpaid
C10537,2025-09-01,67,250.0,-73.2,Drop,583.75,Paid
C10537,2025-10-01,242,67.0,261.1940298507463,Spike,1899.18,Paid
C10538,2025-11-01,2209,951.0,132.28180862250264,Spike,18652.07,Paid
C10544,2025-02-01,173,81.0,113.58024691358024,Spike,1432.24,Unpaid
C10545,2025-07-01,1229,367.0,234.87738419618526,Spike,9204.01,Late
C10547,2025-12-01,969,272.0,256.25,Spike,7128.12,Paid
C10549,2025-03-01,1524,393.0,287.7862595419847,Spike,9906.49,Paid
C10549,2025-04-01,430,1524.0,-71.78477690288713,Drop,3341.2,Paid
C10557,2025-02-01,773,175.0,341.7142857142857,Spike,5044.63,Late
C10557,2025-03-01,177,773.0,-77.10219922380335,Drop,1275.59,Late
C10557,2025-08-01,159,87.0,82.75862068965517,Spike,1175.01,Unpaid
C10558,2025-10-01,169,82.0,106.09756097560977,Spike,1368.84,Late
C10562,2025-09-01,1124,206.0,445.63106796116506,Spike,8291.5,Late
C10562,2025-10-01,237,1124.0,-78.91459074733096,Drop,1734.29,Late
C10563,2025-02-01,247,124.0,99.19354838709677,Spike,1697.33,Late
C1057,2025-06-01,525,209.0,151.1961722488038,Spike,3350.91,Late
C10570,2025-04-01,186,709.0,-73.76586741889986,Drop,2102.84,Late
C10570,2025-05-01,631,186.0,239.247311827957,Spike,5934.74,Late
C10571,2025-04-01,906,203.0,346.30541871921184,Spike,6649.9,Late
C10571,2025-05-01,168,906.0,-81.45695364238411,Drop,1303.42,Unpaid
C10573,2025-04-01,222,89.0,149.43820224719101,Spike,1635.18,Late
C10573,2025-06-01,755,233.0,224.0343347639485,Spike,4922.58,Late
C10575,2025-07-01,52,177.0,-70.62146892655367,Drop,479.55,Late
C10575,2025-08-01,178,52.0,242.3076923076923,Spike,1220.95,Paid
C10576,2025-07-01,397,121.0,228.099173553719,Spike,2710.01,Late
C10576,2025-08-01,96,397.0,-75.81863979848866,Drop,756.74,Unpaid
C10579,2025-11-01,967,314.0,207.96178343949046,Spike,7388.79,Paid
C10579,2025-12-01,241,967.0,-75.0775594622544,Drop,1714.52,Paid
C10581,2025-02-01,1117,278.0,301.7985611510791,Spike,7842.3,Paid
C10581,2025-03-01,227,1117.0,-79.67770814682184,Drop,1757.39,Unpaid
C10582,2025-08-01,666,197.0,238.07106598984774,Spike,4384.43,Unpaid
C10582,2025-09-01,131,666.0,-80.33033033033034,Drop,991.34,Paid
C10583,2025-03-01,633,175.0,261.7142857142857,Spike,4408.57,Paid
C10583,2025-04-01,175,633.0,-72.35387045813586,Drop,1209.01,Paid
C10585,2025-02-01,3039,781.0,289.11651728553136,Spike,29984.83,Unpaid
C10585,2025-03-01,728,3039.0,-76.04475156301415,Drop,6352.47,Late
C10588,2025-10-01,982,247.0,297.57085020242914,Spike,7106.73,Paid
C10588,2025-11-01,237,982.0,-75.86558044806517,Drop,1776.02,Paid
C1059,2025-10-01,1455,294.0,394.8979591836735,Spike,9028.67,Late
C1059,2025-11-01,326,1455.0,-77.59450171821307,Drop,2523.24,Paid
C10590,2025-02-01,581,310.0,87.41935483870968,Spike,5838.75,Paid
C10590,2025-03-01,2920,581.0,402.5817555938038,Spike,23727.5,Paid
C10590,2025-04-01,642,2920.0,-78.01369863013699,Drop,5992.25,Paid
C10590,2025-09-01,151,781.0,-80.66581306017926,Drop,1707.45,Paid
C10590,2025-10-01,634,151.0,319.8675496688742,Spike,6630.27,Paid
C10592,2025-02-01,322,110.0,192.72727272727272,Spike,2178.54,Paid
C10592,2025-04-01,298,119.0,150.42016806722688,Spike,2240.45,Paid
C10593,2025-03-01,2509,824.0,204.49029126213594,Spike,24209.78,Unpaid
C10593,2025-04-01,725,2509.0,-71.1040255081706,Drop,6946.1,Unpaid
C10594,2025-08-01,163,57.0,185.96491228070175,Spike,1328.81,Paid
C10610,2025-11-01,927,411.0,125.54744525547446,Spike,8417.01,Late
C10615,2025-06-01,278,1400.0,-80.14285714285714,Drop,4234.79,Paid
C10615,2025-07-01,1347,278.0,384.53237410071944,Spike,15401.72,Paid
C10617,2025-07-01,887,178.0,398.314606741573,Spike,5761.21,Paid
C10617,2025-08-01,183,887.0,-79.36865839909808,Drop,1327.64,Late
C10617,2025-09-01,554,183.0,202.73224043715845,Spike,4290.88,Paid
C10617,2025-10-01,136,554.0,-75.45126353790613,Drop,978.97,Paid
C10619,2025-02-01,447,1834.0,-75.62704471101418,Drop,3987.06,Late
C1062,2025-10-01,85,327.0,-74.00611620795107,Drop,729.13,Unpaid
C1062,2025-11-01,298,85.0,250.58823529411765,Spike,2289.03,Unpaid
C10627,2025-02-01,131,540.0,-75.74074074074075,Drop,1029.21,Unpaid
C1063,2025-10-01,2099,539.0,289.4248608534323,Spike,20057.37,Paid
C1063,2025-11-01,492,2099.0,-76.56026679371129,Drop,4554.62,Paid
C10636,2025-11-01,72,261.0,-72.41379310344827,Drop,591.08,Paid
C10636,2025-12-01,276,72.0,283.33333333333337,Spike,2032.77,Paid
C10641,2025-09-01,627,137.0,357.66423357664235,Spike,4332.59,Late
C10641,2025-10-01,114,627.0,-81.81818181818183,Drop,889.99,Late
C10642,2025-04-01,67,253.0,-73.51778656126481,Drop,565.2,Paid
C10642,2025-05-01,276,67.0,311.94029850746267,Spike,2104.18,Paid
C10643,2025-06-01,579,151.0,283.4437086092715,Spike,3802.57,Unpaid
C10643,2025-07-01,144,579.0,-75.12953367875647,Drop,1056.56,Late
C10646,2025-11-01,470,154.0,205.19480519480518,Spike,3013.41,Paid
C1065,2025-02-01,296,78.0,279.48717948717945,Spike,2258.07,Paid
C10651,2025-08-01,42,166.0,-74.69879518072288,Drop,428.19,Paid
C10651,2025-09-01,147,42.0,250.0,Spike,1050.99,Paid
C10652,2025-08-01,850,273.0,211.35531135531136,Spike,6103.39,Paid
C10652,2025-09-01,214,850.0,-74.82352941176471,Drop,1748.49,Late
C10652,2025-12-01,753,266.0,183.08270676691728,Spike,4997.23,Paid
C10654,2025-06-01,189,85.0,122.3529411764706,Spike,1377.4,Paid
C10656,2025-08-01,449,159.0,182.38993710691824,Spike,2848.42,Late
C10656,2025-09-01,119,449.0,-73.4966592427617,Drop,953.31,Late
C10656,2025-12-01,564,142.0,297.1830985915493,Spike,4336.13,Paid
C10657,2025-08-01,115,494.0,-76.72064777327935,Drop,1433.01,Late
C10657,2025-09-01,467,115.0,306.0869565217391,Spike,4647.08,Late
C10659,2025-12-01,1137,272.0,318.0147058823529,Spike,7024.79,Paid
C10660,2025-02-01,3030,897.0,237.79264214046822,Spike,24858.71,Unpaid
C10660,2025-03-01,848,3030.0,-72.01320132013201,Drop,8298.82,Late
C10662,2025-09-01,575,165.0,248.4848484848485,Spike,4037.31,Paid
C10662,2025-10-01,158,575.0,-72.52173913043478,Drop,1305.53,Paid
C10664,2025-11-01,66,240.0,-72.5,Drop,585.73,Paid
C10664,2025-12-01,186,66.0,181.8181818181818,Spike,1431.89,Paid
C10673,2025-08-01,867,314.0,176.11464968152865,Spike,6218.3,Paid
C10673,2025-09-01,235,867.0,-72.89504036908882,Drop,1735.42,Paid
C10673,2025-12-01,729,332.0,119.57831325301204,Spike,4862.62,Paid
C10674,2025-09-01,750,248.0,202.4193548387097,Spike,5120.44,Paid
C10679,2025-07-01,1059,238.0,344.9579831932773,Spike,7924.27,Paid
C10679,2025-09-01,284,1298.0,-78.12018489984591,Drop,2197.8,Late
C1068,2025-10-01,2263,455.0,397.3626373626374,Spike,18771.64,Paid
C1068,2025-11-01,455,2263.0,-79.89394608926204,Drop,4442.26,Paid
C10686,2025-11-01,895,299.0,199.33110367892976,Spike,6465.82,Late
C10687,2025-10-01,699,233.0,200.0,Spike,4426.65,Paid
C10690,2025-10-01,2516,1011.0,148.86251236399605,Spike,22144.37,Late
C10695,2025-06-01,760,193.0,293.7823834196891,Spike,5213.2,Paid
C10695,2025-07-01,128,760.0,-83.15789473684211,Drop,924.85,Paid
C1070,2025-10-01,8237,2386.0,245.22212908633696,Spike,93701.92,Paid
C10702,2025-12-01,933,189.0,393.6507936507936,Spike,6219.36,Late
C10704,2025-03-01,2397,598.0,300.8361204013378,Spike,22779.45,Paid
C10706,2025-07-01,845,328.0,157.6219512195122,Spike,5729.27,Late
C10712,2025-05-01,1368,765.0,78.82352941176471,Spike,12051.84,Paid
C10714,2025-11-01,1060,224.0,373.2142857142857,Spike,7745.8,Unpaid
C10717,2025-08-01,976,225.0,333.77777777777777,Spike,6738.37,Late
C10717,2025-09-01,225,976.0,-76.94672131147541,Drop,1704.71,Unpaid
C10718,2025-09-01,553,192.0,188.02083333333331,Spike,4140.03,Paid
C10718,2025-10-01,165,553.0,-70.16274864376129,Drop,1370.13,Paid
C10720,2025-04-01,1486,592.0,151.01351351351352,Spike,15071.55,Paid
C10723,2025-10-01,3652,737.0,395.5223880597015,Spike,31383.56,Paid
C10723,2025-11-01,934,3652.0,-74.4249726177437,Drop,9535.05,Paid
C10724,2025-03-01,2108,484.0,335.5371900826446,Spike,18359.57,Paid
C10724,2025-04-01,464,2108.0,-77.98861480075901,Drop,4373.4,Paid
C10731,2025-02-01,191,70.0,172.85714285714286,Spike,1325.63,Paid
C10732,2025-06-01,1527,466.0,227.6824034334764,Spike,13124.65,Paid
C10734,2025-07-01,2835,723.0,292.1161825726141,Spike,27313.6,Unpaid
C10743,2025-02-01,514,2176.0,-76.37867647058823,Drop,4921.04,Late
C10744,2025-07-01,68,230.0,-70.43478260869566,Drop,659.14,Paid
C10744,2025-08-01,185,68.0,172.05882352941177,Spike,1304.97,Paid
C10754,2025-06-01,192,709.0,-72.91960507757405,Drop,1893.18,Late
C10754,2025-07-01,627,192.0,226.5625,Spike,6446.72,Late
C10755,2025-05-01,156,72.0,116.66666666666667,Spike,1220.64,Late
C10756,2025-04-01,185,75.0,146.66666666666666,Spike,1435.41,Paid
C10756,2025-07-01,421,224.0,87.94642857142857,Spike,3167.89,Paid
C10764,2025-09-01,563,223.0,152.46636771300447,Spike,5738.34,Paid
C10765,2025-08-01,2909,1102.0,163.97459165154265,Spike,28492.72,Late
C10765,2025-11-01,2766,1111.0,148.96489648964896,Spike,25864.25,Paid
C10769,2025-03-01,9802,2891.0,239.0522310619163,Spike,90791.84,Paid
C10769,2025-04-01,2414,9802.0,-75.37237298510509,Drop,23008.78,Late
C10771,2025-02-01,278,108.0,157.40740740740742,Spike,2965.33,Paid
C10771,2025-03-01,642,278.0,130.93525179856115,Spike,6421.91,Late
C10775,2025-09-01,3508,1116.0,214.336917562724,Spike,33981.35,Paid
C10775,2025-10-01,733,3508.0,-79.10490307867731,Drop,6714.93,Late
C10780,2025-04-01,179,72.0,148.61111111111111,Spike,1258.59,Late
C10794,2025-06-01,1535,311.0,393.56913183279744,Spike,10995.73,Paid
C10794,2025-07-01,259,1535.0,-83.1270358306189,Drop,1762.66,Paid
C10798,2025-02-01,900,270.0,233.33333333333334,Spike,5610.83,Unpaid
C1080,2025-10-01,272,116.0,134.48275862068965,Spike,2075.5,Paid
C10803,2025-05-01,734,224.0,227.67857142857144,Spike,5589.53,Paid
C10803,2025-06-01,86,734.0,-88.28337874659401,Drop,764.62,Paid
C10803,2025-07-01,191,86.0,122.09302325581395,Spike,1385.31,Paid
C10807,2025-03-01,714,318.0,124.52830188679245,Spike,6771.67,Late
C1081,2025-09-01,124,459.0,-72.98474945533769,Drop,1374.76,Paid
C1081,2025-10-01,566,124.0,356.4516129032258,Spike,5404.8,Paid
C10816,2025-08-01,56,225.0,-75.1111111111111,Drop,507.74,Late
C10816,2025-09-01,183,56.0,226.78571428571428,Spike,1409.46,Paid
C10822,2025-05-01,2398,718.0,233.98328690807801,Spike,19692.65,Paid
C10829,2025-12-01,511,196.0,160.71428571428572,Spike,5314.38,Unpaid
C1083,2025-10-01,805,326.0,146.9325153374233,Spike,5246.97,Late
C10836,2025-04-01,828,59.0,1303.3898305084745,Spike,5619.05,Late
C10836,2025-05-01,189,828.0,-77.17391304347827,Drop,1334.18,Late
C10845,2025-02-01,172,791.0,-78.25537294563844,Drop,1282.68,Paid
C10845,2025-08-01,931,160.0,481.87499999999994,Spike,6060.87,Paid
C10845,2025-09-01,170,931.0,-81.74006444683137,Drop,1173.28,Paid
C10845,2025-11-01,583,193.0,202.07253886010363,Spike,3753.46,Paid
C10851,2025-09-01,145,54.0,168.5185185185185,Spike,1100.7,Paid
C10855,2025-10-01,4515,704.0,541.3352272727273,Spike,42078.86,Late
C10855,2025-11-01,885,4515.0,-80.39867109634552,Drop,8273.97,Paid
C10856,2025-06-01,234,88.0,165.9090909090909,Spike,1760.04,Paid
C10858,2025-03-01,761,344.0,121.22093023255813,Spike,5129.98,Unpaid
C10860,2025-08-01,664,265.0,150.56603773584908,Spike,4887.29,Unpaid
C10860,2025-09-01,186,664.0,-71.98795180722891,Drop,1470.98,Late
C10865,2025-06-01,88,441.0,-80.04535147392289,Drop,808.16,Late
C10865,2025-07-01,451,88.0,412.5,Spike,3464.6,Paid
C10865,2025-10-01,921,329.0,179.93920972644378,Spike,5804.7,Paid
C10866,2025-11-01,394,174.0,126.4367816091954,Spike,2555.7,Paid
C10870,2025-06-01,482,154.0,212.98701298701297,Spike,3205.45,Late
C10876,2025-06-01,116,42.0,176.19047619047618,Spike,918.96,Paid
C10880,2025-09-01,562,216.0,160.1851851851852,Spike,3747.17,Late
C10880,2025-12-01,58,203.0,-71.42857142857143,Drop,555.31,Late
C10887,2025-08-01,125,609.0,-79.47454844006569,Drop,1399.02,Paid
C10887,2025-09-01,680,125.0,444.00000000000006,Spike,6600.8,Paid
C1089,2025-09-01,1875,738.0,154.0650406504065,Spike,16260.56,Paid
C10890,2025-06-01,1143,214.0,434.1121495327103,Spike,7642.47,Paid
C10890,2025-07-01,228,1143.0,-80.0524934383202,Drop,1717.22,Unpaid
C10892,2025-05-01,956,194.0,392.78350515463916,Spike,5963.42,Paid
C10892,2025-06-01,226,956.0,-76.35983263598327,Drop,1635.18,Paid
C10893,2025-08-01,522,204.0,155.88235294117646,Spike,4802.54,Late
C10906,2025-10-01,441,105.0,320.0,Spike,3416.56,Late
C1091,2025-06-01,458,131.0,249.618320610687,Spike,3164.39,Late
C10914,2025-03-01,1054,329.0,220.36474164133736,Spike,7203.23,Paid
C10914,2025-04-01,231,1054.0,-78.08349146110058,Drop,1558.78,Paid
C10921,2025-05-01,48,232.0,-79.3103448275862,Drop,491.36,Paid
C10921,2025-06-01,244,48.0,408.3333333333333,Spike,1971.92,Paid
C10927,2025-03-01,951,230.0,313.4782608695652,Spike,6838.4,Paid
C10927,2025-04-01,234,951.0,-75.39432176656152,Drop,1690.88,Paid
C10929,2025-09-01,382,127.0,200.78740157480314,Spike,3916.16,Paid
C10931,2025-02-01,379,1319.0,-71.2661106899166,Drop,3901.79,Paid
C10933,2025-05-01,973,250.0,289.2,Spike,6549.35,Late
C10933,2025-06-01,199,973.0,-79.54779033915725,Drop,1511.12,Late
C10934,2025-07-01,728,147.0,395.23809523809524,Spike,5440.99,Paid
C10934,2025-08-01,211,728.0,-71.01648351648352,Drop,1668.69,Paid
C10935,2025-03-01,679,161.0,321.7391304347826,Spike,4844.43,Paid
C10935,2025-04-01,163,679.0,-75.9941089837997,Drop,1129.18,Paid
C10945,2025-10-01,379,156.0,142.94871794871796,Spike,2740.13,Paid
C10945,2025-11-01,107,379.0,-71.76781002638522,Drop,817.32,Paid
C10946,2025-05-01,60,218.0,-72.47706422018348,Drop,512.55,Paid
C10946,2025-06-01,187,60.0,211.66666666666666,Spike,1361.1,Paid
C1095,2025-06-01,2600,890.0,192.13483146067415,Spike,22885.6,Paid
C1095,2025-07-01,731,2600.0,-71.88461538461539,Drop,6216.26,Paid
C1095,2025-10-01,754,416.0,81.25,Spike,7387.33,Paid
C1096,2025-05-01,332,160.0,107.5,Spike,2519.99,Late
C1096,2025-10-01,539,118.0,356.77966101694915,Spike,3724.76,Late
C1096,2025-11-01,145,539.0,-73.09833024118738,Drop,1059.42,Late
C10961,2025-07-01,913,284.0,221.4788732394366,Spike,6183.3,Paid
C10962,2025-09-01,60,258.0,-76.74418604651163,Drop,599.79,Paid
C10962,2025-10-01,277,60.0,361.6666666666667,Spike,2140.86,Late
C10965,2025-11-01,210,84.0,150.0,Spike,1479.49,Paid
C10967,2025-08-01,4395,1299.0,238.33718244803697,Spike,37802.54,Late
C10967,2025-09-01,973,4395.0,-77.86120591581343,Drop,8151.58,Paid
C10968,2025-11-01,286,113.0,153.09734513274336,Spike,2019.34,Paid
C10971,2025-07-01,418,139.0,200.71942446043164,Spike,2799.08,Paid
C10971,2025-08-01,114,418.0,-72.72727272727273,Drop,959.64,Paid
C10973,2025-06-01,4891,1497.0,226.72010688042752,Spike,47572.53,Paid
C10973,2025-07-01,1239,4891.0,-74.66775710488652,Drop,15175.79,Paid
C10974,2025-05-01,621,244.0,154.5081967213115,Spike,4805.94,Late
C10976,2025-06-01,842,279.0,201.79211469534047,Spike,5921.57,Unpaid
C10977,2025-12-01,240,89.0,169.6629213483146,Spike,1814.77,Unpaid
C1098,2025-07-01,872,319.0,173.35423197492165,Spike,6297.97,Late
C1098,2025-08-01,238,872.0,-72.70642201834863,Drop,1783.5,Paid
C10980,2025-11-01,667,173.0,285.5491329479769,Spike,4751.79,Late
C10980,2025-12-01,145,667.0,-78.26086956521739,Drop,1181.89,Late
C10981,2025-04-01,239,110.0,117.27272727272727,Spike,1884.37,Paid
C10982,2025-11-01,30,123.0,-75.60975609756098,Drop,337.79,Paid
C10982,2025-12-01,131,30.0,336.6666666666667,Spike,1096.0,Paid
C10984,2025-10-01,728,272.0,167.64705882352942,Spike,6369.38,Late
C10986,2025-10-01,310,120.0,158.33333333333331,Spike,2223.16,Paid
C10988,2025-08-01,815,234.0,248.2905982905983,Spike,5700.24,Late
C10988,2025-09-01,186,815.0,-77.17791411042944,Drop,1458.99,Paid
C1099,2025-05-01,216,76.0,184.21052631578948,Spike,1500.23,Paid
C10993,2025-08-01,821,157.0,422.9299363057325,Spike,5712.87,Paid
C10993,2025-09-01,192,821.0,-76.61388550548112,Drop,1303.49,Paid
C10997,2025-07-01,2544,819.0,210.62271062271063,Spike,20672.86,Paid
C11000,2025-03-01,584,328.0,78.04878048780488,Spike,4339.71,Unpaid
C11000,2025-07-01,65,315.0,-79.36507936507937,Drop,586.11,Unpaid
C11000,2025-08-01,323,65.0,396.9230769230769,Spike,2539.31,Unpaid
C1101,2025-12-01,427,167.0,155.68862275449104,Spike,3312.21,Paid
C1108,2025-02-01,1770,530.0,233.96226415094338,Spike,16002.2,Late
C1108,2025-03-01,486,1770.0,-72.54237288135593,Drop,4650.73,Paid
C1111,2025-02-01,564,185.0,204.86486486486487,Spike,3554.35,Late
C1111,2025-10-01,714,184.0,288.04347826086956,Spike,4713.32,Paid
C1111,2025-11-01,173,714.0,-75.7703081232493,Drop,1274.46,Paid
C1113,2025-08-01,2172,791.0,174.5891276864728,Spike,19454.96,Late
C1116,2025-02-01,1283,415.0,209.1566265060241,Spike,10976.88,Paid
C1116,2025-05-01,1255,382.0,228.53403141361258,Spike,11027.28,Paid
C1121,2025-02-01,122,463.0,-73.6501079913607,Drop,1441.51,Late
C1121,2025-03-01,510,122.0,318.0327868852459,Spike,4588.05,Paid
C1121,2025-05-01,1256,500.0,151.2,Spike,11947.55,Paid
C1126,2025-07-01,627,254.0,146.8503937007874,Spike,4142.4,Unpaid
C1129,2025-02-01,845,62.0,1262.9032258064517,Spike,6085.57,Paid
C1129,2025-03-01,170,845.0,-79.88165680473372,Drop,1228.77,Late
C1130,2025-10-01,62,344.0,-81.97674418604652,Drop,601.75,Paid
C1130,2025-11-01,260,62.0,319.3548387096774,Spike,1753.31,Paid
C1136,2025-05-01,777,168.0,362.5,Spike,5609.96,Paid
C1136,2025-06-01,152,777.0,-80.43758043758044,Drop,1084.68,Paid
C1155,2025-03-01,6127,1762.0,247.72985244040862,Spike,71011.85,Paid
C1155,2025-04-01,1603,6127.0,-73.8371144116207,Drop,15471.7,Paid
C1158,2025-02-01,606,2856.0,-78.78151260504201,Drop,5428.31,Late
C1163,2025-07-01,1043,303.0,244.2244224422442,Spike,7634.27,Paid
C1163,2025-08-01,273,1043.0,-73.8255033557047,Drop,1956.88,Paid
C1165,2025-04-01,301,123.0,144.71544715447155,Spike,2121.23,Paid
C1174,2025-10-01,518,245.0,111.42857142857143,Spike,3640.42,Unpaid
C1175,2025-06-01,97,325.0,-70.15384615384616,Drop,828.33,Unpaid
C1175,2025-07-01,304,97.0,213.4020618556701,Spike,2340.99,Unpaid
C1183,2025-06-01,534,208.0,156.73076923076923,Spike,5553.13,Paid
C1184,2025-12-01,4235,1098.0,285.70127504553733,Spike,39717.07,Paid
C1193,2025-02-01,761,3459.0,-77.99942179820758,Drop,6744.4,Late
C1205,2025-04-01,592,175.0,238.2857142857143,Spike,4045.4,Late
C1207,2025-02-01,661,263.0,151.33079847908746,Spike,4463.48,Paid
C1207,2025-04-01,871,280.0,211.07142857142858,Spike,5766.84,Paid
C1208,2025-06-01,817,240.0,240.41666666666669,Spike,5969.61,Late
C1215,2025-02-01,1406,440.0,219.54545454545453,Spike,14162.64,Paid
C1217,2025-02-01,302,1392.0,-78.30459770114942,Drop,2309.33,Paid
C1226,2025-10-01,265,147.0,80.27210884353741,Spike,1898.88,Late
C1230,2025-11-01,76,310.0,-75.48387096774194,Drop,706.68,Paid
C1230,2025-12-01,298,76.0,292.10526315789474,Spike,2152.33,Paid
C1233,2025-05-01,211,102.0,106.86274509803921,Spike,1649.8,Late
C1236,2025-07-01,2849,829.0,243.6670687575392,Spike,26821.52,Paid
C1236,2025-08-01,630,2849.0,-77.88697788697789,Drop,6308.83,Paid
C1238,2025-09-01,63,243.0,-74.07407407407408,Drop,562.74,Paid
C1238,2025-10-01,216,63.0,242.85714285714283,Spike,1698.57,Late
C1240,2025-02-01,522,179.0,191.62011173184356,Spike,3319.59,Paid
C1240,2025-03-01,153,522.0,-70.6896551724138,Drop,1122.52,Paid
C1241,2025-08-01,746,227.0,228.63436123348015,Spike,6847.38,Paid
C1242,2025-07-01,1037,3893.0,-73.36244541484717,Drop,12912.73,Paid
C1242,2025-08-01,3444,1037.0,232.1118611378978,Spike,38805.19,Paid
C1246,2025-02-01,688,196.0,251.0204081632653,Spike,5812.75,Late
C1249,2025-09-01,359,1637.0,-78.069639584606,Drop,4971.21,Paid
C1249,2025-10-01,1427,359.0,297.4930362116992,Spike,17639.83,Paid
C1250,2025-04-01,1838,608.0,202.3026315789474,Spike,17466.87,Paid
C1255,2025-06-01,975,310.0,214.51612903225805,Spike,6555.55,Late
C1258,2025-02-01,973,258.0,277.13178294573646,Spike,6938.2,Late
C1259,2025-04-01,226,115.0,96.52173913043478,Spike,1751.89,Late
C1260,2025-02-01,243,1304.0,-81.36503067484662,Drop,1632.08,Paid
C1261,2025-06-01,667,218.0,205.96330275229357,Spike,4969.68,Paid
C1262,2025-07-01,4083,1770.0,130.67796610169492,Spike,44732.28,Paid
C1266,2025-08-01,2531,527.0,380.26565464895634,Spike,22921.4,Paid
C1266,2025-09-01,513,2531.0,-79.73133148952984,Drop,4528.24,Paid
C1267,2025-04-01,801,235.0,240.85106382978725,Spike,5388.07,Paid
C1267,2025-05-01,181,801.0,-77.40324594257179,Drop,1373.32,Paid
C1268,2025-05-01,2029,533.0,280.6754221388368,Spike,17165.3,Paid
C1268,2025-06-01,553,2029.0,-72.74519467718088,Drop,5456.61,Paid
C1269,2025-10-01,395,113.0,249.5575221238938,Spike,2844.02,Late
C1280,2025-09-01,2070,724.0,185.91160220994476,Spike,17411.46,Paid
C1282,2025-09-01,787,283.0,178.09187279151942,Spike,5625.06,Paid
C1283,2025-05-01,1643,301.0,445.8471760797342,Spike,10524.56,Paid
C1283,2025-06-01,247,1643.0,-84.96652465003042,Drop,1859.45,Paid
C1285,2025-12-01,65,260.0,-75.0,Drop,595.69,Paid
C1287,2025-04-01,776,198.0,291.9191919191919,Spike,4862.72,Unpaid
C1287,2025-05-01,216,776.0,-72.16494845360825,Drop,1566.43,Unpaid
C1288,2025-08-01,819,239.0,242.67782426778243,Spike,6155.4,Paid
C1288,2025-09-01,185,819.0,-77.41147741147742,Drop,1290.61,Paid
C1290,2025-06-01,243,74.0,228.3783783783784,Spike,1955.76,Late
C1294,2025-12-01,54,191.0,-71.72774869109948,Drop,497.74,Paid
C1302,2025-05-01,1196,321.0,272.5856697819315,Spike,8185.39,Paid
C1302,2025-06-01,99,1196.0,-91.72240802675586,Drop,784.77,Late
C1302,2025-07-01,337,99.0,240.4040404040404,Spike,2618.4,Paid
C1303,2025-07-01,169,49.0,244.89795918367346,Spike,1263.97,Paid
C1311,2025-03-01,492,186.0,164.51612903225808,Spike,3507.4,Late
C1312,2025-09-01,71,265.0,-73.20754716981132,Drop,635.86,Paid
C1312,2025-10-01,230,71.0,223.943661971831,Spike,1618.16,Paid
C1314,2025-03-01,6055,1604.0,277.4937655860349,Spike,67225.89,Paid
C1314,2025-04-01,1610,6055.0,-73.41040462427746,Drop,17411.03,Paid
C1321,2025-07-01,594,176.0,237.5,Spike,4600.39,Paid
C1328,2025-05-01,271,110.0,146.36363636363637,Spike,1848.58,Late
C1337,2025-04-01,1983,915.0,116.72131147540983,Spike,16655.94,Paid
C1337,2025-11-01,836,360.0,132.22222222222223,Spike,8011.95,Paid
C1344,2025-02-01,282,1072.0,-73.69402985074626,Drop,1995.2,Paid
C1349,2025-10-01,437,133.0,228.57142857142856,Spike,2839.64,Late
C1353,2025-08-01,497,122.0,307.37704918032784,Spike,3452.52,Paid
C1355,2025-06-01,185,71.0,160.56338028169014,Spike,1344.21,Paid
C1364,2025-08-01,518,212.0,144.33962264150944,Spike,3910.4,Paid
C1367,2025-02-01,11208,2879.0,289.30184091698504,Spike,104310.83,Paid
C1367,2025-03-01,2810,11208.0,-74.92862241256245,Drop,33427.5,Paid
C1370,2025-05-01,51,200.0,-74.5,Drop,473.15,Late
C1370,2025-06-01,201,51.0,294.11764705882354,Spike,1592.44,Unpaid
C1370,2025-11-01,586,253.0,131.62055335968378,Spike,4055.55,Unpaid
C1374,2025-06-01,629,182.0,245.60439560439562,Spike,4468.3,Paid
C1383,2025-05-01,473,209.0,126.3157894736842,Spike,3603.14,Paid
C1384,2025-03-01,201,772.0,-73.96373056994818,Drop,2076.86,Paid
C1384,2025-04-01,875,201.0,335.32338308457713,Spike,8949.09,Paid
C1390,2025-11-01,471,169.0,178.698224852071,Spike,4502.21,Paid
C1392,2025-07-01,1427,375.0,280.53333333333336,Spike,9069.11,Unpaid
C1396,2025-09-01,130,526.0,-75.2851711026616,Drop,1573.95,Paid
C1396,2025-10-01,457,130.0,251.53846153846155,Spike,4438.75,Paid
C1398,2025-12-01,429,163.0,163.19018404907973,Spike,3365.92,Paid
C1406,2025-12-01,229,956.0,-76.0460251046025,Drop,2296.86,Unpaid
C1409,2025-11-01,225,913.0,-75.35596933187296,Drop,2286.01,Paid
C1409,2025-12-01,821,225.0,264.8888888888889,Spike,8432.33,Paid
C1410,2025-08-01,1264,247.0,411.7408906882591,Spike,8625.88,Paid
C1410,2025-09-01,314,1264.0,-75.15822784810126,Drop,2437.43,Paid
C1419,2025-12-01,1004,365.0,175.06849315068493,Spike,6228.7,Paid
C1420,2025-12-01,86,418.0,-79.42583732057416,Drop,996.31,Late
C1423,2025-08-01,516,188.0,174.468085106383,Spike,3784.75,Paid
C1426,2025-11-01,875,222.0,294.14414414414415,Spike,6410.46,Paid
C1426,2025-12-01,198,875.0,-77.37142857142857,Drop,1382.53,Paid
C1429,2025-07-01,1215,234.0,419.2307692307692,Spike,7722.75,Late
C1429,2025-08-01,307,1215.0,-74.73251028806584,Drop,2030.02,Paid
C1430,2025-04-01,629,129.0,387.5968992248062,Spike,4429.83,Paid
C1430,2025-05-01,120,629.0,-80.9220985691574,Drop,968.25,Late
C1444,2025-05-01,554,181.0,206.07734806629833,Spike,3586.3,Paid
C1446,2025-12-01,1431,600.0,138.5,Spike,13056.77,Late
C1453,2025-11-01,882,266.0,231.57894736842107,Spike,6476.81,Paid
C1459,2025-05-01,918,198.0,363.6363636363636,Spike,6126.77,Paid
C1459,2025-06-01,158,918.0,-82.78867102396515,Drop,1166.73,Paid
C1471,2025-05-01,961,253.0,279.84189723320156,Spike,6084.93,Paid
C1471,2025-06-01,279,961.0,-70.96774193548387,Drop,1849.67,Paid
C1472,2025-12-01,635,2259.0,-71.89021691013723,Drop,8441.0,Late
C1473,2025-10-01,781,214.0,264.95327102803736,Spike,5327.99,Paid
C1475,2025-05-01,1022,184.0,455.4347826086956,Spike,6617.42,Paid
C1475,2025-06-01,199,1022.0,-80.52837573385519,Drop,1492.24,Paid
C1475,2025-10-01,34,170.0,-80.0,Drop,382.43,Paid
C1475,2025-11-01,232,34.0,582.3529411764706,Spike,1566.23,Paid
C1480,2025-04-01,40,186.0,-78.49462365591397,Drop,426.84,Late
C1480,2025-05-01,186,40.0,365.0,Spike,1290.81,Late
C1480,2025-11-01,142,50.0,184.0,Spike,1032.87,Late
C1482,2025-07-01,1199,284.0,322.1830985915493,Spike,8862.97,Late
C1482,2025-08-01,281,1199.0,-76.56380316930776,Drop,2217.62,Late
C1489,2025-02-01,5432,1885.0,188.16976127320956,Spike,54849.8,Late
C1489,2025-10-01,8004,2391.0,234.75533249686325,Spike,76675.35,Paid
C1489,2025-11-01,2241,8004.0,-72.0014992503748,Drop,21409.3,Late
C1498,2025-02-01,980,225.0,335.55555555555554,Spike,7461.62,Paid
C1498,2025-03-01,227,980.0,-76.83673469387755,Drop,1703.46,Paid
C1507,2025-11-01,6386,1517.0,320.9624258404746,Spike,55661.25,Paid
C1507,2025-12-01,1438,6386.0,-77.4819918571876,Drop,13809.12,Late
C1508,2025-07-01,456,181.0,151.93370165745856,Spike,4254.57,Paid
C1509,2025-02-01,605,152.0,298.0263157894737,Spike,5426.94,Paid
C1511,2025-07-01,497,144.0,245.13888888888889,Spike,3694.01,Paid
C1511,2025-08-01,130,497.0,-73.8430583501006,Drop,1014.97,Late
C1521,2025-07-01,802,222.0,261.26126126126127,Spike,5789.4,Late
C1521,2025-08-01,235,802.0,-70.69825436408978,Drop,1865.82,Unpaid
C1528,2025-12-01,1168,314.0,271.97452229299364,Spike,8102.47,Late
C1529,2025-04-01,824,194.0,324.74226804123714,Spike,6209.74,Paid
C1529,2025-05-01,229,824.0,-72.20873786407766,Drop,1604.19,Late
C1534,2025-11-01,1940,468.0,314.52991452991455,Spike,14028.87,Late
C1534,2025-12-01,377,1940.0,-80.56701030927836,Drop,2799.86,Paid
C1535,2025-02-01,461,1672.0,-72.42822966507177,Drop,4553.91,Paid
C1548,2025-02-01,70,338.0,-79.28994082840237,Drop,640.64,Late
C1548,2025-03-01,315,70.0,350.0,Spike,2131.92,Unpaid
C1549,2025-04-01,1338,309.0,333.00970873786406,Spike,8603.48,Late
C1549,2025-05-01,256,1338.0,-80.86696562032884,Drop,2056.68,Paid
C1552,2025-08-01,809,259.0,212.3552123552124,Spike,7109.12,Late
C1554,2025-07-01,49,168.0,-70.83333333333334,Drop,472.66,Paid
C1554,2025-08-01,138,49.0,181.6326530612245,Spike,1172.26,Paid
C1557,2025-05-01,286,157.0,82.16560509554141,Spike,2146.97,Late
C1558,2025-02-01,44,174.0,-74.71264367816092,Drop,421.21,Paid
C1558,2025-03-01,195,44.0,343.1818181818182,Spike,1510.19,Paid
C1565,2025-05-01,733,154.0,375.974025974026,Spike,5591.08,Paid
C1565,2025-06-01,164,733.0,-77.62619372442019,Drop,1209.87,Paid
C1568,2025-12-01,224,79.0,183.54430379746836,Spike,1546.23,Late
C1572,2025-10-01,120,414.0,-71.01449275362319,Drop,1320.29,Paid
C1572,2025-11-01,421,120.0,250.83333333333334,Spike,4065.37,Paid
C1576,2025-04-01,1765,390.0,352.56410256410254,Spike,15078.63,Paid
C1576,2025-05-01,497,1765.0,-71.84135977337111,Drop,4456.26,Paid
C1584,2025-02-01,192,645.0,-70.23255813953489,Drop,1376.42,Paid
C1585,2025-04-01,56,217.0,-74.19354838709677,Drop,537.59,Paid
C1585,2025-05-01,214,56.0,282.14285714285717,Spike,1664.24,Paid
C1586,2025-03-01,867,221.0,292.30769230769226,Spike,6640.92,Paid
C1586,2025-04-01,245,867.0,-71.74163783160323,Drop,1765.64,Paid
C1586,2025-10-01,216,102.0,111.76470588235294,Spike,1730.42,Paid
C1597,2025-06-01,827,247.0,234.8178137651822,Spike,5462.87,Paid
C1597,2025-07-01,197,827.0,-76.17896009673518,Drop,1550.12,Paid
C1600,2025-10-01,1191,246.0,384.1463414634146,Spike,7390.23,Unpaid
C1600,2025-11-01,235,1191.0,-80.26868178001679,Drop,1861.66,Unpaid
C1611,2025-04-01,988,302.0,227.1523178807947,Spike,7171.53,Late
C1611,2025-05-01,257,988.0,-73.98785425101214,Drop,1919.53,Paid
C1611,2025-10-01,784,244.0,221.31147540983608,Spike,5659.53,Paid
C1611,2025-11-01,228,784.0,-70.91836734693877,Drop,1858.06,Paid
C1612,2025-02-01,3508,794.0,341.81360201511336,Spike,34937.27,Unpaid
C1612,2025-03-01,859,3508.0,-75.51311288483467,Drop,7757.87,Unpaid
C1614,2025-10-01,1192,246.0,384.5528455284553,Spike,7750.9,Paid
C1614,2025-11-01,287,1192.0,-75.92281879194631,Drop,1955.74,Paid
C1616,2025-08-01,1531,357.0,328.8515406162465,Spike,13526.81,Late
C1616,2025-09-01,458,1531.0,-70.08491182233834,Drop,4377.14,Late
C1617,2025-02-01,486,182.0,167.03296703296704,Spike,3180.48,Paid
C1617,2025-11-01,31,155.0,-80.0,Drop,369.44,Paid
C1617,2025-12-01,179,31.0,477.4193548387097,Spike,1477.73,Paid
C1618,2025-11-01,850,203.0,318.7192118226601,Spike,6186.38,Unpaid
C1618,2025-12-01,220,850.0,-74.11764705882354,Drop,1725.62,Late
C1622,2025-05-01,141,74.0,90.54054054054053,Spike,1052.51,Paid
C1626,2025-05-01,505,174.0,190.22988505747128,Spike,3771.49,Paid
C1630,2025-04-01,853,201.0,324.3781094527363,Spike,6333.16,Unpaid
C1638,2025-04-01,126,47.0,168.08510638297872,Spike,1030.81,Paid
C1639,2025-11-01,1184,279.0,324.3727598566308,Spike,8898.09,Paid
C1639,2025-12-01,239,1184.0,-79.8141891891892,Drop,1635.44,Paid
C1644,2025-05-01,736,238.0,209.2436974789916,Spike,5535.88,Paid
C1645,2025-03-01,502,149.0,236.91275167785233,Spike,3264.04,Unpaid
C1648,2025-10-01,853,254.0,235.8267716535433,Spike,6297.01,Unpaid
C1649,2025-12-01,2207,799.0,176.22027534418024,Spike,20245.94,Paid
C1651,2025-09-01,39,152.0,-74.3421052631579,Drop,440.51,Paid
C1651,2025-10-01,141,39.0,261.53846153846155,Spike,1039.02,Late
C1652,2025-04-01,691,226.0,205.75221238938056,Spike,4954.88,Late
C1652,2025-05-01,183,691.0,-73.51664254703329,Drop,1344.53,Late
C1653,2025-05-01,385,163.0,136.1963190184049,Spike,2487.17,Unpaid
C1653,2025-10-01,167,46.0,263.04347826086956,Spike,1193.53,Paid
C1655,2025-11-01,1068,324.0,229.62962962962962,Spike,6639.35,Paid
C1656,2025-03-01,983,243.0,304.5267489711934,Spike,6190.06,Paid
C1656,2025-04-01,239,983.0,-75.68667344862665,Drop,1932.84,Paid
C1660,2025-09-01,378,144.0,162.5,Spike,2846.12,Unpaid
C1661,2025-06-01,71,251.0,-71.71314741035857,Drop,616.5,Paid
C1661,2025-07-01,303,71.0,326.7605633802817,Spike,2104.27,Late
C1662,2025-05-01,361,1582.0,-77.18078381795196,Drop,5182.84,Paid
C1662,2025-06-01,1504,361.0,316.6204986149585,Spike,16117.99,Paid
C1663,2025-09-01,587,203.0,189.16256157635468,Spike,4437.98,Paid
C1666,2025-04-01,483,153.0,215.68627450980392,Spike,3203.01,Late
C1669,2025-03-01,91,349.0,-73.92550143266476,Drop,801.01,Paid
C1669,2025-04-01,313,91.0,243.95604395604397,Spike,2411.19,Paid
C1669,2025-07-01,1018,272.0,274.2647058823529,Spike,6765.44,Paid
C1673,2025-07-01,68,242.0,-71.900826446281,Drop,568.21,Paid
C1673,2025-08-01,308,68.0,352.94117647058823,Spike,2166.28,Paid
C1679,2025-02-01,2379,806.0,195.16129032258064,Spike,27717.76,Unpaid
C1683,2025-02-01,169,52.0,225.0,Spike,1191.34,Late
C1683,2025-11-01,369,140.0,163.57142857142856,Spike,2365.19,Late
C1695,2025-07-01,69,285.0,-75.78947368421053,Drop,626.19,Paid
C1695,2025-08-01,289,69.0,318.84057971014494,Spike,2263.05,Paid
C1697,2025-02-01,128,474.0,-72.9957805907173,Drop,1045.3,Paid
C1698,2025-11-01,474,216.0,119.44444444444444,Spike,3316.93,Paid
C1702,2025-03-01,44,214.0,-79.43925233644859,Drop,443.8,Paid
C1702,2025-04-01,203,44.0,361.3636363636364,Spike,1575.7,Paid
C1704,2025-03-01,447,122.0,266.39344262295083,Spike,2939.83,Paid
C1705,2025-12-01,1030,193.0,433.678756476684,Spike,6595.84,Late
C1715,2025-12-01,44,159.0,-72.32704402515722,Drop,470.3,Late
C1717,2025-04-01,2531,683.0,270.57101024890187,Spike,21251.03,Paid
C1717,2025-08-01,2683,675.0,297.4814814814815,Spike,26046.1,Paid
C1722,2025-02-01,257,910.0,-71.75824175824175,Drop,1716.62,Paid
C1730,2025-03-01,850,212.0,300.94339622641513,Spike,6152.81,Unpaid
C1730,2025-11-01,900,261.0,244.82758620689654,Spike,6020.08,Late
C1730,2025-12-01,259,900.0,-71.22222222222221,Drop,1834.89,Paid
C1731,2025-07-01,134,51.0,162.7450980392157,Spike,982.89,Late
C1739,2025-12-01,1166,318.0,266.66666666666663,Spike,7225.11,Late
C1742,2025-02-01,188,61.0,208.1967213114754,Spike,1499.63,Unpaid
C1745,2025-07-01,279,85.0,228.23529411764704,Spike,1929.06,Paid
C1749,2025-11-01,479,217.0,120.7373271889401,Spike,4658.05,Paid
C1753,2025-03-01,549,159.0,245.2830188679245,Spike,3534.56,Paid
C1753,2025-04-01,106,549.0,-80.69216757741347,Drop,930.73,Paid
C1755,2025-12-01,560,130.0,330.7692307692308,Spike,3839.52,Paid
C1757,2025-07-01,196,57.0,243.859649122807,Spike,1589.04,Paid
C1759,2025-03-01,1218,439.0,177.44874715261957,Spike,11684.83,Paid
C1762,2025-12-01,599,188.0,218.61702127659575,Spike,4228.18,Late
C1767,2025-03-01,227,829.0,-72.61761158021713,Drop,2479.86,Paid
C1767,2025-04-01,805,227.0,254.62555066079292,Spike,8197.41,Paid
C1770,2025-02-01,1949,575.0,238.95652173913044,Spike,15917.44,Late
C1773,2025-05-01,665,250.0,166.0,Spike,4804.96,Unpaid
C1785,2025-10-01,958,169.0,466.8639053254438,Spike,6838.56,Paid
C1785,2025-11-01,196,958.0,-79.54070981210856,Drop,1466.9,Paid
C1786,2025-03-01,468,131.0,257.2519083969466,Spike,4393.69,Paid
C1787,2025-02-01,873,306.0,185.29411764705884,Spike,5852.45,Late
C1787,2025-03-01,259,873.0,-70.33218785796106,Drop,1913.07,Late
C1788,2025-05-01,937,193.0,385.4922279792746,Spike,6263.46,Late
C1795,2025-05-01,497,169.0,194.0828402366864,Spike,3686.74,Unpaid
C1795,2025-06-01,42,497.0,-91.54929577464789,Drop,436.86,Late
C1795,2025-07-01,159,42.0,278.57142857142856,Spike,1208.14,Late
C1798,2025-04-01,648,242.0,167.7685950413223,Spike,4793.65,Paid
C1799,2025-02-01,667,207.0,222.22222222222223,Spike,4365.35,Late
C1800,2025-05-01,1691,470.0,259.7872340425532,Spike,15972.48,Unpaid
C1800,2025-06-01,419,1691.0,-75.22176227084564,Drop,3848.71,Late
C1801,2025-03-01,2270,600.0,278.3333333333333,Spike,20778.78,Paid
C1802,2025-06-01,155,56.0,176.78571428571428,Spike,1288.82,Paid
C1810,2025-08-01,120,64.0,87.5,Spike,876.17,Paid
C1810,2025-09-01,469,120.0,290.8333333333333,Spike,3518.26,Paid
C1812,2025-02-01,405,1374.0,-70.52401746724891,Drop,4249.79,Unpaid
C1812,2025-11-01,373,165.0,126.06060606060605,Spike,3594.86,Unpaid
C1818,2025-03-01,802,293.0,173.72013651877134,Spike,5678.91,Unpaid
C1823,2025-02-01,870,287.0,203.13588850174216,Spike,6263.22,Paid
C1824,2025-09-01,754,246.0,206.5040650406504,Spike,5258.01,Unpaid
C1824,2025-10-01,158,754.0,-79.04509283819628,Drop,1162.56,Paid
C1836,2025-08-01,633,222.0,185.13513513513513,Spike,4365.43,Unpaid
C1837,2025-02-01,684,220.0,210.90909090909088,Spike,6731.13,Paid
C1837,2025-09-01,2391,611.0,291.3256955810147,Spike,23719.99,Late
C1837,2025-10-01,508,2391.0,-78.75365955667085,Drop,4553.77,Paid
C1839,2025-10-01,362,186.0,94.6236559139785,Spike,2371.11,Paid
C1845,2025-06-01,560,125.0,348.0,Spike,3907.56,Late
C1845,2025-07-01,144,560.0,-74.28571428571429,Drop,1089.63,Paid
C1852,2025-11-01,2258,674.0,235.01483679525222,Spike,19357.42,Paid
C1852,2025-12-01,614,2258.0,-72.80779450841453,Drop,5523.12,Paid
C1858,2025-09-01,646,215.0,200.46511627906978,Spike,4493.85,Paid
C1861,2025-02-01,142,575.0,-75.30434782608695,Drop,1450.9,Unpaid
C1861,2025-04-01,420,134.0,213.43283582089555,Spike,4030.04,Late
C1865,2025-04-01,243,73.0,232.87671232876713,Spike,1838.26,Paid
C1865,2025-07-01,806,255.0,216.078431372549,Spike,5522.61,Paid
C1866,2025-03-01,855,203.0,321.18226600985224,Spike,5887.06,Paid
C1866,2025-04-01,225,855.0,-73.68421052631578,Drop,1763.29,Paid
C1869,2025-05-01,262,895.0,-70.72625698324022,Drop,2746.69,Paid
C1869,2025-06-01,775,262.0,195.80152671755727,Spike,7590.76,Paid
C1872,2025-04-01,550,121.0,354.54545454545456,Spike,4081.38,Paid
C1872,2025-05-01,128,550.0,-76.72727272727272,Drop,1048.74,Late
C1874,2025-07-01,57,244.0,-76.63934426229508,Drop,554.77,Paid
C1874,2025-08-01,309,57.0,442.1052631578948,Spike,2137.12,Paid
C1885,2025-07-01,963,289.0,233.2179930795848,Spike,8135.71,Late
C1886,2025-09-01,59,240.0,-75.41666666666667,Drop,506.03,Unpaid
C1886,2025-10-01,204,59.0,245.76271186440678,Spike,1396.09,Paid
C1887,2025-11-01,50,196.0,-74.48979591836735,Drop,461.44,Paid
C1887,2025-12-01,197,50.0,294.0,Spike,1381.86,Paid
C1896,2025-09-01,789,225.0,250.66666666666669,Spike,5047.05,Paid
C1896,2025-10-01,231,789.0,-70.72243346007605,Drop,1747.74,Paid
C1896,2025-11-01,828,231.0,258.4415584415584,Spike,5690.84,Paid
C1896,2025-12-01,203,828.0,-75.48309178743962,Drop,1549.32,Paid
C1898,2025-12-01,117,483.0,-75.77639751552795,Drop,1280.81,Paid
C1900,2025-09-01,291,165.0,76.36363636363637,Spike,2061.07,Paid
C1903,2025-04-01,74,307.0,-75.8957654723127,Drop,699.45,Late
C1903,2025-05-01,297,74.0,301.35135135135135,Spike,2321.43,Paid
C1904,2025-07-01,532,217.0,145.16129032258064,Spike,3477.93,Late
C1905,2025-11-01,629,227.0,177.09251101321587,Spike,4427.67,Unpaid
C1911,2025-06-01,1182,237.0,398.73417721518985,Spike,8988.99,Paid
C1911,2025-07-01,234,1182.0,-80.20304568527918,Drop,1644.72,Paid
C1916,2025-04-01,745,311.0,139.54983922829584,Spike,5431.51,Late
C1925,2025-07-01,446,165.0,170.3030303030303,Spike,2953.42,Unpaid
C1931,2025-02-01,1093,284.0,284.85915492957747,Spike,8246.11,Paid
C1931,2025-03-01,278,1093.0,-74.56541628545288,Drop,1988.18,Paid
C1934,2025-08-01,1289,307.0,319.8697068403909,Spike,9528.67,Unpaid
C1934,2025-09-01,318,1289.0,-75.32971295577967,Drop,2343.24,Late
C1938,2025-12-01,882,332.0,165.66265060240963,Spike,8446.29,Late
C1939,2025-04-01,237,88.0,169.3181818181818,Spike,1601.14,Late
C1940,2025-05-01,477,156.0,205.76923076923075,Spike,3034.44,Unpaid
C1940,2025-09-01,588,154.0,281.8181818181818,Spike,3968.2,Late
C1940,2025-10-01,36,588.0,-93.87755102040816,Drop,390.27,Paid
C1940,2025-11-01,208,36.0,477.77777777777777,Spike,1618.86,Unpaid
C1945,2025-08-01,444,151.0,194.03973509933775,Spike,2905.04,Paid
C1947,2025-12-01,571,240.0,137.91666666666666,Spike,3837.17,Unpaid
C1948,2025-11-01,3418,751.0,355.12649800266314,Spike,31493.98,Unpaid
C1948,2025-12-01,700,3418.0,-79.52018724400234,Drop,6813.13,Late
C1949,2025-11-01,781,331.0,135.95166163141994,Spike,6823.49,Unpaid
C1964,2025-02-01,465,105.0,342.85714285714283,Spike,3352.19,Paid
C1967,2025-05-01,2010,612.0,228.43137254901958,Spike,18157.43,Paid
C1967,2025-11-01,1679,510.0,229.21568627450978,Spike,15301.31,Paid
C1968,2025-07-01,623,216.0,188.42592592592592,Spike,3955.94,Paid
C1971,2025-04-01,296,84.0,252.38095238095238,Spike,2315.13,Paid
C1972,2025-03-01,230,912.0,-74.78070175438597,Drop,2430.18,Unpaid
C1972,2025-04-01,874,230.0,280.0,Spike,8006.39,Unpaid
C1986,2025-10-01,895,197.0,354.31472081218277,Spike,6541.33,Paid
C1986,2025-11-01,198,895.0,-77.87709497206704,Drop,1509.04,Paid
C1989,2025-07-01,652,190.0,243.1578947368421,Spike,4241.62,Late
C1991,2025-07-01,4026,873.0,361.16838487972507,Spike,40517.66,Paid
C1991,2025-08-01,834,4026.0,-79.28464977645305,Drop,8335.98,Paid
C1992,2025-02-01,226,761.0,-70.30223390275953,Drop,1521.05,Paid
C2014,2025-10-01,1019,183.0,456.83060109289613,Spike,6704.58,Unpaid
C2014,2025-11-01,249,1019.0,-75.56427870461236,Drop,1883.01,Unpaid
C2016,2025-08-01,4976,1434.0,247.00139470013949,Spike,49878.41,Paid
C2016,2025-09-01,1247,4976.0,-74.93971061093248,Drop,11816.83,Paid
C2023,2025-05-01,621,200.0,210.5,Spike,5632.41,Unpaid
C2024,2025-10-01,906,3829.0,-76.33846957430139,Drop,10857.06,Paid
C2024,2025-11-01,3042,906.0,235.76158940397352,Spike,35929.4,Paid
C2027,2025-07-01,2373,501.0,373.65269461077844,Spike,19808.48,Paid
C2027,2025-08-01,522,2373.0,-78.00252844500632,Drop,5218.97,Unpaid
C2030,2025-03-01,161,812.0,-80.17241379310344,Drop,1861.55,Paid
C2030,2025-04-01,873,161.0,442.23602484472053,Spike,7968.79,Paid
C2034,2025-02-01,732,175.0,318.2857142857143,Spike,5267.8,Unpaid
C2034,2025-03-01,197,732.0,-73.08743169398907,Drop,1556.94,Late
C2034,2025-05-01,596,202.0,195.04950495049505,Spike,4259.99,Late
C2035,2025-04-01,665,232.0,186.63793103448276,Spike,5078.4,Paid
C2035,2025-05-01,199,665.0,-70.07518796992481,Drop,1391.05,Paid
C2041,2025-05-01,142,55.0,158.1818181818182,Spike,1090.96,Late
C2049,2025-02-01,2554,577.0,342.63431542461007,Spike,21560.91,Paid
C2049,2025-03-01,628,2554.0,-75.41111981205951,Drop,5482.77,Paid
C2063,2025-10-01,182,891.0,-79.57351290684625,Drop,1843.42,Late
C2063,2025-11-01,933,182.0,412.6373626373627,Spike,9313.72,Late
C2064,2025-02-01,200,834.0,-76.01918465227818,Drop,1609.59,Late
C2064,2025-06-01,247,94.0,162.7659574468085,Spike,1874.84,Late
C2066,2025-09-01,5431,861.0,530.7781649245064,Spike,44890.8,Paid
C2066,2025-10-01,1019,5431.0,-81.23734118946787,Drop,8953.91,Late
C2069,2025-05-01,809,165.0,390.3030303030303,Spike,6169.04,Paid
C2069,2025-06-01,191,809.0,-76.39060568603215,Drop,1478.54,Paid
C2070,2025-04-01,524,158.0,231.64556962025316,Spike,3761.46,Late
C2070,2025-05-01,148,524.0,-71.7557251908397,Drop,1160.82,Late
C2072,2025-09-01,838,250.0,235.2,Spike,6153.19,Unpaid
C2072,2025-10-01,222,838.0,-73.50835322195705,Drop,1583.05,Late
C2076,2025-08-01,56,218.0,-74.31192660550458,Drop,517.52,Late
C2076,2025-09-01,247,56.0,341.07142857142856,Spike,1914.14,Paid
C2080,2025-06-01,2291,691.0,231.54848046309695,Spike,20487.71,Paid
C2080,2025-07-01,564,2291.0,-75.3819292885203,Drop,5688.71,Paid
C2080,2025-11-01,1958,434.0,351.1520737327189,Spike,19062.27,Paid
C2080,2025-12-01,527,1958.0,-73.08478038815117,Drop,5528.42,Paid
C2088,2025-03-01,460,191.0,140.83769633507853,Spike,3574.33,Late
C2091,2025-02-01,469,141.0,232.6241134751773,Spike,4336.23,Paid
C2094,2025-06-01,180,70.0,157.14285714285714,Spike,1455.24,Paid
C2094,2025-07-01,587,180.0,226.11111111111111,Spike,3923.58,Paid
C2095,2025-02-01,53,190.0,-72.10526315789474,Drop,498.15,Paid
C2095,2025-03-01,152,53.0,186.7924528301887,Spike,1071.2,Paid
C2096,2025-11-01,1084,271.0,300.0,Spike,7944.09,Late
C2096,2025-12-01,288,1084.0,-73.43173431734317,Drop,1965.18,Paid
C2097,2025-10-01,1065,313.0,240.2555910543131,Spike,6814.87,Paid
C2097,2025-11-01,301,1065.0,-71.73708920187794,Drop,2346.49,Paid
C2098,2025-12-01,961,198.0,385.35353535353534,Spike,7073.29,Paid
C2107,2025-10-01,613,226.0,171.23893805309734,Spike,4003.76,Late
C2108,2025-11-01,873,219.0,298.63013698630135,Spike,8280.99,Paid
C2124,2025-10-01,160,656.0,-75.60975609756098,Drop,1884.52,Unpaid
C2124,2025-11-01,793,160.0,395.625,Spike,6835.12,Late
C2128,2025-07-01,1047,256.0,308.984375,Spike,7711.56,Paid
C2131,2025-05-01,94,332.0,-71.6867469879518,Drop,1206.01,Paid
C2131,2025-06-01,421,94.0,347.8723404255319,Spike,3876.99,Paid
C2140,2025-09-01,644,230.0,180.0,Spike,4251.59,Late
C2142,2025-02-01,829,233.0,255.79399141630904,Spike,6126.51,Late
C2142,2025-03-01,209,829.0,-74.78890229191796,Drop,1516.46,Paid
C2144,2025-07-01,51,228.0,-77.63157894736842,Drop,470.16,Late
C2144,2025-08-01,217,51.0,325.4901960784314,Spike,1480.54,Paid
C2144,2025-10-01,572,247.0,131.57894736842107,Spike,3601.49,Unpaid
C2147,2025-12-01,1287,428.0,200.70093457943926,Spike,12537.1,Late
C2149,2025-09-01,688,346.0,98.84393063583815,Spike,7155.46,Paid
C2151,2025-06-01,3280,854.0,284.07494145199064,Spike,33080.44,Paid
C2151,2025-07-01,865,3280.0,-73.6280487804878,Drop,8248.1,Paid
C2156,2025-02-01,1248,374.0,233.6898395721925,Spike,11189.99,Paid
C2156,2025-03-01,343,1248.0,-72.51602564102564,Drop,3444.66,Late
C2157,2025-12-01,152,72.0,111.11111111111111,Spike,1220.3,Paid
C2164,2025-11-01,1151,566.0,103.35689045936395,Spike,11431.01,Paid
C2165,2025-05-01,733,163.0,349.6932515337423,Spike,5523.58,Paid
C2165,2025-06-01,148,733.0,-79.80900409276944,Drop,1052.76,Paid
C2177,2025-12-01,2867,635.0,351.496062992126,Spike,25835.59,Paid
C2179,2025-06-01,2714,847.0,220.42502951593858,Spike,27425.43,Late
C2180,2025-08-01,39,151.0,-74.17218543046357,Drop,442.39,Paid
C2180,2025-09-01,155,39.0,297.43589743589746,Spike,1152.68,Paid
C2184,2025-05-01,1450,458.0,216.59388646288212,Spike,14798.59,Paid
C2188,2025-07-01,149,81.0,83.9506172839506,Spike,1104.14,Late
C2198,2025-06-01,8641,3552.0,143.2713963963964,Spike,99838.11,Late
C2198,2025-08-01,3475,13769.0,-74.76214685162321,Drop,38465.75,Late
C2201,2025-02-01,932,3150.0,-70.41269841269842,Drop,8057.91,Paid
C2212,2025-11-01,599,212.0,182.54716981132074,Spike,4606.65,Paid
C2221,2025-11-01,5023,2652.0,89.40422322775264,Spike,49909.63,Paid
C2226,2025-07-01,742,187.0,296.79144385026734,Spike,5582.14,Paid
C2227,2025-04-01,509,135.0,277.037037037037,Spike,3687.54,Late
C2227,2025-05-01,107,509.0,-78.97838899803537,Drop,861.98,Unpaid
C2228,2025-07-01,908,289.0,214.18685121107268,Spike,5832.36,Paid
C2238,2025-02-01,1077,263.0,309.5057034220532,Spike,7860.4,Paid
C2238,2025-03-01,205,1077.0,-80.9656453110492,Drop,1547.55,Paid
C2241,2025-07-01,445,169.0,163.31360946745562,Spike,3992.89,Paid
C2244,2025-03-01,136,599.0,-77.29549248747914,Drop,1649.46,Paid
C2244,2025-04-01,642,136.0,372.05882352941177,Spike,5575.01,Paid
C2246,2025-02-01,171,760.0,-77.5,Drop,1281.04,Unpaid
C2255,2025-02-01,173,610.0,-71.63934426229508,Drop,1419.59,Late
C2256,2025-02-01,287,1178.0,-75.63667232597624,Drop,2085.18,Unpaid
C2256,2025-10-01,1069,272.0,293.0147058823529,Spike,7376.53,Paid
C2256,2025-11-01,316,1069.0,-70.43966323666979,Drop,2173.4,Paid
C2260,2025-03-01,825,271.0,204.42804428044278,Spike,5401.75,Paid
C2260,2025-04-01,201,825.0,-75.63636363636364,Drop,1635.23,Paid
C2262,2025-10-01,2418,771.0,213.61867704280155,Spike,20110.63,Paid
C2266,2025-11-01,965,286.0,237.4125874125874,Spike,6612.43,Late
C2266,2025-12-01,232,965.0,-75.95854922279793,Drop,1618.47,Paid
C2276,2025-07-01,173,72.0,140.27777777777777,Spike,1345.44,Paid
C2276,2025-11-01,214,48.0,345.83333333333337,Spike,1625.03,Late
C2279,2025-04-01,800,238.0,236.1344537815126,Spike,5703.48,Paid
C2280,2025-08-01,883,165.0,435.1515151515151,Spike,5699.25,Paid
C2280,2025-09-01,159,883.0,-81.99320498301246,Drop,1143.57,Paid
C2283,2025-02-01,1260,220.0,472.72727272727275,Spike,7924.05,Unpaid
C2283,2025-03-01,264,1260.0,-79.04761904761905,Drop,2033.82,Unpaid
C2289,2025-06-01,886,242.0,266.11570247933884,Spike,6086.15,Unpaid
C2289,2025-07-01,257,886.0,-70.99322799097065,Drop,1888.23,Late
C2289,2025-11-01,170,77.0,120.7792207792208,Spike,1239.54,Unpaid
C2291,2025-11-01,565,213.0,165.2582159624413,Spike,4224.2,Late
C2295,2025-07-01,1556,592.0,162.83783783783784,Spike,14521.69,Paid
C2297,2025-11-01,1053,266.0,295.8646616541353,Spike,7384.01,Paid
C2297,2025-12-01,270,1053.0,-74.35897435897436,Drop,2091.09,Paid
C2300,2025-09-01,177,603.0,-70.64676616915423,Drop,1980.66,Late
C2300,2025-10-01,616,177.0,248.0225988700565,Spike,5539.93,Unpaid
C2303,2025-11-01,794,201.0,295.02487562189054,Spike,5775.96,Paid
C2303,2025-12-01,212,794.0,-73.29974811083123,Drop,1692.89,Paid
C2304,2025-02-01,276,1356.0,-79.64601769911505,Drop,1875.6,Paid
C2305,2025-08-01,132,619.0,-78.67528271405493,Drop,1502.35,Paid
C2305,2025-09-01,639,132.0,384.09090909090907,Spike,6482.03,Paid
C2306,2025-02-01,4153,1115.0,272.4663677130045,Spike,39607.03,Paid
C2306,2025-03-01,934,4153.0,-77.5102335660968,Drop,8496.16,Paid
C2309,2025-12-01,270,113.0,138.93805309734512,Spike,1998.33,Unpaid
C2313,2025-11-01,1109,199.0,457.286432160804,Spike,7414.02,Paid
C2313,2025-12-01,219,1109.0,-80.25247971145177,Drop,1513.67,Paid
C2314,2025-04-01,2206,587.0,275.809199318569,Spike,19166.31,Paid
C2314,2025-05-01,603,2206.0,-72.66545784224841,Drop,5386.12,Late
C2314,2025-10-01,2118,552.0,283.69565217391306,Spike,19288.63,Paid
C2324,2025-02-01,770,253.0,204.34782608695653,Spike,5627.95,Paid
C2325,2025-03-01,10399,2429.0,328.1185673116509,Spike,118180.67,Paid
C2325,2025-04-01,2268,10399.0,-78.19021059717281,Drop,24728.04,Paid
C2327,2025-09-01,770,197.0,290.8629441624365,Spike,5853.89,Late
C2327,2025-10-01,152,770.0,-80.25974025974027,Drop,1278.84,Unpaid
C2337,2025-10-01,160,48.0,233.33333333333334,Spike,1295.78,Paid
C2338,2025-07-01,683,141.0,384.39716312056737,Spike,4744.8,Paid
C2338,2025-08-01,170,683.0,-75.10980966325037,Drop,1380.0,Paid
C2340,2025-10-01,43,146.0,-70.54794520547945,Drop,446.64,Paid
C2340,2025-11-01,131,43.0,204.6511627906977,Spike,941.73,Paid
C2354,2025-04-01,3492,707.0,393.9179632248939,Spike,29223.32,Paid
C2354,2025-05-01,679,3492.0,-80.55555555555556,Drop,6964.39,Paid
C2354,2025-11-01,706,271.0,160.51660516605168,Spike,7186.28,Paid
C2357,2025-02-01,2196,131.0,1576.3358778625955,Spike,20375.0,Paid
C2357,2025-03-01,600,2196.0,-72.6775956284153,Drop,5914.44,Late
C2358,2025-04-01,990,164.0,503.6585365853658,Spike,6502.92,Paid
C2358,2025-05-01,220,990.0,-77.77777777777779,Drop,1760.64,Paid
C2379,2025-03-01,37,186.0,-80.10752688172043,Drop,405.47,Paid
C2379,2025-04-01,162,37.0,337.83783783783787,Spike,1216.97,Unpaid
C2379,2025-08-01,701,188.0,272.8723404255319,Spike,4738.35,Paid
C2379,2025-09-01,197,701.0,-71.89728958630528,Drop,1476.5,Paid
C2380,2025-12-01,904,242.0,273.55371900826447,Spike,6193.52,Paid
C2394,2025-03-01,356,127.0,180.31496062992125,Spike,2472.44,Unpaid
C2397,2025-09-01,749,250.0,199.6,Spike,5571.47,Paid
C2397,2025-10-01,190,749.0,-74.6328437917223,Drop,1492.78,Paid
C2404,2025-08-01,3107,844.0,268.12796208530807,Spike,27762.36,Paid
C2404,2025-09-01,924,3107.0,-70.26070164145479,Drop,9508.99,Paid
C2412,2025-06-01,821,279.0,194.2652329749104,Spike,5800.6,Paid
C2415,2025-02-01,356,1534.0,-76.79269882659713,Drop,2687.28,Paid
C2416,2025-02-01,364,164.0,121.95121951219512,Spike,3338.12,Paid
C2419,2025-02-01,1035,299.0,246.15384615384616,Spike,7447.28,Paid
C2419,2025-03-01,232,1035.0,-77.58454106280193,Drop,1549.42,Unpaid
C2422,2025-10-01,632,241.0,162.24066390041494,Spike,4373.18,Late
C2425,2025-06-01,321,1550.0,-79.29032258064515,Drop,4712.06,Late
C2425,2025-07-01,1394,321.0,334.26791277258565,Spike,14669.97,Late
C2426,2025-09-01,8686,3206.0,170.92950717404867,Spike,86647.01,Late
C2436,2025-03-01,863,233.0,270.3862660944206,Spike,6555.37,Paid
C2436,2025-04-01,208,863.0,-75.89803012746235,Drop,1437.78,Paid
C2445,2025-02-01,741,2805.0,-73.58288770053476,Drop,6744.54,Late
C2448,2025-03-01,576,152.0,278.9473684210526,Spike,5821.54,Paid
C2448,2025-08-01,1264,597.0,111.7252931323283,Spike,12696.87,Paid
C2454,2025-02-01,318,90.0,253.33333333333331,Spike,2314.09,Paid
C2455,2025-02-01,861,168.0,412.5,Spike,5726.53,Late
C2455,2025-03-01,219,861.0,-74.56445993031359,Drop,1728.29,Paid
C2456,2025-02-01,1219,320.0,280.9375,Spike,12245.37,Paid
C2456,2025-03-01,320,1219.0,-73.74897456931912,Drop,3371.14,Paid
C2459,2025-11-01,760,228.0,233.33333333333334,Spike,5091.43,Unpaid
C2459,2025-12-01,193,760.0,-74.60526315789474,Drop,1333.18,Unpaid
C2468,2025-02-01,220,47.0,368.0851063829787,Spike,1517.45,Paid
C2470,2025-02-01,632,2636.0,-76.02427921092566,Drop,6334.0,Paid
C2473,2025-02-01,776,241.0,221.9917012448133,Spike,6524.09,Paid
C2475,2025-08-01,195,61.0,219.672131147541,Spike,1609.91,Paid
C2480,2025-12-01,496,144.0,244.44444444444446,Spike,3322.37,Late
C2483,2025-10-01,246,85.0,189.41176470588235,Spike,1651.18,Late
C2483,2025-11-01,809,246.0,228.86178861788616,Spike,5209.67,Paid
C2483,2025-12-01,225,809.0,-72.18788627935723,Drop,1758.39,Late
C2486,2025-04-01,568,175.0,224.57142857142856,Spike,4067.31,Paid
C2486,2025-05-01,165,568.0,-70.95070422535211,Drop,1226.58,Paid
C2502,2025-11-01,839,222.0,277.9279279279279,Spike,5406.0,Unpaid
C2502,2025-12-01,196,839.0,-76.6388557806913,Drop,1351.34,Late
C2505,2025-08-01,708,226.0,213.27433628318585,Spike,4841.34,Late
C2509,2025-04-01,36,122.0,-70.49180327868852,Drop,400.82,Paid
C2509,2025-05-01,131,36.0,263.88888888888886,Spike,1042.17,Paid
C2515,2025-11-01,315,89.0,253.93258426966293,Spike,2401.72,Paid
C2516,2025-07-01,713,187.0,281.2834224598931,Spike,5403.32,Unpaid
C2516,2025-08-01,211,713.0,-70.40673211781207,Drop,1482.08,Late
C2522,2025-08-01,2204,726.0,203.58126721763082,Spike,21009.4,Paid
C2522,2025-09-01,592,2204.0,-73.13974591651544,Drop,5979.1,Paid
C2525,2025-04-01,1149,342.0,235.96491228070175,Spike,8204.69,Paid
C2525,2025-05-01,301,1149.0,-73.80330722367276,Drop,2054.23,Paid
C2525,2025-10-01,1687,253.0,566.798418972332,Spike,11714.05,Paid
C2525,2025-11-01,268,1687.0,-84.11381149970362,Drop,1912.22,Paid
C2528,2025-08-01,366,131.0,179.38931297709922,Spike,2771.77,Paid
C2529,2025-04-01,1296,663.0,95.47511312217195,Spike,11102.86,Unpaid
C2532,2025-06-01,390,172.0,126.74418604651163,Spike,2928.99,Late
C2535,2025-05-01,1022,277.0,268.9530685920578,Spike,7596.48,Paid
C2535,2025-06-01,224,1022.0,-78.08219178082192,Drop,1680.04,Paid
C2535,2025-12-01,1127,202.0,457.9207920792079,Spike,7828.84,Paid
C2538,2025-03-01,1081,239.0,352.30125523012555,Spike,7078.8,Unpaid
C2538,2025-04-01,253,1081.0,-76.59574468085107,Drop,1756.85,Unpaid
C2543,2025-02-01,149,61.0,144.2622950819672,Spike,1182.6,Unpaid
C2543,2025-10-01,141,63.0,123.80952380952381,Spike,1156.72,Late
C2544,2025-03-01,370,167.0,121.55688622754491,Spike,2593.19,Paid
C2546,2025-03-01,922,269.0,242.75092936802974,Spike,6836.2,Paid
C2546,2025-04-01,252,922.0,-72.66811279826464,Drop,1952.87,Paid
C2546,2025-09-01,64,328.0,-80.48780487804879,Drop,567.85,Paid
C2546,2025-10-01,359,64.0,460.9375,Spike,2609.61,Paid
C2550,2025-09-01,402,148.0,171.6216216216216,Spike,2770.58,Paid
C2551,2025-09-01,8191,2802.0,192.32690935046395,Spike,90307.18,Paid
C2552,2025-07-01,950,232.0,309.48275862068965,Spike,6119.2,Unpaid
C2552,2025-08-01,262,950.0,-72.42105263157896,Drop,1817.56,Unpaid
C2555,2025-02-01,636,146.0,335.6164383561644,Spike,4833.51,Unpaid
C2555,2025-03-01,181,636.0,-71.54088050314465,Drop,1462.06,Paid
C2560,2025-04-01,6950,989.0,602.7300303336704,Spike,69020.46,Paid
C2560,2025-05-01,1125,6950.0,-83.81294964028777,Drop,11249.64,Paid
C2563,2025-12-01,2995,621.0,382.28663446054753,Spike,29343.62,Paid
C2569,2025-12-01,52,253.0,-79.44664031620553,Drop,491.9,Paid
C2574,2025-03-01,2280,550.0,314.54545454545456,Spike,20268.12,Paid
C2574,2025-04-01,534,2280.0,-76.57894736842105,Drop,5297.81,Paid
C2574,2025-06-01,2066,535.0,286.16822429906546,Spike,17913.77,Paid
C2574,2025-07-01,545,2066.0,-73.62052274927396,Drop,4775.4,Paid
C2578,2025-06-01,180,71.0,153.52112676056336,Spike,1466.0,Unpaid
C2585,2025-06-01,493,1811.0,-72.77747101049144,Drop,6505.98,Paid
C2585,2025-07-01,2055,493.0,316.83569979716026,Spike,22785.96,Late
C2588,2025-02-01,123,427.0,-71.19437939110071,Drop,957.62,Late
C2591,2025-04-01,217,78.0,178.2051282051282,Spike,1621.47,Paid
C2597,2025-02-01,115,611.0,-81.17839607201309,Drop,960.68,Paid
C2597,2025-04-01,149,56.0,166.07142857142858,Spike,1053.98,Paid
C2597,2025-07-01,338,145.0,133.10344827586206,Spike,2662.98,Paid
C2614,2025-04-01,920,296.0,210.81081081081078,Spike,5722.97,Late
C2614,2025-08-01,82,280.0,-70.71428571428572,Drop,650.16,Late
C2614,2025-09-01,272,82.0,231.7073170731707,Spike,1799.87,Unpaid
C2617,2025-05-01,5168,2517.0,105.3237981724275,Spike,58133.9,Late
C2619,2025-05-01,1749,275.0,536.0,Spike,11851.49,Paid
C2619,2025-06-01,321,1749.0,-81.6466552315609,Drop,2173.77,Paid
C2624,2025-05-01,9149,2436.0,275.57471264367814,Spike,90574.67,Paid
C2624,2025-06-01,590,9149.0,-93.55120778227129,Drop,6584.08,Paid
C2624,2025-07-01,2356,590.0,299.3220338983051,Spike,25748.96,Paid
C2627,2025-02-01,913,287.0,218.1184668989547,Spike,6179.73,Paid
C2627,2025-03-01,242,913.0,-73.49397590361446,Drop,1805.86,Paid
C2628,2025-08-01,118,58.0,103.44827586206897,Spike,916.16,Paid
C2629,2025-12-01,574,214.0,168.22429906542055,Spike,3873.12,Paid
C2636,2025-05-01,680,218.0,211.92660550458714,Spike,4963.09,Paid
C2636,2025-06-01,200,680.0,-70.58823529411765,Drop,1490.66,Paid
C2645,2025-08-01,653,223.0,192.8251121076233,Spike,5034.57,Paid
C2649,2025-06-01,2390,646.0,269.96904024767804,Spike,23705.26,Paid
C2649,2025-09-01,2925,628.0,365.7643312101911,Spike,25306.06,Unpaid
C2649,2025-10-01,582,2925.0,-80.1025641025641,Drop,5223.88,Paid
C2654,2025-02-01,258,78.0,230.76923076923075,Spike,1722.51,Paid
C2656,2025-06-01,743,266.0,179.32330827067668,Spike,7449.74,Paid
C2656,2025-08-01,881,270.0,226.2962962962963,Spike,8495.73,Paid
C2656,2025-11-01,615,261.0,135.63218390804596,Spike,5827.53,Paid
C2657,2025-06-01,813,255.0,218.82352941176472,Spike,6125.1,Paid
C2657,2025-07-01,225,813.0,-72.32472324723247,Drop,1700.18,Paid
C2662,2025-10-01,269,81.0,232.0987654320988,Spike,1866.77,Paid
C2667,2025-05-01,255,86.0,196.51162790697674,Spike,1992.86,Paid
C2669,2025-06-01,201,68.0,195.58823529411765,Spike,1615.31,Late
C2677,2025-03-01,497,133.0,273.6842105263158,Spike,3684.96,Late
C2677,2025-04-01,119,497.0,-76.05633802816901,Drop,927.23,Unpaid
C2681,2025-09-01,302,85.0,255.2941176470588,Spike,2335.4,Late
C2681,2025-12-01,1162,263.0,341.8250950570342,Spike,7230.01,Paid
C2683,2025-07-01,1109,275.0,303.27272727272725,Spike,6963.98,Paid
C2683,2025-08-01,286,1109.0,-74.21100090171325,Drop,1876.1,Paid
C2687,2025-03-01,213,1010.0,-78.91089108910892,Drop,2427.43,Late
C2687,2025-04-01,1047,213.0,391.5492957746479,Spike,8841.8,Late
C2689,2025-09-01,313,97.0,222.68041237113403,Spike,2106.97,Unpaid
C2689,2025-11-01,1416,272.0,420.5882352941177,Spike,9750.42,Late
C2689,2025-12-01,367,1416.0,-74.0819209039548,Drop,2901.41,Late
C2691,2025-11-01,438,131.0,234.35114503816794,Spike,2953.6,Late
C2691,2025-12-01,120,438.0,-72.6027397260274,Drop,886.06,Paid
C2692,2025-09-01,549,206.0,166.50485436893203,Spike,3994.49,Paid
C2694,2025-08-01,805,164.0,390.8536585365854,Spike,5418.06,Paid
C2694,2025-09-01,209,805.0,-74.03726708074534,Drop,1608.96,Paid
C2695,2025-10-01,1344,452.0,197.34513274336283,Spike,9889.85,Paid
C2698,2025-11-01,933,223.0,318.3856502242152,Spike,7137.08,Paid
C2698,2025-12-01,254,933.0,-72.77599142550912,Drop,1840.81,Paid
C2700,2025-04-01,55,223.0,-75.33632286995515,Drop,529.31,Paid
C2700,2025-05-01,292,55.0,430.90909090909093,Spike,1966.04,Paid
C2702,2025-07-01,572,189.0,202.64550264550266,Spike,4200.62,Paid
C2702,2025-10-01,176,78.0,125.64102564102564,Spike,1372.11,Paid
C2709,2025-10-01,59,286.0,-79.37062937062937,Drop,566.42,Paid
C2709,2025-11-01,342,59.0,479.6610169491525,Spike,2463.24,Paid
C2711,2025-05-01,1042,230.0,353.04347826086956,Spike,7937.49,Paid
C2711,2025-06-01,300,1042.0,-71.20921305182341,Drop,2202.03,Paid
C2726,2025-05-01,702,222.0,216.21621621621622,Spike,5280.57,Paid
C2726,2025-06-01,208,702.0,-70.37037037037037,Drop,1491.69,Paid
C2727,2025-07-01,1144,230.0,397.3913043478261,Spike,7466.25,Paid
C2727,2025-08-01,262,1144.0,-77.0979020979021,Drop,2052.26,Paid
C2730,2025-04-01,42,151.0,-72.18543046357617,Drop,429.5,Paid
C2730,2025-05-01,142,42.0,238.0952380952381,Spike,1012.01,Paid
C2730,2025-11-01,46,187.0,-75.40106951871658,Drop,446.82,Paid
C2730,2025-12-01,193,46.0,319.5652173913044,Spike,1534.5,Paid
C2738,2025-04-01,50,217.0,-76.95852534562212,Drop,451.09,Unpaid
C2738,2025-05-01,206,50.0,312.0,Spike,1681.16,Unpaid
C2739,2025-02-01,190,696.0,-72.70114942528735,Drop,1574.57,Paid
C2740,2025-10-01,603,119.0,406.7226890756302,Spike,3851.56,Paid
C2740,2025-11-01,132,603.0,-78.1094527363184,Drop,955.85,Late
C2751,2025-02-01,45,212.0,-78.77358490566037,Drop,480.44,Paid
C2751,2025-03-01,190,45.0,322.22222222222223,Spike,1474.91,Paid
C2754,2025-05-01,498,159.0,213.20754716981133,Spike,3568.93,Paid
C2763,2025-11-01,447,114.0,292.10526315789474,Spike,3378.23,Paid
C2765,2025-10-01,798,338.0,136.09467455621302,Spike,5538.21,Unpaid
C2777,2025-02-01,213,774.0,-72.48062015503875,Drop,1609.62,Paid
C2779,2025-07-01,689,248.0,177.8225806451613,Spike,5311.76,Paid
C2787,2025-06-01,540,192.0,181.25,Spike,3598.95,Paid
C2787,2025-07-01,158,540.0,-70.74074074074073,Drop,1209.97,Paid
C2788,2025-10-01,671,227.0,195.59471365638768,Spike,4565.96,Paid
C2789,2025-04-01,34,131.0,-74.04580152671755,Drop,356.36,Paid
C2789,2025-05-01,155,34.0,355.88235294117646,Spike,1154.3,Late
C2795,2025-12-01,53,316.0,-83.22784810126582,Drop,517.34,Unpaid
C2796,2025-12-01,56,232.0,-75.86206896551724,Drop,511.69,Paid
C2799,2025-05-01,785,357.0,119.88795518207283,Spike,5764.39,Paid
C2806,2025-07-01,457,174.0,162.64367816091954,Spike,4439.56,Paid
C2808,2025-04-01,740,236.0,213.55932203389833,Spike,5012.3,Paid
C2808,2025-05-01,220,740.0,-70.27027027027027,Drop,1513.94,Paid
C2811,2025-09-01,854,207.0,312.56038647342996,Spike,6036.94,Paid
C2817,2025-09-01,876,222.0,294.5945945945946,Spike,5721.29,Paid
C2817,2025-10-01,182,876.0,-79.22374429223744,Drop,1481.74,Paid
C2818,2025-04-01,3200,782.0,309.20716112531966,Spike,25925.96,Late
C2818,2025-05-01,819,3200.0,-74.40625,Drop,8430.78,Paid
C2825,2025-04-01,392,119.0,229.41176470588235,Spike,2679.22,Paid
C2826,2025-11-01,583,267.0,118.35205992509363,Spike,4003.78,Unpaid
C2831,2025-02-01,2605,12695.0,-79.48011027963766,Drop,26994.34,Paid
C2832,2025-07-01,43,261.0,-83.5249042145594,Drop,441.15,Late
C2832,2025-08-01,211,43.0,390.6976744186046,Spike,1425.36,Late
C2834,2025-09-01,137,532.0,-74.24812030075188,Drop,1598.56,Late
C2834,2025-10-01,515,137.0,275.9124087591241,Spike,4774.41,Late
C2837,2025-07-01,644,178.0,261.7977528089888,Spike,4540.52,Paid
C2840,2025-04-01,975,198.0,392.42424242424244,Spike,6215.61,Paid
C2840,2025-05-01,224,975.0,-77.02564102564102,Drop,1633.13,Late
C2847,2025-05-01,57,199.0,-71.35678391959799,Drop,506.66,Paid
C2847,2025-06-01,194,57.0,240.35087719298244,Spike,1391.93,Paid
C2848,2025-05-01,852,188.0,353.1914893617021,Spike,5880.28,Late
C2848,2025-06-01,186,852.0,-78.16901408450704,Drop,1293.85,Paid
C2848,2025-11-01,182,89.0,104.49438202247192,Spike,1369.14,Unpaid
C2853,2025-02-01,740,204.0,262.7450980392157,Spike,6931.56,Unpaid
C2860,2025-05-01,1120,357.0,213.72549019607843,Spike,9777.88,Late
C2866,2025-02-01,666,329.0,102.43161094224924,Spike,6205.01,Late
C2868,2025-05-01,253,87.0,190.80459770114942,Spike,1783.48,Paid
C2870,2025-11-01,2972,870.0,241.60919540229884,Spike,28094.54,Paid
C2875,2025-07-01,643,249.0,158.23293172690762,Spike,6386.96,Paid
C2877,2025-06-01,613,232.0,164.22413793103448,Spike,4443.57,Paid
C2885,2025-05-01,1006,282.0,256.73758865248226,Spike,7021.31,Paid
C2885,2025-06-01,230,1006.0,-77.13717693836978,Drop,1792.6,Paid
C2886,2025-07-01,673,173.0,289.01734104046244,Spike,4963.85,Paid
C2886,2025-08-01,118,673.0,-82.46656760772659,Drop,993.73,Paid
C2891,2025-06-01,684,257.0,166.147859922179,Spike,4699.38,Late
C2892,2025-10-01,333,143.0,132.86713286713288,Spike,2516.49,Paid
C2902,2025-04-01,309,102.0,202.94117647058823,Spike,2462.53,Late
C2905,2025-02-01,1868,348.0,436.7816091954023,Spike,17868.61,Late
C2905,2025-03-01,374,1868.0,-79.97858672376874,Drop,3857.4,Paid
C2905,2025-08-01,362,146.0,147.94520547945206,Spike,3718.91,Paid
C2906,2025-07-01,472,128.0,268.75,Spike,3100.84,Paid
C2906,2025-08-01,115,472.0,-75.63559322033898,Drop,841.63,Unpaid
C2914,2025-12-01,1269,244.0,420.08196721311475,Spike,9645.78,Unpaid
C2918,2025-05-01,948,313.0,202.87539936102235,Spike,6532.72,Paid
C2920,2025-06-01,735,225.0,226.66666666666666,Spike,5605.8,Paid
C2920,2025-07-01,208,735.0,-71.70068027210884,Drop,1605.83,Unpaid
C2924,2025-06-01,75,357.0,-78.99159663865547,Drop,669.27,Paid
C2924,2025-07-01,303,75.0,304.0,Spike,2199.49,Paid
C2929,2025-02-01,175,601.0,-70.88186356073211,Drop,1348.63,Paid
C2933,2025-12-01,536,137.0,291.2408759124088,Spike,3625.37,Paid
C2940,2025-04-01,36,142.0,-74.64788732394366,Drop,406.48,Late
C2940,2025-05-01,170,36.0,372.22222222222223,Spike,1363.27,Late
C2942,2025-02-01,715,315.0,126.98412698412697,Spike,5351.4,Unpaid
C2942,2025-08-01,284,92.0,208.69565217391303,Spike,2265.46,Paid
C2943,2025-09-01,882,342.0,157.89473684210526,Spike,7754.74,Paid
C2945,2025-11-01,1055,407.0,159.21375921375923,Spike,8803.02,Late
C2947,2025-06-01,781,175.0,346.28571428571433,Spike,5567.18,Paid
C2947,2025-07-01,208,781.0,-73.36747759282972,Drop,1668.73,Paid
C2952,2025-08-01,1102,286.0,285.31468531468533,Spike,7761.09,Paid
C2952,2025-09-01,255,1102.0,-76.86025408348456,Drop,1943.49,Paid
C2958,2025-12-01,762,258.0,195.3488372093023,Spike,5373.17,Paid
C2959,2025-05-01,1012,297.0,240.74074074074073,Spike,6921.3,Late
C2959,2025-06-01,223,1012.0,-77.96442687747036,Drop,1680.79,Late
C2960,2025-07-01,774,224.0,245.53571428571428,Spike,6878.44,Late
C2964,2025-04-01,184,67.0,174.62686567164178,Spike,1363.38,Paid
C2967,2025-07-01,455,146.0,211.64383561643834,Spike,3509.27,Paid
C2971,2025-05-01,71,296.0,-76.01351351351352,Drop,653.58,Unpaid
C2971,2025-06-01,255,71.0,259.1549295774648,Spike,2000.34,Unpaid
C2971,2025-09-01,1311,315.0,316.1904761904762,Spike,9796.3,Unpaid
C2971,2025-10-01,376,1311.0,-71.31960335621663,Drop,2782.16,Unpaid
C2972,2025-09-01,412,147.0,180.2721088435374,Spike,4136.96,Paid
C2983,2025-02-01,129,521.0,-75.23992322456814,Drop,1017.44,Late
C2983,2025-09-01,153,67.0,128.3582089552239,Spike,1118.03,Paid
C2999,2025-11-01,359,130.0,176.15384615384616,Spike,2563.2,Paid
C3001,2025-09-01,852,230.0,270.4347826086956,Spike,6108.2,Paid
C3002,2025-06-01,45,154.0,-70.77922077922078,Drop,457.92,Late
C3002,2025-07-01,191,45.0,324.44444444444446,Spike,1420.57,Unpaid
C3003,2025-11-01,86,394.0,-78.1725888324873,Drop,1013.2,Late
C3003,2025-12-01,432,86.0,402.3255813953488,Spike,4128.69,Late
C3008,2025-09-01,4086,785.0,420.5095541401274,Spike,35899.13,Paid
C3008,2025-10-01,939,4086.0,-77.01908957415566,Drop,8291.88,Unpaid
C3011,2025-03-01,835,204.0,309.3137254901961,Spike,5649.59,Paid
C3011,2025-04-01,232,835.0,-72.21556886227545,Drop,1634.1,Paid
C3022,2025-10-01,529,201.0,163.18407960199005,Spike,3939.35,Paid
C3023,2025-11-01,2382,678.0,251.32743362831857,Spike,21674.08,Paid
C3023,2025-12-01,680,2382.0,-71.45256087321579,Drop,6099.61,Paid
C3027,2025-02-01,1715,474.0,261.8143459915612,Spike,16243.33,Late
C3027,2025-03-01,432,1715.0,-74.81049562682216,Drop,4207.41,Late
C3029,2025-02-01,241,822.0,-70.68126520681265,Drop,1664.11,Paid
C3033,2025-07-01,631,173.0,264.7398843930636,Spike,4251.54,Late
C3033,2025-08-01,185,631.0,-70.68145800316957,Drop,1464.21,Late
C3035,2025-12-01,791,200.0,295.5,Spike,6065.97,Paid
C3037,2025-11-01,53,209.0,-74.64114832535886,Drop,485.47,Paid
C3037,2025-12-01,254,53.0,379.2452830188679,Spike,1852.37,Paid
C3040,2025-09-01,900,319.0,182.13166144200628,Spike,5769.82,Paid
C3041,2025-09-01,2547,577.0,341.42114384748703,Spike,24919.74,Paid
C3043,2025-05-01,1071,320.0,234.68749999999997,Spike,6595.25,Paid
C3043,2025-06-01,232,1071.0,-78.33800186741364,Drop,1603.22,Paid
C3043,2025-09-01,638,335.0,90.44776119402985,Spike,4514.39,Paid
C3047,2025-09-01,468,182.0,157.14285714285714,Spike,3134.48,Paid
C3048,2025-10-01,247,950.0,-74.0,Drop,2650.02,Late
C3048,2025-11-01,3694,247.0,1395.5465587044534,Spike,30014.88,Unpaid
C3048,2025-12-01,793,3694.0,-78.53275582024905,Drop,7696.68,Late
C3051,2025-02-01,508,152.0,234.21052631578948,Spike,3482.54,Late
C3051,2025-03-01,130,508.0,-74.40944881889764,Drop,1058.73,Late
C3051,2025-06-01,428,144.0,197.22222222222223,Spike,2912.63,Late
C3053,2025-10-01,549,199.0,175.87939698492463,Spike,4000.1,Unpaid
C3054,2025-12-01,1606,388.0,313.91752577319585,Spike,13222.56,Paid
C3060,2025-07-01,896,254.0,252.75590551181102,Spike,6021.47,Paid
C3060,2025-08-01,217,896.0,-75.78125,Drop,1547.56,Paid
C3061,2025-12-01,439,125.0,251.2,Spike,3157.45,Unpaid
C3064,2025-02-01,255,114.0,123.6842105263158,Spike,1859.4,Paid
C3073,2025-04-01,186,57.0,226.3157894736842,Spike,1375.52,Paid
C3075,2025-11-01,1578,446.0,253.81165919282515,Spike,15572.35,Unpaid
C3075,2025-12-01,390,1578.0,-75.2851711026616,Drop,3800.59,Unpaid
C3076,2025-07-01,2585,785.0,229.29936305732483,Spike,21819.85,Late
C3076,2025-08-01,704,2585.0,-72.76595744680851,Drop,7207.0,Late
C3078,2025-04-01,631,171.0,269.0058479532164,Spike,4009.77,Paid
C3081,2025-08-01,1022,328.0,211.58536585365852,Spike,7137.5,Late
C3081,2025-09-01,263,1022.0,-74.26614481409001,Drop,1762.04,Late
C3083,2025-07-01,477,124.0,284.6774193548387,Spike,3431.89,Paid
C3083,2025-08-01,44,477.0,-90.77568134171908,Drop,438.67,Paid
C3083,2025-09-01,125,44.0,184.0909090909091,Spike,990.88,Paid
C3085,2025-12-01,801,236.0,239.40677966101697,Spike,5527.41,Unpaid
C3088,2025-10-01,567,193.0,193.78238341968913,Spike,3840.77,Late
C3088,2025-11-01,154,567.0,-72.8395061728395,Drop,1282.33,Late
C3089,2025-02-01,472,189.0,149.73544973544975,Spike,4637.92,Unpaid
C3099,2025-02-01,422,1550.0,-72.7741935483871,Drop,4291.41,Unpaid
C3100,2025-03-01,384,134.0,186.56716417910448,Spike,2679.82,Paid
C3105,2025-05-01,1008,419.0,140.5727923627685,Spike,9146.44,Paid
C3107,2025-06-01,417,205.0,103.41463414634147,Spike,3935.52,Unpaid
C3110,2025-12-01,6888,1885.0,265.41114058355436,Spike,67885.66,Paid
C3116,2025-02-01,603,174.0,246.55172413793105,Spike,4227.48,Late
C3116,2025-03-01,174,603.0,-71.14427860696517,Drop,1383.37,Unpaid
C3116,2025-08-01,141,81.0,74.07407407407408,Spike,1109.56,Late
C3124,2025-02-01,184,725.0,-74.62068965517241,Drop,1417.14,Paid
C3128,2025-11-01,349,114.0,206.140350877193,Spike,2583.31,Paid
C3130,2025-09-01,968,244.0,296.72131147540983,Spike,7061.96,Paid
C3136,2025-02-01,401,111.0,261.26126126126127,Spike,3544.4,Paid
C3139,2025-02-01,581,248.0,134.2741935483871,Spike,4171.47,Late
C3144,2025-06-01,1190,294.0,304.76190476190476,Spike,8125.84,Paid
C3144,2025-07-01,276,1190.0,-76.80672268907564,Drop,2025.19,Late
C3144,2025-08-01,984,276.0,256.52173913043475,Spike,6356.2,Paid
C3150,2025-12-01,3069,726.0,322.7272727272727,Spike,30727.98,Paid
C3158,2025-06-01,1016,308.0,229.87012987012986,Spike,6413.63,Paid
C3158,2025-07-01,237,1016.0,-76.6732283464567,Drop,1869.64,Paid
C3159,2025-06-01,155,55.0,181.8181818181818,Spike,1159.59,Unpaid
C3160,2025-05-01,2822,877.0,221.77879133409348,Spike,25197.6,Late
C3163,2025-02-01,269,1264.0,-78.71835443037975,Drop,1983.3,Late
C3166,2025-04-01,11533,3137.0,267.6442460949952,Spike,128124.64,Late
C3166,2025-05-01,2792,11533.0,-75.79120783837683,Drop,26742.2,Paid
C3171,2025-10-01,892,266.0,235.33834586466168,Spike,6359.17,Paid
C3174,2025-06-01,207,923.0,-77.57313109425785,Drop,2146.96,Paid
C3174,2025-07-01,840,207.0,305.7971014492753,Spike,8070.93,Paid
C3178,2025-03-01,1038,250.0,315.2,Spike,6636.2,Paid
C3178,2025-04-01,288,1038.0,-72.25433526011561,Drop,2170.74,Paid
C3179,2025-08-01,845,142.0,495.0704225352113,Spike,5343.02,Paid
C3179,2025-09-01,206,845.0,-75.62130177514793,Drop,1494.75,Paid
C3180,2025-08-01,1813,325.0,457.8461538461538,Spike,13435.85,Paid
C3180,2025-09-01,342,1813.0,-81.13623827909542,Drop,2388.8,Late
C3180,2025-11-01,311,106.0,193.39622641509433,Spike,2048.83,Paid
C3184,2025-09-01,42,150.0,-72.0,Drop,438.12,Paid
C3184,2025-10-01,138,42.0,228.57142857142856,Spike,1167.27,Paid
C3185,2025-02-01,137,557.0,-75.40394973070018,Drop,1121.67,Paid
C3191,2025-03-01,260,116.0,124.13793103448276,Spike,2006.75,Paid
C3193,2025-11-01,550,180.0,205.55555555555554,Spike,3612.55,Paid
C3193,2025-12-01,128,550.0,-76.72727272727272,Drop,976.18,Paid
C3194,2025-08-01,530,150.0,253.33333333333331,Spike,4043.29,Paid
C3197,2025-03-01,652,278.0,134.53237410071944,Spike,4246.7,Unpaid
C3201,2025-12-01,6673,1724.0,287.06496519721577,Spike,75333.72,Late
C3205,2025-07-01,2344,561.0,317.825311942959,Spike,20783.85,Unpaid
C3205,2025-08-01,544,2344.0,-76.79180887372013,Drop,4958.84,Late
C3208,2025-03-01,1712,604.0,183.44370860927154,Spike,14338.7,Paid
C3213,2025-02-01,286,993.0,-71.19838872104734,Drop,2203.41,Paid
C3215,2025-11-01,1748,553.0,216.09403254972875,Spike,16897.03,Paid
C3216,2025-06-01,354,144.0,145.83333333333331,Spike,2760.5,Paid
C3216,2025-09-01,596,139.0,328.7769784172662,Spike,4382.41,Unpaid
C3216,2025-10-01,138,596.0,-76.84563758389261,Drop,1096.06,Unpaid
C3222,2025-07-01,361,73.0,394.52054794520546,Spike,2572.39,Paid
C3228,2025-03-01,676,190.0,255.78947368421052,Spike,4440.71,Paid
C3228,2025-04-01,186,676.0,-72.48520710059172,Drop,1525.79,Paid
C3229,2025-05-01,1109,303.0,266.006600660066,Spike,8137.96,Late
C3229,2025-06-01,319,1109.0,-71.23534715960325,Drop,2481.52,Paid
C3234,2025-09-01,495,151.0,227.81456953642385,Spike,4903.83,Unpaid
C3235,2025-04-01,684,163.0,319.6319018404908,Spike,4942.12,Paid
C3235,2025-05-01,196,684.0,-71.34502923976608,Drop,1479.5,Paid
C3243,2025-02-01,358,203.0,76.35467980295566,Spike,2366.85,Unpaid
C3247,2025-05-01,842,183.0,360.1092896174863,Spike,6067.16,Paid
C3251,2025-08-01,1233,297.0,315.1515151515151,Spike,7904.37,Paid
C3251,2025-09-01,251,1233.0,-79.64314679643147,Drop,1714.94,Paid
C3254,2025-11-01,548,222.0,146.84684684684686,Spike,5190.29,Paid
C3257,2025-12-01,691,211.0,227.48815165876778,Spike,4521.52,Paid
C3260,2025-02-01,155,599.0,-74.12353923205343,Drop,1290.91,Paid
C3264,2025-02-01,49,268.0,-81.71641791044776,Drop,467.92,Paid
C3264,2025-03-01,248,49.0,406.12244897959187,Spike,1942.72,Paid
C3267,2025-11-01,1082,275.0,293.45454545454544,Spike,7205.22,Paid
C3267,2025-12-01,273,1082.0,-74.76894639556377,Drop,2189.74,Paid
C3268,2025-06-01,2191,666.0,228.978978978979,Spike,18086.68,Paid
C3268,2025-07-01,642,2191.0,-70.69831127339114,Drop,5799.29,Paid
C3269,2025-12-01,453,109.0,315.5963302752294,Spike,3138.56,Paid
C3270,2025-05-01,790,262.0,201.52671755725189,Spike,5078.14,Paid
C3270,2025-06-01,212,790.0,-73.16455696202532,Drop,1677.34,Paid
C3272,2025-07-01,338,142.0,138.0281690140845,Spike,2279.91,Unpaid
C3274,2025-02-01,356,126.0,182.53968253968253,Spike,2409.5,Unpaid
C3284,2025-05-01,40,149.0,-73.15436241610739,Drop,426.93,Paid
C3284,2025-06-01,154,40.0,285.0,Spike,1156.77,Paid
C3287,2025-08-01,397,1524.0,-73.9501312335958,Drop,5424.45,Paid
C3287,2025-09-01,1895,397.0,377.3299748110831,Spike,19294.61,Paid
C3290,2025-04-01,38,211.0,-81.99052132701422,Drop,396.88,Late
C3290,2025-05-01,184,38.0,384.2105263157895,Spike,1273.12,Late
C3299,2025-10-01,1234,286.0,331.46853146853147,Spike,8490.87,Paid
C3299,2025-11-01,302,1234.0,-75.52674230145867,Drop,2108.82,Paid
C3302,2025-08-01,780,141.0,453.19148936170217,Spike,5297.32,Late
C3302,2025-09-01,163,780.0,-79.1025641025641,Drop,1340.7,Paid
C3302,2025-10-01,887,163.0,444.1717791411043,Spike,6350.84,Paid
C3302,2025-11-01,150,887.0,-83.0890642615558,Drop,1251.94,Paid
C3305,2025-07-01,1766,390.0,352.8205128205128,Spike,16952.78,Paid
C3305,2025-08-01,383,1766.0,-78.31257078142696,Drop,3538.08,Paid
C3306,2025-04-01,420,207.0,102.89855072463767,Spike,2831.44,Paid
C3320,2025-05-01,822,230.0,257.39130434782606,Spike,5471.92,Paid
C3320,2025-06-01,230,822.0,-72.01946472019465,Drop,1556.2,Paid
C3320,2025-12-01,282,100.0,182.0,Spike,2263.54,Paid
C3327,2025-06-01,1414,331.0,327.190332326284,Spike,12944.2,Paid
C3328,2025-07-01,967,323.0,199.38080495356036,Spike,6619.09,Late
C3328,2025-08-01,234,967.0,-75.80144777662875,Drop,1710.79,Late
C3334,2025-08-01,61,204.0,-70.09803921568627,Drop,575.52,Paid
C3334,2025-09-01,211,61.0,245.9016393442623,Spike,1690.07,Paid
C3335,2025-06-01,188,71.0,164.7887323943662,Spike,1545.32,Late
C3337,2025-09-01,525,133.0,294.7368421052631,Spike,3417.86,Paid
C3337,2025-10-01,148,525.0,-71.80952380952381,Drop,1224.93,Paid
C3340,2025-06-01,261,88.0,196.5909090909091,Spike,2106.55,Unpaid
C3340,2025-12-01,1036,304.0,240.78947368421052,Spike,7654.69,Unpaid
C3341,2025-04-01,927,291.0,218.55670103092783,Spike,8482.91,Late
C3341,2025-10-01,582,237.0,145.56962025316454,Spike,5722.56,Late
C3351,2025-02-01,691,195.0,254.35897435897434,Spike,4565.14,Paid
C3351,2025-03-01,176,691.0,-74.52966714905934,Drop,1456.02,Paid
C3371,2025-08-01,1176,269.0,337.1747211895911,Spike,8020.33,Late
C3371,2025-09-01,255,1176.0,-78.31632653061224,Drop,1725.09,Unpaid
C3371,2025-10-01,866,255.0,239.6078431372549,Spike,6048.59,Late
C3377,2025-10-01,931,244.0,281.55737704918033,Spike,6056.9,Late
C3385,2025-09-01,479,136.0,252.20588235294116,Spike,3491.62,Paid
C3386,2025-05-01,889,328.0,171.03658536585365,Spike,6705.15,Late
C3386,2025-06-01,266,889.0,-70.07874015748031,Drop,1832.93,Late
C3393,2025-12-01,53,196.0,-72.95918367346938,Drop,470.06,Paid
C3396,2025-11-01,758,152.0,398.6842105263158,Spike,5731.61,Paid
C3396,2025-12-01,179,758.0,-76.38522427440633,Drop,1465.44,Paid
C3397,2025-11-01,383,186.0,105.91397849462365,Spike,2893.23,Paid
C3401,2025-04-01,280,110.0,154.54545454545453,Spike,1840.69,Paid
C3405,2025-04-01,785,193.0,306.73575129533674,Spike,5051.74,Unpaid
C3405,2025-05-01,208,785.0,-73.50318471337579,Drop,1659.26,Unpaid
C3415,2025-12-01,1124,340.0,230.58823529411762,Spike,7700.37,Paid
C3421,2025-05-01,569,145.0,292.41379310344826,Spike,3728.03,Paid
C3421,2025-06-01,122,569.0,-78.55887521968366,Drop,1024.67,Paid
C3424,2025-05-01,711,263.0,170.3422053231939,Spike,5437.61,Paid
C3435,2025-05-01,6878,1632.0,321.44607843137254,Spike,74626.83,Unpaid
C3435,2025-07-01,1827,6373.0,-71.33218264553585,Drop,17736.92,Paid
C3436,2025-08-01,489,173.0,182.65895953757226,Spike,3260.65,Paid
C3436,2025-09-01,127,489.0,-74.02862985685071,Drop,1032.62,Paid
C3440,2025-02-01,121,457.0,-73.52297592997812,Drop,1023.14,Paid
C3442,2025-04-01,673,184.0,265.7608695652174,Spike,4329.73,Unpaid
C3442,2025-06-01,1140,225.0,406.66666666666663,Spike,7020.45,Unpaid
C3442,2025-07-01,205,1140.0,-82.01754385964912,Drop,1580.48,Unpaid
C3444,2025-03-01,156,632.0,-75.31645569620254,Drop,1852.74,Paid
C3444,2025-05-01,510,194.0,162.88659793814432,Spike,4738.6,Paid
C3448,2025-08-01,817,374.0,118.44919786096257,Spike,5546.74,Paid
C3450,2025-07-01,57,195.0,-70.76923076923077,Drop,492.4,Late
C3450,2025-08-01,156,57.0,173.6842105263158,Spike,1233.78,Unpaid
C3451,2025-09-01,999,182.0,448.9010989010989,Spike,6683.74,Paid
C3451,2025-10-01,233,999.0,-76.67667667667668,Drop,1739.29,Paid
C3458,2025-08-01,586,209.0,180.38277511961724,Spike,4246.05,Paid
C3459,2025-02-01,280,1301.0,-78.47809377401998,Drop,1860.26,Paid
C3471,2025-06-01,683,241.0,183.40248962655602,Spike,5201.62,Paid
C3472,2025-02-01,4232,16022.0,-73.586318811634,Drop,39884.11,Paid
C3472,2025-08-01,10330,3131.0,229.9265410412009,Spike,117694.7,Paid
C3478,2025-09-01,1993,609.0,227.25779967159275,Spike,16850.2,Unpaid
C3483,2025-02-01,4073,1525.0,167.08196721311475,Spike,39306.42,Paid
C3483,2025-03-01,1070,4073.0,-73.72943776086423,Drop,10817.3,Unpaid
C3483,2025-05-01,1657,972.0,70.47325102880659,Spike,13802.84,Late
C3487,2025-05-01,1725,439.0,292.9384965831435,Spike,11437.13,Paid
C3487,2025-06-01,346,1725.0,-79.94202898550725,Drop,2522.59,Paid
C3487,2025-09-01,92,383.0,-75.97911227154047,Drop,819.56,Paid
C3487,2025-10-01,388,92.0,321.7391304347826,Spike,2664.64,Late
C3489,2025-02-01,472,140.0,237.14285714285714,Spike,3534.71,Unpaid
C3489,2025-06-01,381,137.0,178.1021897810219,Spike,2986.61,Late
C3491,2025-07-01,32,136.0,-76.47058823529412,Drop,371.98,Paid
C3491,2025-08-01,151,32.0,371.875,Spike,1208.57,Paid
C3493,2025-02-01,2594,573.0,352.70506108202443,Spike,22074.97,Paid
C3493,2025-03-01,765,2594.0,-70.508866615266,Drop,6466.14,Late
C3493,2025-07-01,2784,684.0,307.01754385964915,Spike,27277.74,Paid
C3493,2025-08-01,693,2784.0,-75.10775862068965,Drop,6290.14,Paid
C3512,2025-12-01,1838,545.0,237.24770642201833,Spike,16364.47,Paid
C3517,2025-06-01,514,182.0,182.41758241758242,Spike,3951.75,Late
C3520,2025-12-01,245,882.0,-72.22222222222221,Drop,2596.35,Paid
C3523,2025-05-01,77,324.0,-76.23456790123457,Drop,683.71,Paid
C3523,2025-06-01,274,77.0,255.84415584415586,Spike,2107.47,Paid
C3523,2025-09-01,1134,287.0,295.1219512195122,Spike,7264.09,Paid
C3523,2025-10-01,263,1134.0,-76.80776014109347,Drop,1743.51,Paid
C3526,2025-05-01,57,258.0,-77.90697674418605,Drop,512.58,Paid
C3526,2025-06-01,235,57.0,312.280701754386,Spike,1791.79,Paid
C3527,2025-04-01,721,265.0,172.0754716981132,Spike,5031.06,Paid
C3530,2025-08-01,11039,3618.0,205.11332227750137,Spike,125876.39,Paid
C3530,2025-09-01,3300,11039.0,-70.1059878612193,Drop,34609.04,Paid
C3531,2025-07-01,253,97.0,160.82474226804123,Spike,1953.65,Late
C3533,2025-10-01,691,236.0,192.79661016949152,Spike,5164.72,Paid
C3540,2025-07-01,565,207.0,172.94685990338164,Spike,5764.94,Late
C3547,2025-06-01,799,246.0,224.7967479674797,Spike,5209.93,Paid
C3547,2025-07-01,217,799.0,-72.84105131414267,Drop,1763.21,Late
C3548,2025-04-01,76,279.0,-72.75985663082437,Drop,642.37,Paid
C3548,2025-05-01,269,76.0,253.9473684210526,Spike,2034.74,Late
C3557,2025-11-01,233,81.0,187.6543209876543,Spike,1881.88,Paid
C3561,2025-08-01,3313,822.0,303.0413625304136,Spike,32883.54,Late
C3561,2025-09-01,737,3313.0,-77.75430123754904,Drop,6601.6,Late
C3562,2025-04-01,1362,557.0,144.524236983842,Spike,12236.35,Unpaid
C3569,2025-03-01,2652,776.0,241.7525773195876,Spike,24224.57,Paid
C3573,2025-05-01,86,323.0,-73.37461300309597,Drop,675.61,Paid
C3573,2025-06-01,280,86.0,225.58139534883722,Spike,1865.46,Late
C3574,2025-11-01,1194,268.0,345.5223880597015,Spike,8415.23,Paid
C3574,2025-12-01,343,1194.0,-71.27303182579564,Drop,2686.03,Unpaid
C3579,2025-09-01,633,223.0,183.85650224215246,Spike,4224.3,Paid
C3580,2025-08-01,602,143.0,320.97902097902096,Spike,4184.29,Unpaid
C3580,2025-09-01,154,602.0,-74.4186046511628,Drop,1220.63,Late
C3581,2025-09-01,438,201.0,117.91044776119404,Spike,3156.83,Paid
C3584,2025-02-01,928,234.0,296.5811965811966,Spike,6852.78,Paid
C3584,2025-03-01,257,928.0,-72.30603448275862,Drop,1740.96,Paid
C3584,2025-07-01,1096,267.0,310.48689138576776,Spike,7594.68,Paid
C3584,2025-08-01,256,1096.0,-76.64233576642336,Drop,1967.15,Paid
C3589,2025-10-01,179,103.0,73.7864077669903,Spike,1339.24,Late
C3593,2025-07-01,577,189.0,205.2910052910053,Spike,4097.77,Late
C3598,2025-02-01,238,1145.0,-79.21397379912663,Drop,1874.17,Paid
C3605,2025-07-01,337,82.0,310.9756097560976,Spike,2189.13,Paid
C3615,2025-02-01,333,1207.0,-72.4109362054681,Drop,2221.23,Paid
C3616,2025-09-01,314,107.0,193.45794392523365,Spike,2472.45,Late
C3620,2025-11-01,335,109.0,207.3394495412844,Spike,2517.19,Paid
C3622,2025-03-01,2196,589.0,272.8353140916808,Spike,18011.69,Paid
C3630,2025-11-01,58,309.0,-81.22977346278317,Drop,536.62,Paid
C3630,2025-12-01,278,58.0,379.3103448275862,Spike,2158.62,Paid
C3634,2025-06-01,721,216.0,233.79629629629628,Spike,5004.54,Paid
C3634,2025-07-01,202,721.0,-71.98335644937586,Drop,1638.7,Paid
C3634,2025-09-01,256,111.0,130.63063063063063,Spike,1760.62,Paid
C3637,2025-10-01,11642,2672.0,335.7035928143713,Spike,131840.18,Paid
C3637,2025-11-01,2971,11642.0,-74.48032984023364,Drop,34731.0,Late
C3638,2025-12-01,3040,631.0,381.77496038034866,Spike,29374.53,Late
C3644,2025-08-01,956,320.0,198.75,Spike,6673.27,Paid
C3647,2025-08-01,10229,2432.0,320.6003289473684,Spike,115527.74,Paid
C3647,2025-09-01,2563,10229.0,-74.94378727148305,Drop,25844.68,Paid
C3647,2025-10-01,8262,2563.0,222.3566133437378,Spike,80983.67,Unpaid
C3647,2025-12-01,3408,12640.0,-73.0379746835443,Drop,39815.71,Paid
C3650,2025-11-01,719,198.0,263.13131313131316,Spike,4792.75,Paid
C3650,2025-12-01,178,719.0,-75.24339360222531,Drop,1267.87,Paid
C3651,2025-06-01,807,260.0,210.3846153846154,Spike,5437.14,Paid
C3654,2025-06-01,804,175.0,359.42857142857144,Spike,5076.78,Late
C3654,2025-07-01,178,804.0,-77.86069651741293,Drop,1401.23,Unpaid
C3656,2025-05-01,824,237.0,247.6793248945148,Spike,5235.23,Late
C3656,2025-06-01,213,824.0,-74.1504854368932,Drop,1465.54,Late
C3658,2025-11-01,2702,860.0,214.18604651162792,Spike,24951.01,Paid
C3658,2025-12-01,795,2702.0,-70.57735011102886,Drop,7091.6,Paid
C3670,2025-09-01,973,235.0,314.04255319148933,Spike,7391.99,Unpaid
C3670,2025-10-01,236,973.0,-75.74511819116135,Drop,1770.24,Late
C3670,2025-12-01,1149,261.0,340.2298850574712,Spike,7482.6,Late
C3671,2025-09-01,42,162.0,-74.07407407407408,Drop,408.81,Paid
C3671,2025-10-01,122,42.0,190.47619047619045,Spike,1011.36,Paid
C3675,2025-02-01,706,2574.0,-72.57187257187258,Drop,6521.44,Late
C3676,2025-09-01,576,228.0,152.63157894736844,Spike,4146.3,Late
C3682,2025-02-01,2716,567.0,379.01234567901236,Spike,24294.62,Paid
C3682,2025-03-01,567,2716.0,-79.12371134020619,Drop,4934.42,Paid
C3691,2025-07-01,775,170.0,355.88235294117646,Spike,5782.22,Late
C3691,2025-08-01,142,775.0,-81.6774193548387,Drop,1128.7,Paid
C3696,2025-03-01,551,172.0,220.3488372093023,Spike,4275.36,Late
C3701,2025-04-01,532,127.0,318.8976377952756,Spike,3948.8,Unpaid
C3701,2025-05-01,146,532.0,-72.55639097744361,Drop,1099.56,Paid
C3705,2025-09-01,2109,653.0,222.97090352220522,Spike,21058.37,Paid
C3705,2025-10-01,582,2109.0,-72.40398293029871,Drop,5805.64,Paid
C3706,2025-03-01,512,187.0,173.79679144385028,Spike,5137.19,Unpaid
C3707,2025-04-01,1092,301.0,262.7906976744186,Spike,7977.58,Unpaid
C3707,2025-05-01,278,1092.0,-74.54212454212454,Drop,2199.31,Late
C3715,2025-12-01,338,110.0,207.27272727272728,Spike,2404.52,Late
C3716,2025-08-01,307,132.0,132.57575757575756,Spike,2187.8,Unpaid
C3719,2025-02-01,3092,712.0,334.2696629213483,Spike,27719.01,Late
C3719,2025-03-01,825,3092.0,-73.31824062095731,Drop,7851.73,Paid
C3721,2025-11-01,2246,646.0,247.6780185758514,Spike,19504.65,Paid
C3721,2025-12-01,577,2246.0,-74.30988423864649,Drop,5730.81,Paid
C3729,2025-04-01,747,220.0,239.54545454545456,Spike,5197.27,Paid
C3742,2025-04-01,205,72.0,184.72222222222223,Spike,1476.36,Paid
C3742,2025-11-01,814,201.0,304.97512437810946,Spike,6093.8,Paid
C3742,2025-12-01,188,814.0,-76.90417690417691,Drop,1302.93,Paid
C3746,2025-09-01,2184,505.0,332.47524752475243,Spike,20452.76,Paid
C3746,2025-10-01,145,2184.0,-93.36080586080587,Drop,1574.72,Paid
C3746,2025-11-01,460,145.0,217.24137931034483,Spike,4627.03,Paid
C3746,2025-12-01,1495,460.0,225.0,Spike,14938.18,Paid
C3751,2025-07-01,543,171.0,217.54385964912282,Spike,3592.99,Late
C3754,2025-12-01,71,332.0,-78.6144578313253,Drop,594.36,Paid
C3755,2025-06-01,1871,485.0,285.77319587628864,Spike,17178.72,Paid
C3755,2025-07-01,389,1871.0,-79.20897915553181,Drop,3764.22,Paid
C3758,2025-08-01,3581,703.0,409.38833570412515,Spike,31213.0,Late
C3758,2025-09-01,781,3581.0,-78.19044959508517,Drop,6692.51,Late
C3761,2025-07-01,157,52.0,201.9230769230769,Spike,1302.89,Paid
C3764,2025-04-01,201,74.0,171.6216216216216,Spike,1478.26,Paid
C3767,2025-04-01,382,208.0,83.65384615384616,Spike,2811.08,Paid
C3771,2025-11-01,729,167.0,336.52694610778445,Spike,4824.48,Unpaid
C3771,2025-12-01,155,729.0,-78.73799725651578,Drop,1186.57,Late
C3776,2025-03-01,1228,262.0,368.7022900763359,Spike,8740.0,Paid
C3776,2025-04-01,309,1228.0,-74.8371335504886,Drop,2061.16,Paid
C3782,2025-09-01,2367,573.0,313.0890052356021,Spike,23821.27,Paid
C3785,2025-05-01,2009,661.0,203.93343419062026,Spike,18016.91,Paid
C3785,2025-06-01,543,2009.0,-72.97162767546043,Drop,5417.24,Paid
C3785,2025-08-01,791,219.0,261.18721461187215,Spike,7773.82,Late
C3785,2025-10-01,595,256.0,132.421875,Spike,5945.43,Paid
C3786,2025-12-01,139,53.0,162.26415094339623,Spike,994.77,Late
C3787,2025-08-01,9181,2840.0,223.27464788732394,Spike,95109.72,Paid
C3788,2025-04-01,785,198.0,296.4646464646465,Spike,5588.27,Unpaid
C3788,2025-05-01,205,785.0,-73.88535031847134,Drop,1479.99,Paid
C3788,2025-09-01,489,187.0,161.49732620320856,Spike,3145.69,Late
C3789,2025-05-01,9994,2711.0,268.6462559940981,Spike,91952.46,Late
C3789,2025-06-01,2229,9994.0,-77.69661797078247,Drop,21623.99,Late
C3792,2025-08-01,10469,2174.0,381.5547378104876,Spike,115935.5,Unpaid
C3792,2025-09-01,2031,10469.0,-80.59986627185023,Drop,24116.44,Unpaid
C3794,2025-10-01,291,79.0,268.3544303797469,Spike,2007.36,Paid
C3795,2025-03-01,686,314.0,118.47133757961782,Spike,4582.83,Unpaid
C3799,2025-05-01,679,2570.0,-73.57976653696498,Drop,8422.27,Paid
C3799,2025-06-01,2540,679.0,274.07952871870395,Spike,27867.54,Late
C3808,2025-05-01,875,346.0,152.89017341040463,Spike,5658.35,Paid
C3814,2025-02-01,159,626.0,-74.60063897763578,Drop,1190.53,Paid
C3815,2025-02-01,875,225.0,288.88888888888886,Spike,6312.4,Late
C3815,2025-03-01,251,875.0,-71.31428571428572,Drop,1776.27,Paid
C3818,2025-06-01,36,217.0,-83.41013824884793,Drop,416.79,Paid
C3818,2025-07-01,188,36.0,422.22222222222223,Spike,1484.82,Paid
C3818,2025-09-01,201,69.0,191.30434782608697,Spike,1653.25,Paid
C3826,2025-12-01,2266,648.0,249.69135802469137,Spike,21119.33,Paid
C3830,2025-03-01,586,166.0,253.0120481927711,Spike,4347.03,Paid
C3830,2025-04-01,123,586.0,-79.01023890784982,Drop,1029.47,Paid
C3831,2025-06-01,316,141.0,124.11347517730495,Spike,2438.21,Paid
C3832,2025-12-01,210,94.0,123.40425531914893,Spike,1682.91,Unpaid
C3833,2025-11-01,774,132.0,486.3636363636363,Spike,4904.34,Unpaid
C3833,2025-12-01,181,774.0,-76.61498708010336,Drop,1297.23,Unpaid
C3839,2025-06-01,1920,446.0,330.4932735426009,Spike,16518.89,Late
C3839,2025-07-01,499,1920.0,-74.01041666666667,Drop,4558.0,Paid
C3839,2025-08-01,1689,499.0,238.4769539078156,Spike,16833.35,Paid
C3839,2025-09-01,445,1689.0,-73.65304914150384,Drop,4604.18,Paid
C3839,2025-12-01,1890,347.0,444.6685878962536,Spike,18475.62,Paid
C3848,2025-07-01,874,239.0,265.69037656903765,Spike,5822.76,Unpaid
C3853,2025-10-01,1228,313.0,292.33226837060704,Spike,7529.31,Paid
C3853,2025-11-01,337,1228.0,-72.55700325732899,Drop,2505.03,Paid
C3858,2025-02-01,702,271.0,159.04059040590406,Spike,5374.25,Late
C3861,2025-05-01,1554,538.0,188.84758364312268,Spike,14957.78,Paid
C3861,2025-06-01,447,1554.0,-71.23552123552123,Drop,4697.86,Paid
C3863,2025-03-01,526,2318.0,-77.30802415875755,Drop,6827.83,Late
C3863,2025-04-01,2414,526.0,358.93536121673003,Spike,28496.25,Paid
C3864,2025-12-01,731,233.0,213.73390557939916,Spike,4689.7,Paid
C3865,2025-11-01,1479,359.0,311.97771587743733,Spike,10477.52,Paid
C3865,2025-12-01,329,1479.0,-77.7552400270453,Drop,2477.15,Paid
C3867,2025-05-01,51,297.0,-82.82828282828282,Drop,470.33,Paid
C3867,2025-06-01,292,51.0,472.54901960784315,Spike,2303.28,Paid
C3872,2025-02-01,939,3384.0,-72.25177304964538,Drop,7820.22,Late
C3875,2025-02-01,434,1491.0,-70.89201877934272,Drop,4450.21,Paid
C3875,2025-08-01,1528,326.0,368.7116564417178,Spike,15468.44,Paid
C3880,2025-06-01,51,226.0,-77.43362831858407,Drop,465.14,Paid
C3880,2025-07-01,214,51.0,319.6078431372549,Spike,1574.73,Paid
C3883,2025-08-01,192,100.0,92.0,Spike,1395.22,Paid
C3889,2025-02-01,413,143.0,188.8111888111888,Spike,3609.9,Unpaid
C3890,2025-05-01,1254,429.0,192.30769230769232,Spike,10641.08,Paid
C3891,2025-07-01,49,266.0,-81.57894736842105,Drop,460.99,Paid
C3891,2025-08-01,230,49.0,369.3877551020408,Spike,1768.72,Paid
C3892,2025-10-01,1171,345.0,239.42028985507244,Spike,8468.28,Paid
C3892,2025-11-01,340,1171.0,-70.96498719043552,Drop,2232.33,Paid
C3894,2025-12-01,315,123.0,156.09756097560975,Spike,2348.48,Paid
C3901,2025-11-01,728,318.0,128.9308176100629,Spike,4810.59,Paid
C3912,2025-05-01,271,102.0,165.68627450980392,Spike,1852.08,Late
C3912,2025-11-01,1092,345.0,216.52173913043478,Spike,6712.21,Paid
C3912,2025-12-01,327,1092.0,-70.05494505494505,Drop,2228.54,Unpaid
C3916,2025-09-01,636,236.0,169.4915254237288,Spike,4531.51,Paid
C3918,2025-03-01,2396,688.0,248.25581395348837,Spike,20443.82,Paid
C3919,2025-12-01,776,230.0,237.3913043478261,Spike,4869.51,Late
C3920,2025-08-01,53,265.0,-80.0,Drop,499.08,Unpaid
C3920,2025-09-01,216,53.0,307.54716981132077,Spike,1747.19,Late
C3925,2025-02-01,1443,302.0,377.81456953642385,Spike,9228.78,Paid
C3925,2025-03-01,300,1443.0,-79.20997920997921,Drop,2199.13,Paid
C3933,2025-02-01,238,1227.0,-80.60309698451508,Drop,1678.68,Unpaid
C3940,2025-06-01,693,230.0,201.30434782608697,Spike,5113.41,Paid
C3942,2025-12-01,654,223.0,193.27354260089686,Spike,4459.47,Paid
C3945,2025-06-01,168,856.0,-80.37383177570094,Drop,1867.28,Paid
C3945,2025-07-01,771,168.0,358.92857142857144,Spike,6944.14,Paid
C3947,2025-06-01,572,193.0,196.37305699481865,Spike,3989.78,Late
C3947,2025-07-01,170,572.0,-70.27972027972028,Drop,1285.99,Paid
C3955,2025-03-01,546,255.0,114.11764705882352,Spike,5040.48,Unpaid
C3959,2025-06-01,1654,435.0,280.2298850574713,Spike,10983.38,Late
C3959,2025-07-01,377,1654.0,-77.20677146311971,Drop,2427.28,Late
C3962,2025-02-01,1144,248.0,361.2903225806451,Spike,7918.9,Paid
C3962,2025-03-01,266,1144.0,-76.74825174825175,Drop,1815.98,Paid
C3966,2025-05-01,3751,746.0,402.8150134048257,Spike,37698.58,Paid
C3966,2025-06-01,657,3751.0,-82.48467075446547,Drop,6527.47,Late
C3969,2025-05-01,2280,636.0,258.49056603773585,Spike,22275.08,Paid
C3969,2025-06-01,676,2280.0,-70.35087719298245,Drop,6413.26,Unpaid
C3970,2025-10-01,932,237.0,293.2489451476793,Spike,6676.61,Unpaid
C3970,2025-11-01,249,932.0,-73.28326180257511,Drop,1966.39,Unpaid
C3972,2025-07-01,1409,288.0,389.23611111111114,Spike,9164.14,Late
C3972,2025-08-01,309,1409.0,-78.06955287437899,Drop,2246.46,Late
C3975,2025-05-01,347,111.0,212.61261261261262,Spike,2335.0,Unpaid
C3977,2025-08-01,573,180.0,218.33333333333331,Spike,5322.2,Unpaid
C3978,2025-11-01,553,157.0,252.22929936305732,Spike,3937.87,Paid
C3980,2025-02-01,2738,10708.0,-74.43033246171086,Drop,28606.57,Late
C3980,2025-05-01,10774,3355.0,221.13263785394932,Spike,121394.73,Late
C3980,2025-06-01,3226,10774.0,-70.05754594393912,Drop,39242.24,Late
C3986,2025-09-01,5982,1939.0,208.50954100051572,Spike,58435.56,Paid
C3987,2025-02-01,1082,230.0,370.4347826086956,Spike,7277.62,Paid
C3987,2025-03-01,235,1082.0,-78.28096118299446,Drop,1686.47,Paid
C3987,2025-11-01,861,282.0,205.31914893617022,Spike,5696.3,Paid
C3991,2025-09-01,136,57.0,138.5964912280702,Spike,983.44,Paid
C3997,2025-06-01,750,274.0,173.72262773722628,Spike,5756.28,Paid
C4001,2025-04-01,786,186.0,322.5806451612903,Spike,5203.34,Late
C4001,2025-05-01,228,786.0,-70.99236641221374,Drop,1737.55,Unpaid
C4004,2025-07-01,460,172.0,167.4418604651163,Spike,3009.32,Paid
C4004,2025-08-01,130,460.0,-71.73913043478261,Drop,1095.76,Paid
C4012,2025-06-01,715,267.0,167.79026217228466,Spike,4706.64,Paid
C4018,2025-02-01,170,841.0,-79.7859690844233,Drop,1236.98,Paid
C4018,2025-10-01,741,193.0,283.9378238341969,Spike,5609.04,Paid
C4018,2025-11-01,175,741.0,-76.38326585695006,Drop,1416.47,Paid
C4025,2025-06-01,869,259.0,235.52123552123555,Spike,6578.08,Paid
C4025,2025-07-01,249,869.0,-71.3463751438435,Drop,1887.06,Paid
C4034,2025-07-01,819,224.0,265.625,Spike,5457.98,Paid
C4034,2025-08-01,194,819.0,-76.31257631257631,Drop,1448.03,Paid
C4036,2025-04-01,1243,276.0,350.3623188405797,Spike,8598.06,Late
C4036,2025-05-01,304,1243.0,-75.54304102976668,Drop,2315.62,Unpaid
C4045,2025-03-01,3051,939.0,224.92012779552715,Spike,28109.75,Paid
C4045,2025-04-01,783,3051.0,-74.33628318584071,Drop,8027.42,Late
C4047,2025-12-01,28,116.0,-75.86206896551724,Drop,358.57,Paid
C4049,2025-02-01,253,1355.0,-81.32841328413284,Drop,2042.79,Paid
C4049,2025-03-01,1129,253.0,346.24505928853756,Spike,7818.42,Unpaid
C4049,2025-04-01,277,1129.0,-75.46501328609388,Drop,1894.97,Paid
C4057,2025-06-01,1079,265.0,307.1698113207547,Spike,6913.71,Unpaid
C4057,2025-07-01,217,1079.0,-79.8887859128823,Drop,1579.15,Unpaid
C4064,2025-04-01,1268,289.0,338.7543252595156,Spike,8342.31,Paid
C4064,2025-05-01,344,1268.0,-72.87066246056783,Drop,2482.16,Paid
C4070,2025-06-01,998,228.0,337.719298245614,Spike,6609.93,Unpaid
C4070,2025-07-01,194,998.0,-80.56112224448898,Drop,1577.38,Late
C4071,2025-04-01,2721,543.0,401.1049723756906,Spike,27374.77,Paid
C4071,2025-05-01,482,2721.0,-82.2859242925395,Drop,4420.3,Paid
C4071,2025-06-01,1915,482.0,297.3029045643154,Spike,16037.99,Late
C4075,2025-02-01,260,62.0,319.3548387096774,Spike,1722.9,Paid
C4083,2025-07-01,547,180.0,203.88888888888889,Spike,4063.13,Late
C4090,2025-11-01,836,308.0,171.42857142857142,Spike,5345.08,Paid
C4092,2025-06-01,7086,1876.0,277.7185501066098,Spike,65741.27,Paid
C4095,2025-08-01,280,114.0,145.61403508771932,Spike,2082.21,Late
C4096,2025-06-01,1243,331.0,275.5287009063444,Spike,9261.58,Paid
C4096,2025-07-01,256,1243.0,-79.40466613032984,Drop,1693.32,Paid
C4097,2025-08-01,9624,2786.0,245.44149318018665,Spike,109279.93,Late
C4097,2025-09-01,2320,9624.0,-75.89359933499584,Drop,27503.42,Unpaid
C4100,2025-09-01,162,63.0,157.14285714285714,Spike,1170.27,Paid
C4103,2025-05-01,1767,434.0,307.14285714285717,Spike,17901.31,Paid
C4103,2025-06-01,386,1767.0,-78.15506508205999,Drop,4114.57,Unpaid
C4105,2025-06-01,731,289.0,152.94117647058823,Spike,5225.16,Late
C4112,2025-02-01,257,907.0,-71.66482910694597,Drop,1717.32,Paid
C4114,2025-03-01,949,301.0,215.28239202657807,Spike,6373.92,Unpaid
C4117,2025-07-01,3762,612.0,514.7058823529412,Spike,32900.99,Late
C4117,2025-08-01,748,3762.0,-80.11695906432749,Drop,7248.13,Unpaid
C4118,2025-05-01,249,113.0,120.35398230088497,Spike,1749.64,Unpaid
C4118,2025-06-01,1159,249.0,365.4618473895583,Spike,7944.49,Paid
C4118,2025-07-01,234,1159.0,-79.81018119068162,Drop,1684.16,Paid
C4118,2025-10-01,867,214.0,305.14018691588785,Spike,5371.75,Late
C4121,2025-10-01,794,177.0,348.58757062146896,Spike,5736.01,Late
C4123,2025-05-01,989,272.0,263.6029411764706,Spike,6633.07,Paid
C4123,2025-06-01,271,989.0,-72.59858442871587,Drop,1832.46,Paid
C4124,2025-03-01,1046,324.0,222.83950617283952,Spike,7728.06,Paid
C4124,2025-04-01,313,1046.0,-70.07648183556405,Drop,2323.34,Paid
C4126,2025-07-01,613,162.0,278.39506172839504,Spike,4063.41,Paid
C4126,2025-08-01,142,613.0,-76.83523654159869,Drop,1135.57,Paid
C4131,2025-04-01,2703,551.0,390.56261343012704,Spike,26188.8,Paid
C4131,2025-05-01,767,2703.0,-71.62412134665188,Drop,7553.16,Paid
C4133,2025-07-01,1849,628.0,194.4267515923567,Spike,16121.82,Unpaid
C4140,2025-07-01,600,285.0,110.5263157894737,Spike,4339.76,Unpaid
C4143,2025-02-01,1184,343.0,245.18950437317787,Spike,7866.53,Paid
C4143,2025-03-01,269,1184.0,-77.2804054054054,Drop,2054.55,Paid
C4143,2025-06-01,969,282.0,243.61702127659575,Spike,7350.34,Paid
C4143,2025-07-01,286,969.0,-70.48503611971104,Drop,1977.51,Late
C4149,2025-08-01,1119,388.0,188.4020618556701,Spike,10627.51,Paid
C4152,2025-09-01,77,276.0,-72.10144927536231,Drop,688.85,Paid
C4152,2025-10-01,292,77.0,279.2207792207792,Spike,2311.36,Paid
C4157,2025-03-01,1487,527.0,182.16318785578747,Spike,14704.51,Paid
C4157,2025-11-01,1594,539.0,195.73283858998144,Spike,13185.76,Paid
C4170,2025-05-01,813,246.0,230.48780487804876,Spike,6096.46,Unpaid
C4170,2025-06-01,190,813.0,-76.62976629766297,Drop,1448.96,Late
C4171,2025-05-01,904,329.0,174.77203647416414,Spike,6692.14,Paid
C4176,2025-07-01,207,117.0,76.92307692307693,Spike,1456.69,Late
C4179,2025-11-01,1811,570.0,217.71929824561403,Spike,14846.12,Late
C4179,2025-12-01,468,1811.0,-74.15792379900607,Drop,4397.49,Late
C4181,2025-04-01,421,155.0,171.61290322580643,Spike,3252.38,Late
C4188,2025-02-01,896,152.0,489.4736842105263,Spike,6138.02,Paid
C4188,2025-03-01,137,896.0,-84.70982142857143,Drop,1090.88,Paid
C4188,2025-06-01,51,208.0,-75.48076923076923,Drop,461.06,Paid
C4188,2025-07-01,169,51.0,231.37254901960787,Spike,1364.48,Paid
C4190,2025-05-01,3644,649.0,461.47919876733437,Spike,31260.97,Late
C4190,2025-06-01,757,3644.0,-79.22612513721185,Drop,6812.23,Late
C4198,2025-08-01,1772,643.0,175.58320373250388,Spike,16922.39,Paid
C4205,2025-02-01,112,397.0,-71.78841309823679,Drop,989.08,Paid
C4206,2025-02-01,894,320.0,179.375,Spike,8937.57,Paid
C4206,2025-03-01,3295,894.0,268.56823266219243,Spike,28148.5,Paid
C4206,2025-04-01,915,3295.0,-72.23065250379362,Drop,7662.64,Paid
C4209,2025-08-01,288,80.0,260.0,Spike,2309.17,Late
C4210,2025-05-01,820,217.0,277.88018433179724,Spike,5615.13,Paid
C4210,2025-06-01,217,820.0,-73.53658536585365,Drop,1713.93,Paid
C4216,2025-11-01,676,242.0,179.3388429752066,Spike,5130.25,Late
C4222,2025-02-01,831,282.0,194.6808510638298,Spike,6166.96,Paid
C4224,2025-07-01,68,316.0,-78.48101265822784,Drop,615.86,Paid
C4224,2025-08-01,398,68.0,485.2941176470588,Spike,3076.02,Late
C4225,2025-10-01,1241,311.0,299.0353697749196,Spike,9114.93,Paid
C4225,2025-11-01,283,1241.0,-77.19580983078163,Drop,2049.36,Paid
C4227,2025-11-01,606,205.0,195.60975609756096,Spike,4113.94,Paid
C4228,2025-04-01,1257,89.0,1312.3595505617977,Spike,9146.29,Paid
C4228,2025-05-01,244,1257.0,-80.58870326173428,Drop,1693.74,Paid
C4232,2025-02-01,275,1308.0,-78.97553516819572,Drop,2093.92,Paid
C4233,2025-02-01,1361,434.0,213.59447004608296,Spike,9640.67,Paid
C4233,2025-10-01,139,464.0,-70.04310344827587,Drop,1091.33,Paid
C4233,2025-11-01,454,139.0,226.61870503597123,Spike,3368.2,Paid
C4241,2025-11-01,1214,348.0,248.85057471264366,Spike,8804.12,Paid
C4241,2025-12-01,334,1214.0,-72.48764415156508,Drop,2268.84,Paid
C4242,2025-04-01,662,160.0,313.75,Spike,4738.71,Paid
C4242,2025-05-01,180,662.0,-72.80966767371602,Drop,1358.88,Paid
C4242,2025-08-01,462,166.0,178.3132530120482,Spike,3006.88,Paid
C4242,2025-12-01,138,47.0,193.61702127659575,Spike,1022.31,Paid
C4244,2025-08-01,260,115.0,126.08695652173914,Spike,1773.93,Late
C4252,2025-08-01,453,163.0,177.91411042944785,Spike,3093.08,Paid
C4257,2025-07-01,819,243.0,237.037037037037,Spike,5307.85,Paid
C4257,2025-08-01,239,819.0,-70.81807081807082,Drop,1680.47,Paid
C4260,2025-12-01,236,1031.0,-77.10960232783705,Drop,2378.94,Unpaid
C4264,2025-04-01,1053,239.0,340.58577405857744,Spike,7698.65,Paid
C4267,2025-02-01,180,70.0,157.14285714285714,Spike,1466.22,Paid
C4268,2025-05-01,579,123.0,370.7317073170732,Spike,4327.42,Paid
C4268,2025-06-01,111,579.0,-80.82901554404145,Drop,976.71,Paid
C4269,2025-03-01,369,148.0,149.32432432432432,Spike,2775.09,Paid
C4269,2025-06-01,298,129.0,131.0077519379845,Spike,2332.31,Paid
C4297,2025-06-01,816,182.0,348.35164835164835,Spike,5650.18,Late
C4297,2025-07-01,243,816.0,-70.22058823529412,Drop,1855.8,Late
C4299,2025-11-01,620,162.0,282.71604938271605,Spike,4183.91,Late
C4299,2025-12-01,169,620.0,-72.74193548387096,Drop,1222.56,Late
C4300,2025-09-01,2674,788.0,239.34010152284264,Spike,26232.78,Late
C4306,2025-12-01,767,134.0,472.3880597014926,Spike,4976.98,Paid
C4309,2025-11-01,760,258.0,194.5736434108527,Spike,5154.52,Paid
C4319,2025-05-01,87,495.0,-82.42424242424242,Drop,1056.77,Late
C4319,2025-06-01,378,87.0,334.48275862068965,Spike,3568.16,Late
C4326,2025-03-01,2024,510.0,296.8627450980392,Spike,20114.03,Paid
C4328,2025-05-01,577,151.0,282.11920529801324,Spike,3932.52,Paid
C4328,2025-06-01,129,577.0,-77.64298093587522,Drop,1041.09,Late
C4333,2025-09-01,454,171.0,165.4970760233918,Spike,3472.47,Late
C4333,2025-10-01,133,454.0,-70.70484581497797,Drop,1058.78,Paid
C4336,2025-12-01,139,719.0,-80.66759388038943,Drop,1565.98,Paid
C4338,2025-06-01,2436,891.0,173.4006734006734,Spike,22563.28,Paid
C4338,2025-07-01,625,2436.0,-74.3431855500821,Drop,5751.88,Paid
C4339,2025-03-01,238,113.0,110.61946902654867,Spike,1797.64,Paid
C4342,2025-08-01,231,104.0,122.11538461538463,Spike,1814.08,Paid
C4346,2025-12-01,1424,299.0,376.25418060200667,Spike,14115.22,Late
C4350,2025-12-01,463,186.0,148.9247311827957,Spike,3550.89,Paid
C4351,2025-02-01,593,165.0,259.3939393939394,Spike,4166.08,Late
C4354,2025-08-01,542,208.0,160.5769230769231,Spike,3936.98,Paid
C4357,2025-11-01,656,255.0,157.2549019607843,Spike,4501.57,Paid
C4360,2025-07-01,636,305.0,108.52459016393443,Spike,4339.29,Unpaid
C4362,2025-09-01,641,225.0,184.88888888888889,Spike,4647.12,Paid
C4366,2025-03-01,31,186.0,-83.33333333333334,Drop,363.33,Paid
C4366,2025-04-01,198,31.0,538.7096774193548,Spike,1360.64,Unpaid
C4373,2025-03-01,63,304.0,-79.27631578947368,Drop,605.16,Unpaid
C4373,2025-04-01,283,63.0,349.2063492063492,Spike,2018.64,Late
C4376,2025-12-01,1952,506.0,285.7707509881423,Spike,18331.61,Paid
C4377,2025-03-01,2195,693.0,216.73881673881672,Spike,19027.76,Unpaid
C4377,2025-10-01,981,309.0,217.4757281553398,Spike,9175.13,Paid
C4378,2025-02-01,349,94.0,271.27659574468083,Spike,2488.34,Late
C4378,2025-06-01,1214,256.0,374.21875,Spike,7952.79,Paid
C4378,2025-07-01,323,1214.0,-73.39373970345963,Drop,2451.42,Paid
C4379,2025-12-01,666,313.0,112.77955271565496,Spike,4491.09,Paid
C4382,2025-02-01,145,46.0,215.2173913043478,Spike,1024.68,Paid
C4387,2025-02-01,793,204.0,288.72549019607845,Spike,4920.2,Paid
C4389,2025-03-01,212,89.0,138.20224719101125,Spike,1463.6,Paid
C4392,2025-06-01,2874,775.0,270.8387096774194,Spike,24244.15,Unpaid
C4392,2025-07-01,746,2874.0,-74.04314544189283,Drop,6843.8,Late
C4394,2025-03-01,678,221.0,206.7873303167421,Spike,4473.64,Paid
C4394,2025-04-01,154,678.0,-77.28613569321534,Drop,1103.52,Paid
C4394,2025-08-01,176,79.0,122.78481012658229,Spike,1423.76,Unpaid
C4404,2025-08-01,227,88.0,157.95454545454547,Spike,1692.23,Paid
C4408,2025-08-01,8409,2810.0,199.2526690391459,Spike,95041.57,Paid
C4410,2025-02-01,720,155.0,364.51612903225805,Spike,4739.22,Paid
C4410,2025-03-01,173,720.0,-75.97222222222221,Drop,1418.67,Late
C4424,2025-12-01,609,223.0,173.09417040358744,Spike,4660.95,Paid
C4427,2025-06-01,155,67.0,131.34328358208955,Spike,1097.69,Late
C4429,2025-11-01,2102,572.0,267.4825174825175,Spike,19534.58,Late
C4429,2025-12-01,608,2102.0,-71.07516650808753,Drop,5419.05,Paid
C4432,2025-12-01,839,3418.0,-75.45348156816853,Drop,10932.15,Late
C4439,2025-12-01,2224,765.0,190.71895424836603,Spike,19668.4,Late
C4445,2025-08-01,11195,2651.0,322.2934741606941,Spike,128376.76,Paid
C4445,2025-09-01,2813,11195.0,-74.87271103171058,Drop,29690.14,Paid
C4447,2025-06-01,2818,823.0,242.40583232077765,Spike,27368.23,Paid
C4447,2025-07-01,641,2818.0,-77.25337118523777,Drop,5954.37,Paid
C4452,2025-08-01,535,191.0,180.1047120418848,Spike,3632.39,Paid
C4452,2025-09-01,149,535.0,-72.14953271028037,Drop,1241.9,Paid
C4456,2025-04-01,91,314.0,-71.01910828025477,Drop,749.03,Late
C4456,2025-05-01,318,91.0,249.45054945054946,Spike,2185.58,Paid
C4456,2025-11-01,1016,344.0,195.3488372093023,Spike,6803.75,Paid
C4456,2025-12-01,250,1016.0,-75.39370078740157,Drop,1889.43,Paid
C4460,2025-12-01,971,212.0,358.0188679245283,Spike,6434.5,Late
C4467,2025-12-01,735,191.0,284.81675392670155,Spike,5013.5,Late
C4469,2025-09-01,604,181.0,233.70165745856352,Spike,6135.89,Late
C4474,2025-08-01,690,249.0,177.10843373493975,Spike,5293.56,Unpaid
C4474,2025-09-01,123,690.0,-82.17391304347827,Drop,998.21,Paid
C4474,2025-10-01,285,123.0,131.70731707317074,Spike,1864.94,Late
C4475,2025-02-01,726,3758.0,-80.68121341138904,Drop,7220.37,Paid
C4476,2025-08-01,464,159.0,191.8238993710692,Spike,4746.07,Unpaid
C4483,2025-09-01,607,276.0,119.92753623188406,Spike,3955.27,Paid
C4485,2025-05-01,209,100.0,109.00000000000001,Spike,1702.76,Paid
C4489,2025-05-01,1083,318.0,240.56603773584902,Spike,6902.37,Paid
C4489,2025-06-01,89,1083.0,-91.78208679593722,Drop,727.53,Paid
C4489,2025-07-01,308,89.0,246.06741573033707,Spike,2200.54,Unpaid
C4498,2025-05-01,609,270.0,125.55555555555556,Spike,6225.53,Late
C4500,2025-02-01,908,3198.0,-71.6072545340838,Drop,8622.94,Paid
C4503,2025-12-01,579,2310.0,-74.93506493506493,Drop,7045.36,Paid
C4508,2025-08-01,1221,271.0,350.55350553505536,Spike,8210.95,Paid
C4508,2025-09-01,280,1221.0,-77.06797706797707,Drop,1994.7,Paid
C4512,2025-02-01,515,141.0,265.2482269503546,Spike,3282.26,Paid
C4512,2025-03-01,38,515.0,-92.62135922330097,Drop,405.39,Late
C4512,2025-04-01,170,38.0,347.3684210526316,Spike,1291.6,Paid
C4515,2025-02-01,2082,938.0,121.96162046908316,Spike,18691.86,Late
C4518,2025-05-01,730,185.0,294.5945945945946,Spike,5554.5,Unpaid
C4518,2025-06-01,206,730.0,-71.78082191780823,Drop,1523.25,Late
C4520,2025-07-01,871,305.0,185.5737704918033,Spike,6026.29,Paid
C4520,2025-08-01,221,871.0,-74.6268656716418,Drop,1574.19,Paid
C4520,2025-10-01,860,212.0,305.66037735849056,Spike,5325.11,Unpaid
C4520,2025-11-01,213,860.0,-75.23255813953489,Drop,1516.65,Paid
C4521,2025-08-01,633,154.0,311.038961038961,Spike,4465.27,Paid
C4527,2025-02-01,2525,11266.0,-77.58743120894728,Drop,27024.73,Paid
C4527,2025-11-01,9544,2295.0,315.86056644880176,Spike,103174.23,Paid
C4527,2025-12-01,2557,9544.0,-73.20829840737636,Drop,24245.55,Paid
C4530,2025-02-01,321,75.0,328.0,Spike,2093.96,Paid
C4532,2025-09-01,1429,535.0,167.10280373831776,Spike,12426.01,Unpaid
C4537,2025-07-01,637,160.0,298.125,Spike,4658.04,Paid
C4537,2025-08-01,176,637.0,-72.37048665620094,Drop,1312.74,Unpaid
C4543,2025-06-01,215,108.0,99.07407407407408,Spike,1705.82,Paid
C4544,2025-10-01,61,218.0,-72.01834862385321,Drop,585.42,Paid
C4544,2025-11-01,234,61.0,283.60655737704917,Spike,1604.6,Late
C4556,2025-02-01,199,52.0,282.69230769230774,Spike,1345.02,Paid
C4556,2025-12-01,804,50.0,1508.0,Spike,5092.09,Late
C4558,2025-04-01,127,44.0,188.63636363636365,Spike,973.49,Late
C4565,2025-02-01,189,641.0,-70.51482059282371,Drop,1313.76,Paid
C4567,2025-10-01,138,64.0,115.625,Spike,1031.14,Unpaid
C4572,2025-06-01,716,143.0,400.6993006993007,Spike,5475.62,Paid
C4572,2025-07-01,182,716.0,-74.58100558659217,Drop,1255.15,Late
C4573,2025-12-01,1754,694.0,152.73775216138327,Spike,15099.38,Late
C4575,2025-02-01,2389,623.0,283.4670947030498,Spike,19742.41,Paid
C4575,2025-03-01,513,2389.0,-78.52658015906236,Drop,5184.18,Paid
C4576,2025-02-01,768,298.0,157.71812080536913,Spike,5161.42,Paid
C4576,2025-03-01,201,768.0,-73.828125,Drop,1585.03,Paid
C4582,2025-11-01,458,210.0,118.0952380952381,Spike,4608.7,Late
C4587,2025-12-01,1312,314.0,317.8343949044586,Spike,8794.84,Paid
C4588,2025-09-01,778,373.0,108.57908847184987,Spike,7387.96,Unpaid
C4591,2025-11-01,5401,1716.0,214.74358974358972,Spike,61244.54,Late
C4596,2025-12-01,945,222.0,325.6756756756757,Spike,5862.46,Paid
C4597,2025-03-01,225,74.0,204.05405405405403,Spike,1576.05,Late
C4604,2025-02-01,147,513.0,-71.34502923976608,Drop,1058.16,Paid
C4607,2025-08-01,1097,435.0,152.183908045977,Spike,10820.97,Late
C4614,2025-02-01,452,1988.0,-77.2635814889336,Drop,4434.02,Paid
C4614,2025-03-01,2135,452.0,372.34513274336285,Spike,19947.13,Late
C4614,2025-04-01,605,2135.0,-71.66276346604215,Drop,5662.29,Paid
C4615,2025-11-01,505,195.0,158.97435897435898,Spike,3702.66,Paid
C4620,2025-10-01,510,171.0,198.24561403508773,Spike,3549.86,Paid
C4623,2025-06-01,925,254.0,264.1732283464567,Spike,6278.15,Paid
C4625,2025-05-01,993,210.0,372.8571428571429,Spike,7564.22,Paid
C4625,2025-06-01,245,993.0,-75.32729103726082,Drop,1755.81,Paid
C4626,2025-09-01,503,117.0,329.9145299145299,Spike,3769.06,Paid
C4626,2025-10-01,116,503.0,-76.93836978131213,Drop,994.27,Paid
C4629,2025-12-01,1005,340.0,195.58823529411765,Spike,8709.51,Paid
C4636,2025-06-01,147,48.0,206.25,Spike,1163.63,Unpaid
C4643,2025-11-01,250,55.0,354.54545454545456,Spike,1831.23,Paid
C4649,2025-09-01,665,189.0,251.85185185185185,Spike,4726.22,Late
C4649,2025-10-01,173,665.0,-73.98496240601504,Drop,1302.35,Unpaid
C4652,2025-03-01,850,295.0,188.135593220339,Spike,5905.74,Paid
C4652,2025-04-01,239,850.0,-71.88235294117648,Drop,1597.95,Paid
C4652,2025-06-01,326,76.0,328.9473684210526,Spike,2345.5,Paid
C4653,2025-08-01,650,272.0,138.97058823529412,Spike,6146.53,Paid
C4654,2025-02-01,297,1086.0,-72.65193370165746,Drop,2050.4,Unpaid
C4654,2025-10-01,1450,266.0,445.11278195488717,Spike,10207.39,Unpaid
C4654,2025-11-01,336,1450.0,-76.82758620689654,Drop,2341.51,Unpaid
C4661,2025-12-01,791,292.0,170.8904109589041,Spike,6017.0,Unpaid
C4662,2025-10-01,505,128.0,294.53125,Spike,3320.73,Paid
C4662,2025-11-01,141,505.0,-72.07920792079207,Drop,996.1,Paid
C4665,2025-07-01,51,249.0,-79.51807228915662,Drop,469.77,Paid
C4665,2025-08-01,251,51.0,392.156862745098,Spike,1937.27,Paid
C4669,2025-12-01,334,151.0,121.19205298013244,Spike,2211.3,Unpaid
C4674,2025-11-01,484,144.0,236.11111111111111,Spike,3598.11,Paid
C4676,2025-11-01,809,280.0,188.92857142857142,Spike,5535.18,Paid
C4676,2025-12-01,233,809.0,-71.19901112484548,Drop,1858.73,Paid
C4677,2025-07-01,822,199.0,313.0653266331658,Spike,6103.8,Late
C4677,2025-08-01,202,822.0,-75.4257907542579,Drop,1417.76,Unpaid
C4678,2025-05-01,909,222.0,309.4594594594595,Spike,6871.1,Paid
C4678,2025-06-01,203,909.0,-77.66776677667767,Drop,1619.92,Paid
C4683,2025-07-01,3042,812.0,274.6305418719212,Spike,27181.64,Paid
C4685,2025-10-01,364,155.0,134.83870967741936,Spike,2360.38,Paid
C4686,2025-05-01,504,121.0,316.5289256198347,Spike,3846.83,Paid
C4686,2025-06-01,146,504.0,-71.03174603174604,Drop,1184.83,Paid
C4700,2025-04-01,710,300.0,136.66666666666666,Spike,4938.23,Paid
C4700,2025-05-01,200,710.0,-71.83098591549296,Drop,1522.85,Late
C4702,2025-08-01,318,97.0,227.83505154639175,Spike,2350.83,Late
C4711,2025-04-01,504,154.0,227.27272727272728,Spike,3836.85,Unpaid
C4716,2025-04-01,428,136.0,214.70588235294116,Spike,3037.12,Paid
C4716,2025-08-01,526,158.0,232.91139240506328,Spike,3747.65,Paid
C4716,2025-09-01,154,526.0,-70.72243346007605,Drop,1114.71,Paid
C4725,2025-09-01,208,73.0,184.93150684931507,Spike,1571.75,Paid
C4728,2025-02-01,54,199.0,-72.8643216080402,Drop,494.49,Late
C4728,2025-03-01,194,54.0,259.25925925925924,Spike,1512.06,Late
C4728,2025-04-01,58,194.0,-70.10309278350515,Drop,572.14,Late
C4728,2025-05-01,205,58.0,253.44827586206895,Spike,1676.63,Late
C4728,2025-08-01,568,179.0,217.31843575418998,Spike,3559.3,Late
C4728,2025-09-01,142,568.0,-75.0,Drop,1123.45,Late
C4738,2025-05-01,105,370.0,-71.62162162162163,Drop,1345.43,Paid
C4738,2025-06-01,364,105.0,246.66666666666669,Spike,3844.95,Paid
C4748,2025-10-01,41,198.0,-79.29292929292929,Drop,432.85,Paid
C4748,2025-11-01,175,41.0,326.8292682926829,Spike,1301.26,Paid
C4749,2025-04-01,190,49.0,287.7551020408163,Spike,1431.43,Late
C4754,2025-06-01,701,220.0,218.63636363636365,Spike,4403.44,Paid
C4767,2025-02-01,794,261.0,204.21455938697318,Spike,5607.92,Paid
C4767,2025-11-01,762,95.0,702.1052631578948,Spike,5110.11,Paid
C4771,2025-07-01,804,230.0,249.56521739130432,Spike,5774.62,Paid
C4771,2025-08-01,207,804.0,-74.25373134328358,Drop,1496.77,Paid
C4772,2025-02-01,104,446.0,-76.68161434977578,Drop,1226.87,Paid
C4772,2025-03-01,311,104.0,199.03846153846155,Spike,3047.47,Paid
C4781,2025-12-01,1108,222.0,399.09909909909913,Spike,6975.94,Paid
C4786,2025-04-01,1386,282.0,391.48936170212767,Spike,10174.84,Paid
C4786,2025-05-01,282,1386.0,-79.65367965367966,Drop,2250.23,Unpaid
C4787,2025-02-01,282,1082.0,-73.93715341959334,Drop,1910.69,Paid
C4798,2025-07-01,454,124.0,266.1290322580645,Spike,3530.28,Late
C4798,2025-08-01,116,454.0,-74.44933920704845,Drop,975.62,Late
C4799,2025-08-01,424,172.0,146.51162790697674,Spike,3042.73,Paid
C4802,2025-05-01,767,296.0,159.1216216216216,Spike,7728.46,Paid
C4802,2025-10-01,794,307.0,158.63192182410424,Spike,6782.79,Paid
C4804,2025-05-01,4690,1715.0,173.46938775510205,Spike,44608.45,Unpaid
C4805,2025-06-01,1297,324.0,300.3086419753086,Spike,8574.93,Unpaid
C4805,2025-07-01,290,1297.0,-77.64070932922128,Drop,2276.77,Unpaid
C4811,2025-10-01,40,157.0,-74.52229299363057,Drop,425.08,Paid
C4811,2025-11-01,175,40.0,337.5,Spike,1383.15,Paid
C4821,2025-02-01,155,726.0,-78.65013774104683,Drop,1182.99,Unpaid
C4822,2025-11-01,596,193.0,208.8082901554404,Spike,3800.41,Paid
C4822,2025-12-01,161,596.0,-72.98657718120806,Drop,1170.08,Paid
C4825,2025-09-01,731,274.0,166.7883211678832,Spike,5310.54,Late
C4829,2025-09-01,1789,520.0,244.03846153846155,Spike,15146.78,Late
C4829,2025-10-01,457,1789.0,-74.45500279485746,Drop,4861.01,Paid
C4831,2025-09-01,1647,332.0,396.0843373493976,Spike,11160.21,Late
C4831,2025-10-01,237,1647.0,-85.61020036429873,Drop,1590.69,Unpaid
C4831,2025-12-01,325,92.0,253.26086956521738,Spike,2398.5,Late
C4832,2025-02-01,2081,497.0,318.7122736418511,Spike,17294.56,Late
C4832,2025-03-01,521,2081.0,-74.96395963479097,Drop,4799.39,Late
C4833,2025-03-01,1668,546.0,205.49450549450546,Spike,14506.93,Paid
C4833,2025-04-01,482,1668.0,-71.1031175059952,Drop,4322.47,Paid
C4835,2025-04-01,545,180.0,202.77777777777777,Spike,3582.56,Paid
C4835,2025-05-01,160,545.0,-70.64220183486239,Drop,1242.87,Paid
C4839,2025-02-01,3096,904.0,242.4778761061947,Spike,26656.64,Late
C4840,2025-09-01,838,205.0,308.7804878048781,Spike,5760.82,Paid
C4840,2025-10-01,159,838.0,-81.02625298329356,Drop,1148.06,Paid
C4841,2025-04-01,1050,238.0,341.1764705882353,Spike,6688.9,Late
C4841,2025-06-01,338,1197.0,-71.76274018379281,Drop,2353.46,Late
C4842,2025-05-01,130,43.0,202.32558139534885,Spike,996.14,Paid
C4844,2025-02-01,57,203.0,-71.92118226600985,Drop,523.54,Paid
C4844,2025-03-01,183,57.0,221.0526315789474,Spike,1433.09,Paid
C4845,2025-07-01,924,232.0,298.2758620689655,Spike,6168.54,Paid
C4846,2025-08-01,1253,259.0,383.78378378378375,Spike,9530.53,Paid
C4846,2025-09-01,227,1253.0,-81.88347964884277,Drop,1553.91,Paid
C4848,2025-03-01,698,211.0,230.80568720379148,Spike,4760.48,Late
C4848,2025-04-01,198,698.0,-71.63323782234957,Drop,1526.76,Unpaid
C4849,2025-05-01,163,775.0,-78.96774193548387,Drop,1714.06,Paid
C4849,2025-06-01,619,163.0,279.7546012269938,Spike,5428.87,Late
C4849,2025-12-01,2079,637.0,226.37362637362637,Spike,19523.82,Paid
C4851,2025-08-01,760,215.0,253.48837209302326,Spike,4871.01,Unpaid
C4852,2025-05-01,586,163.0,259.50920245398777,Spike,3778.65,Paid
C4852,2025-06-01,149,586.0,-74.57337883959045,Drop,1073.95,Paid
C4853,2025-02-01,933,254.0,267.32283464566933,Spike,6476.26,Paid
C4853,2025-03-01,232,933.0,-75.13397642015005,Drop,1680.11,Paid
C4856,2025-03-01,995,237.0,319.831223628692,Spike,6484.95,Paid
C4856,2025-04-01,286,995.0,-71.25628140703517,Drop,2285.47,Paid
C4859,2025-02-01,49,167.0,-70.65868263473054,Drop,463.6,Paid
C4859,2025-03-01,174,49.0,255.10204081632654,Spike,1444.36,Paid
C4865,2025-12-01,1114,286.0,289.5104895104895,Spike,7429.48,Paid
C4868,2025-02-01,406,217.0,87.09677419354838,Spike,2636.19,Paid
C4869,2025-10-01,928,238.0,289.9159663865546,Spike,6070.79,Unpaid
C4869,2025-11-01,209,928.0,-77.47844827586206,Drop,1509.47,Paid
C4881,2025-03-01,862,214.0,302.803738317757,Spike,6061.02,Late
C4881,2025-04-01,250,862.0,-70.99767981438515,Drop,1752.71,Paid
C4881,2025-05-01,937,250.0,274.8,Spike,5986.23,Late
C4881,2025-06-01,217,937.0,-76.8409818569904,Drop,1457.26,Late
C4881,2025-10-01,65,298.0,-78.18791946308725,Drop,571.24,Late
C4881,2025-11-01,261,65.0,301.53846153846155,Spike,2061.11,Paid
C4883,2025-04-01,7055,2871.0,145.7331940090561,Spike,78072.5,Late
C4885,2025-06-01,1100,406.0,170.935960591133,Spike,9852.69,Unpaid
C4887,2025-08-01,3015,720.0,318.75,Spike,24571.38,Late
C4887,2025-09-01,831,3015.0,-72.43781094527363,Drop,8276.73,Paid
C4888,2025-06-01,582,300.0,94.0,Spike,4206.21,Late
C4908,2025-02-01,34,167.0,-79.64071856287424,Drop,367.61,Paid
C4908,2025-03-01,150,34.0,341.1764705882353,Spike,1112.38,Paid
C4908,2025-06-01,653,160.0,308.125,Spike,4706.66,Late
C4908,2025-07-01,125,653.0,-80.85758039816233,Drop,1053.11,Late
C4909,2025-12-01,50,344.0,-85.46511627906976,Drop,516.13,Unpaid
C4915,2025-02-01,12440,3174.0,291.9344675488343,Spike,130193.02,Paid
C4915,2025-03-01,2854,12440.0,-77.05787781350483,Drop,29514.12,Paid
C4918,2025-08-01,792,204.0,288.2352941176471,Spike,5503.14,Paid
C4919,2025-07-01,511,160.0,219.375,Spike,3413.88,Paid
C4919,2025-08-01,135,511.0,-73.5812133072407,Drop,986.15,Paid
C4949,2025-04-01,774,140.0,452.85714285714283,Spike,5414.89,Paid
C4949,2025-05-01,182,774.0,-76.48578811369508,Drop,1500.7,Paid
C4952,2025-02-01,909,252.0,260.7142857142857,Spike,8578.27,Unpaid
C4952,2025-09-01,2572,870.0,195.632183908046,Spike,24138.98,Late
C4957,2025-02-01,3015,943.0,219.72428419936372,Spike,26071.88,Unpaid
C4957,2025-03-01,868,3015.0,-71.2106135986733,Drop,7766.62,Unpaid
C4961,2025-02-01,345,128.0,169.53125,Spike,2526.85,Paid
C4963,2025-05-01,475,143.0,232.16783216783216,Spike,3615.21,Unpaid
C4967,2025-11-01,733,232.0,215.94827586206895,Spike,5361.08,Paid
C4967,2025-12-01,191,733.0,-73.94270122783084,Drop,1513.48,Paid
C4972,2025-05-01,299,120.0,149.16666666666666,Spike,2028.38,Unpaid
C4972,2025-06-01,776,299.0,159.53177257525084,Spike,5531.68,Late
C4972,2025-12-01,881,278.0,216.90647482014387,Spike,6120.16,Late
C4976,2025-09-01,1127,378.0,198.14814814814815,Spike,11053.29,Unpaid
C4979,2025-04-01,434,175.0,148.0,Spike,3081.59,Paid
C4980,2025-02-01,776,318.0,144.0251572327044,Spike,5846.94,Late
C4982,2025-08-01,2989,878.0,240.43280182232346,Spike,27985.25,Paid
C4985,2025-03-01,3103,826.0,275.66585956416463,Spike,30042.55,Paid
C4985,2025-04-01,715,3103.0,-76.95778279084756,Drop,7427.16,Unpaid
C4988,2025-12-01,431,117.0,268.37606837606836,Spike,3084.26,Paid
C4990,2025-02-01,2762,602.0,358.80398671096344,Spike,22914.79,Paid
C4990,2025-03-01,564,2762.0,-79.58001448225923,Drop,5750.99,Paid
C4993,2025-11-01,1172,347.0,237.7521613832853,Spike,10154.01,Late
C4994,2025-05-01,161,58.0,177.58620689655174,Spike,1235.87,Paid
C4995,2025-10-01,909,191.0,375.91623036649213,Spike,6279.4,Paid
C4995,2025-11-01,200,909.0,-77.997799779978,Drop,1576.19,Paid
C4996,2025-04-01,76,289.0,-73.70242214532871,Drop,718.71,Paid
C4996,2025-05-01,256,76.0,236.84210526315786,Spike,2069.72,Paid
C4998,2025-06-01,786,191.0,311.5183246073298,Spike,5294.82,Unpaid
C4998,2025-07-01,151,786.0,-80.78880407124683,Drop,1098.95,Paid
C5006,2025-11-01,1352,329.0,310.94224924012155,Spike,10171.73,Paid
C5006,2025-12-01,318,1352.0,-76.4792899408284,Drop,2292.78,Paid
C5008,2025-09-01,982,271.0,262.36162361623616,Spike,6840.0,Paid
C5008,2025-10-01,280,982.0,-71.4867617107943,Drop,2243.92,Late
C5008,2025-11-01,69,280.0,-75.35714285714286,Drop,588.27,Paid
C5008,2025-12-01,263,69.0,281.15942028985506,Spike,1918.46,Paid
C5015,2025-11-01,827,293.0,182.25255972696246,Spike,6267.87,Paid
C5015,2025-12-01,235,827.0,-71.58403869407496,Drop,1769.27,Late
C5018,2025-04-01,3784,866.0,336.95150115473444,Spike,36690.27,Unpaid
C5018,2025-05-01,908,3784.0,-76.00422832980972,Drop,7927.11,Unpaid
C5027,2025-07-01,973,89.0,993.2584269662922,Spike,5997.02,Paid
C5027,2025-08-01,254,973.0,-73.89516957862283,Drop,1828.68,Paid
C5029,2025-08-01,1536,429.0,258.041958041958,Spike,14589.61,Paid
C5029,2025-09-01,455,1536.0,-70.37760416666666,Drop,4760.37,Paid
C5029,2025-11-01,104,474.0,-78.05907172995781,Drop,1156.65,Paid
C5029,2025-12-01,441,104.0,324.03846153846155,Spike,4352.53,Paid
C5039,2025-05-01,395,150.0,163.33333333333334,Spike,2634.02,Paid
C5041,2025-05-01,215,1005.0,-78.60696517412936,Drop,2056.57,Late
C5041,2025-06-01,891,215.0,314.4186046511628,Spike,9055.81,Late
C5049,2025-05-01,4699,1119.0,319.9285075960679,Spike,45636.29,Paid
C5049,2025-06-01,898,4699.0,-80.88955096829112,Drop,8710.71,Late
C5050,2025-09-01,512,217.0,135.9447004608295,Spike,3884.88,Late
C5055,2025-02-01,807,310.0,160.32258064516128,Spike,7460.96,Unpaid
C5056,2025-08-01,256,80.0,220.00000000000003,Spike,1780.22,Late
C5058,2025-09-01,1037,256.0,305.078125,Spike,7615.33,Paid
C5068,2025-12-01,3505,962.0,264.3451143451144,Spike,41290.06,Unpaid
C5069,2025-02-01,41,207.0,-80.19323671497585,Drop,448.09,Late
C5069,2025-03-01,197,41.0,380.4878048780488,Spike,1377.73,Paid
C5069,2025-10-01,34,146.0,-76.71232876712328,Drop,395.12,Unpaid
C5069,2025-11-01,167,34.0,391.1764705882353,Spike,1323.41,Paid
C5070,2025-12-01,2735,655.0,317.55725190839695,Spike,25301.25,Paid
C5071,2025-07-01,46,190.0,-75.78947368421053,Drop,430.72,Paid
C5071,2025-08-01,175,46.0,280.4347826086956,Spike,1278.78,Paid
C5071,2025-11-01,532,186.0,186.02150537634407,Spike,3976.86,Unpaid
C5076,2025-11-01,80,319.0,-74.92163009404389,Drop,667.3,Late
C5076,2025-12-01,266,80.0,232.50000000000003,Spike,1839.41,Paid
C5077,2025-06-01,197,66.0,198.4848484848485,Spike,1397.14,Paid
C5079,2025-04-01,2115,441.0,379.5918367346939,Spike,19808.39,Paid
C5079,2025-05-01,396,2115.0,-81.27659574468085,Drop,3730.16,Paid
C5080,2025-09-01,465,190.0,144.73684210526315,Spike,3633.81,Paid
C5081,2025-06-01,194,58.0,234.48275862068962,Spike,1340.53,Late
C5087,2025-02-01,68,318.0,-78.61635220125787,Drop,626.74,Paid
C5087,2025-03-01,366,68.0,438.2352941176471,Spike,2525.08,Late
C5087,2025-05-01,776,311.0,149.5176848874598,Spike,4833.55,Unpaid
C5089,2025-03-01,1006,325.0,209.53846153846155,Spike,9168.33,Paid
C5094,2025-09-01,364,126.0,188.88888888888889,Spike,3457.14,Unpaid
C5094,2025-11-01,70,423.0,-83.451536643026,Drop,891.08,Unpaid
C5094,2025-12-01,370,70.0,428.57142857142856,Spike,3390.44,Unpaid
C5096,2025-03-01,540,194.0,178.35051546391753,Spike,3715.49,Late
C5097,2025-09-01,83,278.0,-70.14388489208633,Drop,762.09,Late
C5097,2025-10-01,375,83.0,351.8072289156626,Spike,2476.89,Late
C5098,2025-08-01,757,279.0,171.32616487455198,Spike,5294.13,Unpaid
C5098,2025-09-01,62,757.0,-91.8097754293263,Drop,614.25,Unpaid
C5098,2025-10-01,237,62.0,282.258064516129,Spike,1859.27,Unpaid
C5103,2025-09-01,536,120.0,346.6666666666667,Spike,3847.27,Paid
C5103,2025-10-01,130,536.0,-75.74626865671642,Drop,992.39,Paid
C5104,2025-07-01,1129,283.0,298.93992932862193,Spike,7687.15,Paid
C5105,2025-05-01,641,180.0,256.1111111111111,Spike,4443.42,Unpaid
C5105,2025-06-01,178,641.0,-72.23088923556942,Drop,1246.26,Paid
C5107,2025-06-01,5411,1560.0,246.85897435897436,Spike,58090.31,Unpaid
C5107,2025-07-01,1457,5411.0,-73.07336906301978,Drop,17906.22,Paid
C5112,2025-12-01,623,200.0,211.50000000000003,Spike,4428.89,Paid
C5116,2025-09-01,1297,315.0,311.74603174603175,Spike,9174.91,Paid
C5116,2025-10-01,245,1297.0,-81.11025443330763,Drop,1969.64,Paid
C5117,2025-02-01,829,291.0,184.87972508591065,Spike,8501.2,Unpaid
C5117,2025-05-01,2481,767.0,223.46805736636247,Spike,24575.21,Late
C5117,2025-06-01,740,2481.0,-70.1733172108021,Drop,7589.19,Late
C5119,2025-02-01,155,78.0,98.71794871794873,Spike,1230.39,Late
C5119,2025-03-01,37,155.0,-76.12903225806451,Drop,407.37,Unpaid
C5119,2025-04-01,180,37.0,386.4864864864865,Spike,1246.58,Late
C5120,2025-08-01,2958,932.0,217.38197424892704,Spike,25877.04,Paid
C5120,2025-09-01,835,2958.0,-71.77146720757268,Drop,8162.59,Paid
C5122,2025-04-01,1087,213.0,410.3286384976526,Spike,7861.77,Paid
C5122,2025-05-01,200,1087.0,-81.60073597056117,Drop,1549.56,Unpaid
C5128,2025-02-01,598,241.0,148.13278008298755,Spike,5820.04,Paid
C5136,2025-04-01,613,260.0,135.76923076923077,Spike,4241.59,Paid
C5136,2025-11-01,1067,279.0,282.43727598566306,Spike,7947.72,Late
C5136,2025-12-01,250,1067.0,-76.56982193064667,Drop,1661.83,Paid
C5138,2025-12-01,1084,252.0,330.1587301587301,Spike,7093.2,Unpaid
C5141,2025-02-01,864,339.0,154.86725663716814,Spike,6451.49,Paid
C5141,2025-03-01,231,864.0,-73.26388888888889,Drop,1671.69,Paid
C5141,2025-05-01,857,233.0,267.81115879828326,Spike,6400.75,Paid
C5148,2025-11-01,976,172.0,467.4418604651163,Spike,6579.83,Paid
C5148,2025-12-01,213,976.0,-78.17622950819673,Drop,1464.47,Paid
C5149,2025-10-01,582,254.0,129.13385826771653,Spike,5191.89,Late
C5151,2025-12-01,623,220.0,183.1818181818182,Spike,4179.85,Paid
C5152,2025-12-01,992,237.0,318.56540084388183,Spike,6903.04,Paid
C5153,2025-07-01,2347,769.0,205.20156046814043,Spike,20892.21,Late
C5153,2025-08-01,619,2347.0,-73.62590541116319,Drop,5853.35,Paid
C5154,2025-05-01,44,221.0,-80.09049773755656,Drop,422.95,Unpaid
C5154,2025-06-01,215,44.0,388.6363636363636,Spike,1546.05,Late
C5157,2025-05-01,774,151.0,412.5827814569536,Spike,4948.44,Late
C5157,2025-06-01,195,774.0,-74.8062015503876,Drop,1462.79,Unpaid
C5159,2025-06-01,1848,716.0,158.10055865921788,Spike,19493.82,Paid
C5159,2025-11-01,8999,1684.0,434.38242280285033,Spike,95722.37,Paid
C5159,2025-12-01,2296,8999.0,-74.48605400600067,Drop,25107.5,Paid
C5167,2025-03-01,577,177.0,225.98870056497177,Spike,3654.74,Late
C5170,2025-04-01,934,279.0,234.7670250896057,Spike,5791.48,Paid
C5170,2025-05-01,249,934.0,-73.34047109207708,Drop,1978.92,Paid
C5171,2025-09-01,515,192.0,168.22916666666669,Spike,3601.95,Paid
C5174,2025-06-01,30,125.0,-76.0,Drop,333.06,Unpaid
C5174,2025-07-01,139,30.0,363.3333333333333,Spike,1032.16,Unpaid
C5177,2025-09-01,834,317.0,163.09148264984228,Spike,5770.44,Unpaid
C5180,2025-02-01,231,82.0,181.70731707317074,Spike,1712.13,Paid
C5186,2025-07-01,829,269.0,208.17843866171003,Spike,5328.64,Late
C5187,2025-05-01,707,285.0,148.0701754385965,Spike,5032.37,Paid
C5189,2025-04-01,926,150.0,517.3333333333333,Spike,6971.23,Paid
C5189,2025-05-01,201,926.0,-78.29373650107992,Drop,1563.23,Paid
C5190,2025-03-01,2705,920.0,194.02173913043478,Spike,27124.28,Paid
C5190,2025-08-01,773,265.0,191.69811320754718,Spike,7615.99,Paid
C5191,2025-05-01,476,145.0,228.2758620689655,Spike,4237.64,Unpaid
C5191,2025-10-01,1252,333.0,275.975975975976,Spike,10673.27,Paid
C5191,2025-11-01,346,1252.0,-72.36421725239617,Drop,3137.77,Paid
C5194,2025-09-01,1781,509.0,249.90176817288804,Spike,17734.3,Paid
C5194,2025-10-01,484,1781.0,-72.82425603593487,Drop,4925.73,Paid
C5205,2025-09-01,762,209.0,264.5933014354067,Spike,4725.43,Paid
C5209,2025-04-01,572,161.0,255.27950310559007,Spike,3844.15,Paid
C5209,2025-05-01,153,572.0,-73.25174825174825,Drop,1251.89,Paid
C5210,2025-10-01,772,237.0,225.73839662447259,Spike,5936.32,Late
C5210,2025-11-01,224,772.0,-70.98445595854922,Drop,1813.53,Paid
C5211,2025-06-01,56,194.0,-71.1340206185567,Drop,513.01,Paid
C5211,2025-07-01,217,56.0,287.5,Spike,1751.26,Paid
C5215,2025-09-01,952,296.0,221.6216216216216,Spike,6240.64,Late
C5215,2025-10-01,116,952.0,-87.81512605042016,Drop,940.18,Paid
C5215,2025-11-01,242,116.0,108.62068965517241,Spike,1702.15,Unpaid
C5217,2025-05-01,780,161.0,384.47204968944095,Spike,5616.47,Paid
C5217,2025-06-01,175,780.0,-77.56410256410257,Drop,1446.26,Paid
C5220,2025-09-01,51,206.0,-75.24271844660194,Drop,500.54,Late
C5220,2025-10-01,231,51.0,352.94117647058823,Spike,1601.69,Late
C5226,2025-07-01,2408,910.0,164.6153846153846,Spike,23493.83,Paid
C5229,2025-02-01,231,53.0,335.8490566037736,Spike,1826.85,Late
C5229,2025-10-01,611,192.0,218.22916666666666,Spike,4728.9,Paid
C5229,2025-11-01,65,611.0,-89.36170212765957,Drop,575.79,Late
C5229,2025-12-01,256,65.0,293.84615384615387,Spike,1985.95,Late
C5236,2025-04-01,792,197.0,302.0304568527919,Spike,5245.33,Late
C5236,2025-05-01,211,792.0,-73.35858585858585,Drop,1675.78,Late
C5239,2025-05-01,438,200.0,119.0,Spike,4619.0,Unpaid
C5245,2025-02-01,154,619.0,-75.12116316639742,Drop,1285.66,Paid
C5247,2025-08-01,1404,289.0,385.8131487889273,Spike,8643.13,Paid
C5247,2025-10-01,295,1116.0,-73.56630824372759,Drop,2333.21,Paid
C5267,2025-02-01,63,230.0,-72.60869565217392,Drop,543.08,Paid
C5267,2025-03-01,229,63.0,263.4920634920635,Spike,1723.49,Unpaid
C5267,2025-06-01,293,122.0,140.1639344262295,Spike,2302.06,Paid
C5269,2025-02-01,579,2455.0,-76.41547861507128,Drop,5424.27,Paid
C5271,2025-12-01,268,112.0,139.28571428571428,Spike,1874.16,Paid
C5273,2025-10-01,1029,248.0,314.9193548387097,Spike,6752.4,Unpaid
C5273,2025-11-01,266,1029.0,-74.14965986394559,Drop,1797.83,Unpaid
C5279,2025-05-01,229,88.0,160.22727272727272,Spike,1837.22,Unpaid
C5284,2025-04-01,179,74.0,141.89189189189187,Spike,1456.41,Late
C5287,2025-03-01,3208,747.0,329.4511378848728,Spike,31238.91,Unpaid
C5287,2025-04-01,716,3208.0,-77.68079800498752,Drop,6172.51,Paid
C5294,2025-04-01,2049,437.0,368.87871853546915,Spike,19133.39,Paid
C5294,2025-05-01,527,2049.0,-74.28013665202538,Drop,4686.21,Paid
C5294,2025-06-01,138,527.0,-73.81404174573055,Drop,1446.44,Paid
C5294,2025-07-01,435,138.0,215.2173913043478,Spike,4520.26,Paid
C5295,2025-04-01,1036,250.0,314.40000000000003,Spike,7486.89,Unpaid
C5295,2025-05-01,290,1036.0,-72.00772200772201,Drop,2302.2,Late
C5295,2025-11-01,937,283.0,231.09540636042402,Spike,6233.64,Late
C5302,2025-02-01,4284,742.0,477.35849056603774,Spike,41971.14,Paid
C5302,2025-03-01,997,4284.0,-76.72735760971055,Drop,9550.54,Paid
C5303,2025-06-01,2431,665.0,265.56390977443607,Spike,23332.65,Late
C5313,2025-05-01,754,192.0,292.70833333333337,Spike,5170.03,Paid
C5313,2025-06-01,194,754.0,-74.27055702917772,Drop,1430.3,Paid
C5315,2025-03-01,6502,1563.0,315.9948816378759,Spike,65361.03,Unpaid
C5315,2025-04-01,1490,6502.0,-77.08397416179638,Drop,16639.07,Paid
C5326,2025-08-01,4438,1398.0,217.45350500715307,Spike,51951.72,Paid
C5330,2025-11-01,2556,891.0,186.86868686868686,Spike,23212.09,Paid
C5338,2025-03-01,2123,688.0,208.57558139534885,Spike,20490.83,Paid
C5347,2025-12-01,604,219.0,175.79908675799086,Spike,5891.21,Paid
C5350,2025-09-01,169,52.0,225.0,Spike,1356.26,Paid
C5354,2025-03-01,7703,3033.0,153.97296406198484,Spike,86883.09,Paid
C5355,2025-02-01,1447,356.0,306.46067415730334,Spike,10035.46,Paid
C5355,2025-03-01,371,1447.0,-74.36074637180373,Drop,2534.42,Paid
C5358,2025-03-01,801,270.0,196.66666666666666,Spike,5240.29,Late
C5359,2025-11-01,165,62.0,166.1290322580645,Spike,1365.49,Paid
C5361,2025-07-01,30,127.0,-76.37795275590551,Drop,331.77,Late
C5361,2025-08-01,157,30.0,423.3333333333333,Spike,1291.36,Paid
C5361,2025-11-01,128,46.0,178.26086956521738,Spike,979.0,Paid
C5366,2025-08-01,759,356.0,113.20224719101124,Spike,4826.09,Unpaid
C5367,2025-08-01,1020,303.0,236.63366336633663,Spike,7374.24,Late
C5368,2025-07-01,639,215.0,197.2093023255814,Spike,4068.4,Paid
C5370,2025-09-01,250,64.0,290.625,Spike,1849.75,Paid
C5371,2025-06-01,923,228.0,304.82456140350877,Spike,5912.22,Unpaid
C5374,2025-05-01,28,106.0,-73.58490566037736,Drop,352.8,Unpaid
C5374,2025-06-01,127,28.0,353.57142857142856,Spike,925.24,Paid
C5375,2025-03-01,64,248.0,-74.19354838709677,Drop,548.91,Late
C5375,2025-04-01,296,64.0,362.5,Spike,2240.34,Late
C5375,2025-05-01,1019,296.0,244.25675675675674,Spike,7673.69,Unpaid
C5375,2025-06-01,260,1019.0,-74.48478900883218,Drop,1733.33,Paid
C5376,2025-05-01,40,173.0,-76.878612716763,Drop,433.93,Unpaid
C5376,2025-06-01,165,40.0,312.5,Spike,1183.81,Paid
C5378,2025-11-01,1155,401.0,188.0299251870324,Spike,10481.58,Paid
C5382,2025-09-01,190,84.0,126.19047619047619,Spike,1552.31,Late
C5386,2025-03-01,857,295.0,190.50847457627117,Spike,6065.34,Paid
C5389,2025-05-01,246,78.0,215.3846153846154,Spike,1758.93,Paid
C5391,2025-02-01,1703,389.0,337.7892030848329,Spike,10904.93,Late
C5391,2025-03-01,448,1703.0,-73.69348209042866,Drop,3288.55,Paid
C5391,2025-06-01,1195,461.0,159.21908893709326,Spike,8777.66,Paid
C5391,2025-07-01,327,1195.0,-72.63598326359832,Drop,2307.15,Late
C5392,2025-10-01,824,258.0,219.3798449612403,Spike,6069.57,Late
C5392,2025-11-01,186,824.0,-77.42718446601941,Drop,1266.01,Unpaid
C5393,2025-02-01,214,37.0,478.37837837837844,Spike,1654.76,Paid
C5396,2025-03-01,2454,579.0,323.8341968911917,Spike,21849.52,Unpaid
C5396,2025-07-01,134,641.0,-79.09516380655226,Drop,1590.67,Late
C5396,2025-08-01,704,134.0,425.3731343283582,Spike,6557.04,Unpaid
C5402,2025-12-01,697,222.0,213.96396396396398,Spike,4723.11,Late
C5404,2025-02-01,221,89.0,148.31460674157304,Spike,1563.36,Unpaid
C5406,2025-09-01,637,250.0,154.8,Spike,4556.23,Paid
C5414,2025-04-01,344,83.0,314.4578313253012,Spike,2410.86,Paid
C5420,2025-11-01,698,263.0,165.39923954372625,Spike,5175.91,Paid
C5420,2025-12-01,204,698.0,-70.77363896848138,Drop,1391.74,Late
C5424,2025-08-01,100,467.0,-78.58672376873662,Drop,1125.99,Paid
C5424,2025-09-01,407,100.0,307.0,Spike,4101.51,Paid
C5427,2025-02-01,238,78.0,205.1282051282051,Spike,1611.53,Paid
C5432,2025-05-01,1380,236.0,484.7457627118645,Spike,8734.49,Paid
C5432,2025-06-01,362,1380.0,-73.76811594202898,Drop,2543.3,Late
C5435,2025-03-01,870,218.0,299.08256880733944,Spike,6543.52,Paid
C5435,2025-04-01,218,870.0,-74.94252873563218,Drop,1591.43,Paid
C5444,2025-08-01,44,177.0,-75.14124293785311,Drop,479.05,Paid
C5444,2025-09-01,223,44.0,406.8181818181818,Spike,1753.44,Paid
C5446,2025-03-01,7696,1871.0,311.3308391234634,Spike,74267.6,Paid
C5446,2025-04-01,1964,7696.0,-74.48024948024948,Drop,21246.92,Paid
C5447,2025-07-01,873,318.0,174.52830188679243,Spike,5956.03,Paid
C5448,2025-05-01,2123,737.0,188.05970149253733,Spike,19929.41,Paid
C5448,2025-06-01,607,2123.0,-71.40838436175224,Drop,5732.7,Late
C5448,2025-10-01,136,581.0,-76.592082616179,Drop,1471.68,Unpaid
C5448,2025-11-01,614,136.0,351.4705882352941,Spike,5674.89,Paid
C5451,2025-03-01,1326,305.0,334.75409836065575,Spike,8999.61,Paid
C5451,2025-04-01,331,1326.0,-75.03770739064856,Drop,2548.67,Paid
C5451,2025-11-01,263,102.0,157.84313725490196,Spike,1755.55,Paid
C5453,2025-07-01,1461,458.0,218.99563318777294,Spike,12324.15,Late
C5455,2025-02-01,418,1573.0,-73.42657342657343,Drop,3867.62,Paid
C5458,2025-09-01,846,253.0,234.3873517786561,Spike,5569.2,Paid
C5459,2025-11-01,191,70.0,172.85714285714286,Spike,1311.51,Late
C5464,2025-11-01,235,68.0,245.58823529411765,Spike,1650.84,Paid
C5480,2025-08-01,794,221.0,259.2760180995475,Spike,5661.99,Paid
C5481,2025-05-01,191,69.0,176.81159420289856,Spike,1402.17,Paid
C5483,2025-04-01,198,56.0,253.57142857142856,Spike,1526.81,Paid
C5493,2025-06-01,73,315.0,-76.82539682539684,Drop,654.0,Paid
C5493,2025-07-01,339,73.0,364.3835616438356,Spike,2546.34,Paid
C5494,2025-09-01,3275,788.0,315.60913705583755,Spike,28952.44,Unpaid
C5501,2025-04-01,43,167.0,-74.25149700598801,Drop,453.6,Paid
C5501,2025-05-01,190,43.0,341.86046511627904,Spike,1473.87,Unpaid
C5516,2025-10-01,481,166.0,189.75903614457832,Spike,3126.43,Paid
C5517,2025-05-01,602,166.0,262.6506024096385,Spike,4661.01,Paid
C5517,2025-06-01,146,602.0,-75.74750830564784,Drop,1044.61,Paid
C5531,2025-05-01,221,90.0,145.55555555555554,Spike,1491.53,Paid
C5532,2025-10-01,710,184.0,285.8695652173913,Spike,4551.68,Late
C5532,2025-11-01,190,710.0,-73.23943661971832,Drop,1562.74,Paid
C5533,2025-02-01,53,248.0,-78.62903225806451,Drop,471.64,Paid
C5533,2025-03-01,247,53.0,366.0377358490566,Spike,1714.47,Paid
C5537,2025-03-01,216,100.0,115.99999999999999,Spike,1689.82,Late
C5544,2025-06-01,663,179.0,270.39106145251395,Spike,4290.49,Paid
C5544,2025-07-01,156,663.0,-76.47058823529412,Drop,1233.72,Paid
C5544,2025-12-01,140,56.0,150.0,Spike,1150.98,Paid
C5547,2025-11-01,43,203.0,-78.81773399014779,Drop,437.0,Late
C5547,2025-12-01,166,43.0,286.046511627907,Spike,1267.91,Paid
C5551,2025-03-01,181,681.0,-73.42143906020559,Drop,1989.48,Late
C5551,2025-04-01,688,181.0,280.11049723756906,Spike,6720.74,Late
C5553,2025-05-01,295,96.0,207.29166666666666,Spike,2304.11,Paid
C5556,2025-07-01,743,180.0,312.77777777777777,Spike,5444.92,Paid
C5556,2025-08-01,175,743.0,-76.44683714670256,Drop,1281.42,Paid
C5557,2025-11-01,708,277.0,155.5956678700361,Spike,4915.04,Paid
C5557,2025-12-01,202,708.0,-71.46892655367232,Drop,1582.71,Paid
C5558,2025-05-01,661,215.0,207.4418604651163,Spike,4401.53,Paid
C5558,2025-06-01,193,661.0,-70.80181543116491,Drop,1401.8,Paid
C5562,2025-05-01,496,181.0,174.03314917127074,Spike,3405.55,Paid
C5562,2025-09-01,53,184.0,-71.19565217391305,Drop,536.39,Paid
C5562,2025-10-01,173,53.0,226.41509433962264,Spike,1393.32,Paid
C5566,2025-06-01,1608,667.0,141.07946026986505,Spike,15892.23,Paid
C5578,2025-05-01,373,106.0,251.8867924528302,Spike,2555.87,Late
C5578,2025-11-01,500,117.0,327.35042735042737,Spike,3645.59,Paid
C5578,2025-12-01,115,500.0,-77.0,Drop,913.09,Paid
C5580,2025-06-01,214,84.0,154.76190476190476,Spike,1564.57,Paid
C5586,2025-07-01,2113,920.0,129.67391304347825,Spike,22531.29,Paid
C5587,2025-10-01,859,177.0,385.31073446327684,Spike,6053.44,Paid
C5587,2025-11-01,182,859.0,-78.81257275902212,Drop,1455.9,Paid
C5593,2025-02-01,90,308.0,-70.77922077922078,Drop,761.97,Paid
C5593,2025-03-01,321,90.0,256.6666666666667,Spike,2251.42,Paid
C5593,2025-06-01,284,83.0,242.16867469879517,Spike,2047.86,Paid
C5599,2025-03-01,1036,177.0,485.31073446327684,Spike,7341.92,Paid
C5599,2025-04-01,189,1036.0,-81.75675675675676,Drop,1359.47,Late
C5601,2025-07-01,578,122.0,373.77049180327873,Spike,3772.24,Paid
C5601,2025-08-01,146,578.0,-74.74048442906575,Drop,1111.67,Paid
C5604,2025-04-01,610,191.0,219.37172774869111,Spike,4523.57,Paid
C5612,2025-12-01,592,213.0,177.93427230046947,Spike,4423.45,Paid
C5615,2025-09-01,636,168.0,278.57142857142856,Spike,4584.55,Paid
C5616,2025-12-01,194,92.0,110.86956521739131,Spike,1381.59,Late
C5620,2025-06-01,1640,456.0,259.64912280701753,Spike,14796.21,Paid
C5620,2025-07-01,401,1640.0,-75.54878048780488,Drop,4042.87,Late
C5622,2025-06-01,2517,761.0,230.74901445466494,Spike,21281.77,Late
C5624,2025-02-01,163,632.0,-74.20886075949366,Drop,1272.85,Late
C5626,2025-12-01,24,113.0,-78.76106194690266,Drop,295.73,Paid
C5634,2025-06-01,145,559.0,-74.0608228980322,Drop,1505.63,Unpaid
C5634,2025-07-01,592,145.0,308.2758620689655,Spike,5969.09,Late
C5636,2025-11-01,2860,1069.0,167.5397567820393,Spike,30273.28,Paid
C5646,2025-06-01,1359,552.0,146.19565217391303,Spike,11509.58,Unpaid
C5648,2025-12-01,1084,249.0,335.3413654618474,Spike,7188.28,Late
C5649,2025-05-01,2215,538.0,311.7100371747212,Spike,19855.67,Paid
C5649,2025-06-01,559,2215.0,-74.7629796839729,Drop,5387.04,Unpaid
C5656,2025-11-01,676,252.0,168.25396825396825,Spike,4431.99,Paid
C5658,2025-10-01,934,209.0,346.8899521531101,Spike,6648.6,Paid
C5658,2025-11-01,238,934.0,-74.51820128479658,Drop,1820.12,Paid
C5663,2025-09-01,597,171.0,249.1228070175439,Spike,3938.25,Late
C5665,2025-08-01,3255,724.0,349.585635359116,Spike,26436.76,Unpaid
C5665,2025-09-01,600,3255.0,-81.5668202764977,Drop,6175.89,Unpaid
C5665,2025-11-01,1961,713.0,175.03506311360448,Spike,16710.08,Unpaid
C5678,2025-11-01,7382,2945.0,150.66213921901527,Spike,85518.97,Unpaid
C5683,2025-11-01,1430,331.0,332.02416918429003,Spike,12292.12,Paid
C5683,2025-12-01,410,1430.0,-71.32867132867133,Drop,4278.0,Paid
C5690,2025-03-01,2011,910.0,120.98901098901098,Spike,20931.18,Paid
C5691,2025-04-01,646,249.0,159.43775100401606,Spike,4555.69,Paid
C5714,2025-08-01,3172,926.0,242.548596112311,Spike,26521.92,Unpaid
C5714,2025-09-01,938,3172.0,-70.42875157629256,Drop,9233.73,Unpaid
C5716,2025-04-01,1640,294.0,457.82312925170066,Spike,10463.08,Paid
C5716,2025-05-01,249,1640.0,-84.8170731707317,Drop,1807.4,Late
C5718,2025-12-01,1391,460.0,202.3913043478261,Spike,15790.03,Paid
C5720,2025-03-01,1487,398.0,273.6180904522613,Spike,12330.74,Paid
C5720,2025-04-01,409,1487.0,-72.49495628782783,Drop,4380.63,Paid
C5721,2025-03-01,653,206.0,216.99029126213594,Spike,4181.29,Late
C5721,2025-04-01,188,653.0,-71.20980091883614,Drop,1384.84,Paid
C5723,2025-06-01,696,231.0,201.2987012987013,Spike,4362.62,Paid
C5725,2025-04-01,198,70.0,182.85714285714286,Spike,1442.37,Paid
C5727,2025-12-01,2053,693.0,196.24819624819625,Spike,19997.16,Unpaid
C5733,2025-07-01,479,145.0,230.34482758620692,Spike,4682.91,Late
C5734,2025-07-01,2470,961.0,157.0239334027055,Spike,21053.29,Paid
C5737,2025-02-01,589,201.0,193.03482587064678,Spike,4093.26,Paid
C5739,2025-11-01,816,212.0,284.9056603773585,Spike,5227.03,Paid
C5739,2025-12-01,238,816.0,-70.83333333333334,Drop,1814.34,Paid
C5748,2025-04-01,820,197.0,316.24365482233503,Spike,5905.44,Paid
C5748,2025-05-01,183,820.0,-77.6829268292683,Drop,1387.64,Paid
C5749,2025-03-01,1184,221.0,435.7466063348416,Spike,7632.23,Paid
C5749,2025-04-01,264,1184.0,-77.7027027027027,Drop,1747.93,Paid
C5754,2025-08-01,580,170.0,241.17647058823528,Spike,3715.1,Unpaid
C5760,2025-02-01,696,2849.0,-75.57037557037557,Drop,8421.38,Paid
C5760,2025-03-01,3754,696.0,439.367816091954,Spike,36930.83,Unpaid
C5762,2025-08-01,3039,1132.0,168.46289752650176,Spike,34522.98,Unpaid
C5762,2025-09-01,9136,3039.0,200.6252056597565,Spike,102485.99,Unpaid
C5762,2025-10-01,2526,9136.0,-72.35113835376532,Drop,24602.79,Unpaid
C5764,2025-12-01,899,235.0,282.5531914893617,Spike,6143.22,Unpaid
C5765,2025-10-01,693,140.0,395.0,Spike,4857.19,Late
C5765,2025-11-01,184,693.0,-73.44877344877345,Drop,1364.35,Paid
C5771,2025-04-01,878,244.0,259.8360655737705,Spike,5869.93,Paid
C5772,2025-11-01,645,145.0,344.8275862068965,Spike,4511.02,Paid
C5772,2025-12-01,137,645.0,-78.75968992248062,Drop,1170.04,Paid
C5782,2025-05-01,423,140.0,202.14285714285714,Spike,2742.06,Late
C5782,2025-11-01,197,75.0,162.66666666666666,Spike,1477.21,Late
C5789,2025-08-01,151,40.0,277.5,Spike,1265.49,Paid
C5790,2025-12-01,1070,261.0,309.9616858237548,Spike,7996.3,Late
C5791,2025-12-01,901,190.0,374.2105263157895,Spike,6442.29,Paid
C5792,2025-02-01,2585,949.0,172.39199157007377,Spike,28181.62,Unpaid
C5792,2025-06-01,9773,3345.0,192.16741405082212,Spike,112816.97,Unpaid
C5793,2025-03-01,156,55.0,183.63636363636365,Spike,1205.48,Unpaid
C5795,2025-06-01,840,218.0,285.3211009174312,Spike,6083.02,Late
C5795,2025-07-01,190,840.0,-77.38095238095238,Drop,1317.32,Paid
C5796,2025-10-01,625,127.0,392.12598425196853,Spike,4593.52,Paid
C5796,2025-11-01,157,625.0,-74.88,Drop,1249.4,Paid
C5799,2025-10-01,1085,217.0,400.0,Spike,6882.27,Unpaid
C5799,2025-11-01,233,1085.0,-78.52534562211981,Drop,1806.89,Unpaid
C5807,2025-03-01,158,64.0,146.875,Spike,1250.34,Paid
C5809,2025-02-01,509,169.0,201.18343195266272,Spike,3346.94,Late
C5817,2025-09-01,1441,386.0,273.3160621761658,Spike,14177.52,Paid
C5817,2025-10-01,346,1441.0,-75.98889659958363,Drop,3677.76,Paid
C5817,2025-11-01,913,346.0,163.8728323699422,Spike,7767.89,Paid
C5821,2025-03-01,454,109.0,316.5137614678899,Spike,2945.83,Paid
C5824,2025-05-01,858,189.0,353.968253968254,Spike,5435.03,Paid
C5824,2025-06-01,210,858.0,-75.52447552447552,Drop,1629.65,Paid
C5827,2025-08-01,219,94.0,132.9787234042553,Spike,1785.92,Paid
C5832,2025-05-01,3775,893.0,322.7323628219485,Spike,33540.39,Paid
C5832,2025-06-01,1039,3775.0,-72.47682119205298,Drop,9955.42,Late
C5832,2025-12-01,2305,803.0,187.04856787048567,Spike,19404.52,Late
C5833,2025-09-01,56,241.0,-76.76348547717843,Drop,540.32,Paid
C5833,2025-10-01,298,56.0,432.1428571428571,Spike,2359.26,Paid
C5835,2025-10-01,689,276.0,149.63768115942028,Spike,4687.15,Unpaid
C5846,2025-04-01,39,149.0,-73.8255033557047,Drop,435.85,Paid
C5846,2025-05-01,151,39.0,287.1794871794872,Spike,1177.09,Paid
C5847,2025-04-01,2163,670.0,222.83582089552237,Spike,17637.02,Paid
C5848,2025-10-01,1118,228.0,390.35087719298247,Spike,7215.94,Unpaid
C5848,2025-11-01,225,1118.0,-79.87477638640429,Drop,1514.66,Late
C5851,2025-11-01,6221,1330.0,367.7443609022556,Spike,68518.57,Unpaid
C5851,2025-12-01,1549,6221.0,-75.1004661629963,Drop,16465.35,Unpaid
C5854,2025-12-01,37,163.0,-77.30061349693251,Drop,373.24,Late
C5856,2025-04-01,551,140.0,293.57142857142856,Spike,4112.06,Paid
C5856,2025-05-01,132,551.0,-76.04355716878402,Drop,1059.29,Paid
C5860,2025-07-01,2671,971.0,175.07723995880536,Spike,24761.77,Paid
C5860,2025-08-01,708,2671.0,-73.49307375514789,Drop,6587.53,Paid
C5866,2025-06-01,969,301.0,221.9269102990033,Spike,6380.27,Late
C5866,2025-07-01,285,969.0,-70.58823529411765,Drop,1864.38,Paid
C5870,2025-03-01,2854,738.0,286.7208672086721,Spike,25854.8,Paid
C5870,2025-04-01,842,2854.0,-70.49754730203223,Drop,8090.79,Paid
C5878,2025-03-01,838,195.0,329.7435897435897,Spike,5390.76,Paid
C5878,2025-04-01,236,838.0,-71.83770883054893,Drop,1807.39,Paid
C5879,2025-02-01,507,242.0,109.50413223140497,Spike,3255.79,Late
C5886,2025-03-01,2634,664.0,296.68674698795184,Spike,26169.1,Paid
C5886,2025-04-01,573,2634.0,-78.24601366742597,Drop,5222.66,Paid
C5893,2025-03-01,89,304.0,-70.72368421052632,Drop,686.54,Late
C5893,2025-04-01,313,89.0,251.68539325842696,Spike,2360.45,Paid
C5901,2025-08-01,675,260.0,159.6153846153846,Spike,4514.42,Paid
C5906,2025-09-01,636,182.0,249.45054945054946,Spike,4416.59,Paid
C5909,2025-12-01,3605,621.0,480.51529790660226,Spike,31183.18,Paid
C5914,2025-03-01,1004,285.0,252.28070175438594,Spike,7527.69,Late
C5914,2025-04-01,301,1004.0,-70.0199203187251,Drop,2217.56,Late
C5917,2025-10-01,188,79.0,137.9746835443038,Spike,1363.48,Unpaid
C5919,2025-06-01,114,595.0,-80.84033613445378,Drop,1387.47,Paid
C5919,2025-07-01,766,114.0,571.9298245614035,Spike,7946.52,Paid
C5926,2025-07-01,525,190.0,176.3157894736842,Spike,4076.03,Paid
C5926,2025-08-01,138,525.0,-73.71428571428571,Drop,1055.65,Paid
C5927,2025-06-01,516,175.0,194.85714285714286,Spike,3887.32,Paid
C5928,2025-05-01,1187,304.0,290.4605263157895,Spike,8840.22,Late
C5928,2025-06-01,306,1187.0,-74.22072451558552,Drop,2122.67,Late
C5931,2025-02-01,38,144.0,-73.61111111111111,Drop,405.54,Paid
C5931,2025-03-01,167,38.0,339.4736842105263,Spike,1289.17,Paid
C5935,2025-02-01,181,54.0,235.18518518518516,Spike,1499.71,Paid
C5937,2025-02-01,509,192.0,165.10416666666669,Spike,5307.86,Late
C5938,2025-03-01,505,122.0,313.9344262295082,Spike,3921.44,Paid
C5938,2025-04-01,122,505.0,-75.84158415841584,Drop,895.86,Paid
C5943,2025-07-01,1909,615.0,210.40650406504065,Spike,17514.87,Paid
C5943,2025-08-01,540,1909.0,-71.71293871136722,Drop,4639.49,Paid
C5945,2025-05-01,2403,702.0,242.3076923076923,Spike,22863.71,Paid
C5945,2025-06-01,157,2403.0,-93.46650020807324,Drop,1599.66,Paid
C5945,2025-07-01,671,157.0,327.38853503184714,Spike,5891.6,Late
C5951,2025-10-01,45,193.0,-76.68393782383419,Drop,456.0,Late
C5951,2025-11-01,226,45.0,402.22222222222223,Spike,1774.65,Late
C5955,2025-02-01,179,687.0,-73.94468704512373,Drop,1227.85,Unpaid
C5958,2025-09-01,842,276.0,205.0724637681159,Spike,5233.78,Paid
C5958,2025-10-01,235,842.0,-72.09026128266032,Drop,1706.3,Paid
C5966,2025-04-01,466,208.0,124.03846153846155,Spike,3156.98,Unpaid
C5968,2025-08-01,164,725.0,-77.37931034482759,Drop,1785.98,Late
C5968,2025-09-01,661,164.0,303.04878048780483,Spike,6001.49,Paid
C5972,2025-08-01,2111,831.0,154.03128760529484,Spike,17909.85,Late
C5982,2025-02-01,133,32.0,315.625,Spike,1012.19,Paid
C5985,2025-03-01,547,208.0,162.98076923076923,Spike,3975.04,Unpaid
C5991,2025-05-01,9200,2385.0,285.74423480083857,Spike,103210.55,Paid
C5991,2025-06-01,2663,9200.0,-71.05434782608697,Drop,26987.56,Late
C5995,2025-10-01,601,198.0,203.53535353535355,Spike,3826.21,Paid
C5997,2025-09-01,172,80.0,114.99999999999999,Spike,1330.04,Unpaid
C6004,2025-05-01,1043,373.0,179.62466487935657,Spike,7783.28,Paid
C6004,2025-06-01,305,1043.0,-70.75743048897411,Drop,2331.12,Paid
C6008,2025-02-01,538,2281.0,-76.4138535729943,Drop,5279.86,Late
C6013,2025-06-01,153,60.0,155.0,Spike,1286.78,Late
C6014,2025-04-01,412,159.0,159.11949685534591,Spike,2697.48,Paid
C6015,2025-04-01,70,256.0,-72.65625,Drop,604.35,Paid
C6015,2025-05-01,296,70.0,322.8571428571429,Spike,2335.56,Late
C6016,2025-10-01,72,374.0,-80.74866310160428,Drop,589.27,Unpaid
C6016,2025-11-01,331,72.0,359.72222222222223,Spike,2329.44,Paid
C6019,2025-12-01,685,333.0,105.7057057057057,Spike,4914.96,Late
C6030,2025-09-01,264,104.0,153.84615384615387,Spike,1979.63,Paid
C6038,2025-04-01,7728,2368.0,226.35135135135135,Spike,89442.15,Unpaid
C6038,2025-05-01,2250,7728.0,-70.88509316770187,Drop,27773.24,Paid
C6041,2025-02-01,330,2427.0,-86.40296662546353,Drop,3509.05,Paid
C6041,2025-03-01,753,330.0,128.1818181818182,Spike,7715.45,Paid
C6044,2025-10-01,793,212.0,274.05660377358487,Spike,4942.28,Paid
C6046,2025-06-01,767,282.0,171.98581560283688,Spike,5588.96,Unpaid
C6049,2025-04-01,1216,226.0,438.05309734513276,Spike,8389.09,Late
C6049,2025-05-01,243,1216.0,-80.01644736842105,Drop,1754.12,Unpaid
C6053,2025-03-01,742,287.0,158.53658536585365,Spike,5650.51,Unpaid
C6055,2025-10-01,983,257.0,282.49027237354085,Spike,7415.55,Late
C6058,2025-07-01,160,77.0,107.79220779220779,Spike,1162.77,Paid
C6060,2025-10-01,75,278.0,-73.02158273381295,Drop,601.31,Unpaid
C6060,2025-11-01,309,75.0,312.0,Spike,2014.36,Unpaid
C6061,2025-06-01,1309,416.0,214.66346153846155,Spike,13264.32,Paid
C6063,2025-11-01,893,246.0,263.0081300813008,Spike,6804.13,Paid
C6079,2025-03-01,704,296.0,137.83783783783784,Spike,5188.44,Unpaid
C6083,2025-11-01,2299,933.0,146.40943193997856,Spike,23217.24,Paid
C6088,2025-06-01,740,238.0,210.92436974789916,Spike,5056.84,Paid
C6099,2025-05-01,136,41.0,231.7073170731707,Spike,1042.43,Paid
C6100,2025-05-01,40,147.0,-72.78911564625851,Drop,398.27,Unpaid
C6100,2025-06-01,185,40.0,362.5,Spike,1324.15,Unpaid
C6101,2025-06-01,809,261.0,209.96168582375478,Spike,5396.82,Paid
C6104,2025-07-01,243,99.0,145.45454545454547,Spike,1750.33,Late
C6108,2025-11-01,223,114.0,95.6140350877193,Spike,1797.24,Unpaid
C6111,2025-09-01,5017,1612.0,211.22828784119108,Spike,50443.02,Paid
C6111,2025-11-01,4354,1691.0,157.48078060319338,Spike,40863.73,Paid
C6117,2025-08-01,759,259.0,193.05019305019303,Spike,5332.3,Paid
C6117,2025-09-01,223,759.0,-70.61923583662714,Drop,1806.69,Paid
C6118,2025-04-01,277,117.0,136.75213675213675,Spike,1869.56,Late
C6121,2025-11-01,716,228.0,214.03508771929825,Spike,4803.44,Paid
C6121,2025-12-01,206,716.0,-71.22905027932961,Drop,1601.09,Paid
C6122,2025-08-01,2387,493.0,384.1784989858012,Spike,23439.17,Late
C6122,2025-09-01,487,2387.0,-79.5978215333054,Drop,4488.57,Paid
C6124,2025-06-01,995,243.0,309.4650205761317,Spike,7388.42,Late
C6124,2025-07-01,288,995.0,-71.05527638190955,Drop,2305.87,Late
C6131,2025-05-01,251,92.0,172.82608695652172,Spike,1693.6,Paid
C6135,2025-09-01,2784,968.0,187.60330578512395,Spike,28206.2,Paid
C6136,2025-04-01,939,233.0,303.0042918454936,Spike,7001.14,Paid
C6150,2025-02-01,817,99.0,725.2525252525253,Spike,5217.56,Paid
C6150,2025-03-01,91,817.0,-88.86168910648715,Drop,788.51,Paid
C6150,2025-04-01,226,91.0,148.35164835164835,Spike,1838.82,Paid
C6150,2025-09-01,813,253.0,221.34387351778656,Spike,5384.66,Paid
C6150,2025-10-01,242,813.0,-70.23370233702337,Drop,1795.4,Unpaid
C6154,2025-11-01,438,203.0,115.76354679802957,Spike,4369.0,Paid
C6162,2025-02-01,514,174.0,195.4022988505747,Spike,3443.83,Paid
C6165,2025-02-01,519,196.0,164.79591836734696,Spike,3771.24,Late
C6171,2025-04-01,100,334.0,-70.05988023952095,Drop,824.25,Unpaid
C6171,2025-05-01,298,100.0,198.0,Spike,1974.75,Late
C6175,2025-06-01,1281,283.0,352.65017667844523,Spike,8136.57,Paid
C6175,2025-07-01,253,1281.0,-80.24980483996877,Drop,2023.3,Paid
C6176,2025-10-01,171,682.0,-74.9266862170088,Drop,1868.79,Unpaid
C6176,2025-11-01,713,171.0,316.95906432748535,Spike,6671.0,Paid
C6181,2025-09-01,300,109.0,175.22935779816513,Spike,2112.32,Paid
C6182,2025-06-01,2354,543.0,333.5174953959484,Spike,21006.48,Late
C6182,2025-07-01,531,2354.0,-77.44265080713679,Drop,5290.98,Unpaid
C6184,2025-04-01,2737,716.0,282.2625698324023,Spike,23421.65,Paid
C6184,2025-05-01,625,2737.0,-77.16477895506029,Drop,6294.54,Late
C6187,2025-10-01,265,113.0,134.5132743362832,Spike,1975.91,Unpaid
C6189,2025-06-01,2736,624.0,338.46153846153845,Spike,22546.16,Paid
C6189,2025-07-01,644,2736.0,-76.46198830409357,Drop,6406.96,Paid
C6190,2025-02-01,272,109.0,149.54128440366972,Spike,1915.1,Unpaid
C6192,2025-05-01,1915,590.0,224.57627118644066,Spike,16282.98,Paid
C6192,2025-06-01,539,1915.0,-71.85378590078328,Drop,5270.34,Paid
C6193,2025-11-01,3966,1028.0,285.7976653696498,Spike,35171.2,Paid
C6194,2025-05-01,2271,901.0,152.05327413984463,Spike,19394.49,Paid
C6196,2025-08-01,492,246.0,100.0,Spike,4518.09,Paid
C6207,2025-02-01,492,1781.0,-72.37507018528916,Drop,4335.38,Paid
C6207,2025-10-01,2835,507.0,459.1715976331361,Spike,25504.13,Paid
C6207,2025-11-01,650,2835.0,-77.07231040564373,Drop,6318.57,Late
C6215,2025-02-01,228,97.0,135.0515463917526,Spike,1706.51,Late
C6218,2025-04-01,2516,774.0,225.06459948320412,Spike,24261.48,Late
C6218,2025-05-01,680,2516.0,-72.97297297297297,Drop,5792.46,Unpaid
C6221,2025-05-01,230,107.0,114.95327102803739,Spike,1838.51,Paid
C6224,2025-11-01,738,200.0,269.0,Spike,5381.59,Paid
C6227,2025-07-01,31,147.0,-78.91156462585033,Drop,358.75,Paid
C6227,2025-08-01,148,31.0,377.4193548387097,Spike,1075.24,Paid
C6230,2025-11-01,1243,341.0,264.51612903225805,Spike,9468.07,Paid
C6230,2025-12-01,326,1243.0,-73.77312952534191,Drop,2361.56,Paid
C6231,2025-12-01,354,100.0,254.0,Spike,2422.74,Paid
C6239,2025-07-01,494,163.0,203.06748466257667,Spike,3738.14,Late
C6239,2025-09-01,134,477.0,-71.9077568134172,Drop,1140.6,Paid
C6242,2025-11-01,136,60.0,126.66666666666666,Spike,1165.01,Unpaid
C6249,2025-11-01,225,76.0,196.05263157894737,Spike,1801.35,Unpaid
C6251,2025-05-01,1239,254.0,387.7952755905512,Spike,7773.51,Unpaid
C6251,2025-06-01,240,1239.0,-80.62953995157385,Drop,1926.67,Unpaid
C6253,2025-02-01,148,55.0,169.0909090909091,Spike,1215.62,Unpaid
C6261,2025-05-01,712,223.0,219.28251121076232,Spike,4604.74,Paid
C6262,2025-05-01,602,245.0,145.7142857142857,Spike,5459.72,Late
C6270,2025-07-01,51,234.0,-78.2051282051282,Drop,482.11,Paid
C6270,2025-08-01,212,51.0,315.6862745098039,Spike,1639.47,Paid
C6271,2025-09-01,603,150.0,302.0,Spike,4366.83,Late
C6271,2025-10-01,117,603.0,-80.59701492537313,Drop,1017.28,Unpaid
C6273,2025-03-01,899,245.0,266.9387755102041,Spike,6000.39,Unpaid
C6286,2025-11-01,1240,300.0,313.3333333333333,Spike,12148.77,Paid
C6294,2025-12-01,1199,293.0,309.2150170648464,Spike,8647.73,Paid
C6295,2025-02-01,341,171.0,99.41520467836257,Spike,3573.49,Late
C6297,2025-09-01,404,204.0,98.0392156862745,Spike,3039.32,Paid
C6302,2025-05-01,768,284.0,170.4225352112676,Spike,5853.2,Unpaid
C6302,2025-06-01,230,768.0,-70.05208333333334,Drop,1865.42,Paid
C6307,2025-05-01,217,88.0,146.5909090909091,Spike,1628.12,Late
C6309,2025-02-01,142,589.0,-75.89134125636672,Drop,1609.52,Paid
C6309,2025-03-01,640,142.0,350.7042253521127,Spike,5709.54,Late
C6316,2025-05-01,449,149.0,201.34228187919464,Spike,2948.65,Late
C6321,2025-11-01,407,128.0,217.96875,Spike,2881.7,Paid
C6322,2025-06-01,1192,351.0,239.60113960113964,Spike,8389.46,Paid
C6322,2025-07-01,268,1192.0,-77.51677852348993,Drop,1933.74,Late
C6330,2025-12-01,911,232.0,292.6724137931035,Spike,5695.68,Paid
C6333,2025-02-01,226,73.0,209.5890410958904,Spike,1535.11,Late
C6335,2025-02-01,1731,7980.0,-78.30827067669173,Drop,17545.7,Paid
C6336,2025-11-01,644,267.0,141.19850187265916,Spike,6106.68,Late
C6344,2025-02-01,250,117.0,113.67521367521367,Spike,1998.71,Paid
C6344,2025-03-01,42,250.0,-83.2,Drop,447.56,Paid
C6344,2025-04-01,199,42.0,373.8095238095238,Spike,1588.83,Paid
C6352,2025-02-01,2227,7630.0,-70.81258191349934,Drop,24689.6,Late
C6352,2025-10-01,6092,2469.0,146.73957067638722,Spike,59861.54,Late
C6366,2025-02-01,1632,6143.0,-73.4331759726518,Drop,19393.89,Paid
C6370,2025-09-01,1005,236.0,325.8474576271186,Spike,6881.33,Paid
C6370,2025-10-01,229,1005.0,-77.21393034825871,Drop,1555.7,Paid
C6375,2025-09-01,760,196.0,287.7551020408163,Spike,5581.67,Paid
C6381,2025-06-01,320,112.0,185.71428571428572,Spike,2145.77,Paid
C6383,2025-07-01,1566,272.0,475.7352941176471,Spike,10671.06,Paid
C6383,2025-08-01,337,1566.0,-78.48020434227331,Drop,2384.89,Late
C6385,2025-02-01,592,289.0,104.84429065743946,Spike,4037.41,Paid
C6386,2025-10-01,778,173.0,349.71098265895955,Spike,5695.98,Paid
C6386,2025-11-01,210,778.0,-73.00771208226222,Drop,1686.71,Paid
C6392,2025-05-01,1121,292.0,283.9041095890411,Spike,8251.15,Paid
C6393,2025-07-01,3061,896.0,241.62946428571428,Spike,26449.84,Paid
C6393,2025-08-01,709,3061.0,-76.83763475988239,Drop,6503.15,Late
C6397,2025-11-01,65,239.0,-72.80334728033473,Drop,622.11,Paid
C6397,2025-12-01,201,65.0,209.23076923076925,Spike,1447.99,Paid
C6402,2025-04-01,2497,1183.0,111.0735418427726,Spike,27670.23,Late
C6402,2025-09-01,7649,3195.0,139.40532081377154,Spike,82627.23,Late
C6405,2025-10-01,1086,376.0,188.82978723404256,Spike,7943.97,Paid
C6410,2025-05-01,599,308.0,94.48051948051948,Spike,4415.55,Paid
C6414,2025-08-01,490,232.0,111.20689655172413,Spike,3130.62,Late
C6423,2025-02-01,2317,8012.0,-71.08087868197703,Drop,23358.68,Paid
C6424,2025-02-01,221,73.0,202.73972602739727,Spike,1549.45,Paid
C6426,2025-02-01,256,122.0,109.8360655737705,Spike,1790.22,Late
C6431,2025-12-01,23,140.0,-83.57142857142857,Drop,302.9,Paid
C6443,2025-02-01,44,164.0,-73.17073170731707,Drop,435.94,Paid
C6443,2025-03-01,189,44.0,329.54545454545456,Spike,1291.64,Paid
C6445,2025-04-01,135,58.0,132.75862068965517,Spike,989.73,Paid
C6446,2025-08-01,529,203.0,160.59113300492612,Spike,3803.07,Paid
C6451,2025-08-01,1076,221.0,386.8778280542986,Spike,7255.3,Paid
C6451,2025-09-01,190,1076.0,-82.34200743494424,Drop,1382.01,Paid
C6451,2025-11-01,575,237.0,142.61603375527426,Spike,4378.02,Paid
C6452,2025-02-01,134,57.0,135.08771929824562,Spike,1127.74,Paid
C6452,2025-09-01,50,180.0,-72.22222222222221,Drop,472.6,Paid
C6452,2025-10-01,142,50.0,184.0,Spike,1027.4,Paid
C6457,2025-10-01,631,165.0,282.42424242424244,Spike,4858.17,Paid
C6457,2025-11-01,131,631.0,-79.2393026941363,Drop,1018.32,Paid
C6458,2025-06-01,448,146.0,206.84931506849313,Spike,3419.21,Paid
C6459,2025-03-01,7032,1424.0,393.82022471910113,Spike,75213.25,Late
C6459,2025-04-01,1422,7032.0,-79.77815699658703,Drop,15801.6,Unpaid
C6472,2025-07-01,796,263.0,202.66159695817493,Spike,5345.25,Paid
C6475,2025-03-01,254,94.0,170.2127659574468,Spike,1860.04,Paid
C6478,2025-03-01,484,131.0,269.46564885496184,Spike,3371.03,Paid
C6478,2025-05-01,466,188.0,147.87234042553192,Spike,3200.21,Paid
C6482,2025-03-01,618,175.0,253.14285714285717,Spike,4523.79,Paid
C6482,2025-04-01,156,618.0,-74.75728155339806,Drop,1161.17,Paid
C6485,2025-12-01,157,58.0,170.68965517241378,Spike,1323.43,Paid
C6487,2025-10-01,1041,316.0,229.43037974683543,Spike,7532.07,Paid
C6496,2025-10-01,217,55.0,294.5454545454545,Spike,1536.42,Paid
C6502,2025-03-01,1202,230.0,422.6086956521739,Spike,8991.66,Unpaid
C6502,2025-04-01,284,1202.0,-76.37271214642263,Drop,2253.81,Late
C6503,2025-05-01,116,37.0,213.51351351351352,Spike,880.08,Paid
C6503,2025-07-01,393,121.0,224.79338842975207,Spike,2584.4,Late
C6505,2025-04-01,112,455.0,-75.38461538461539,Drop,975.77,Paid
C6505,2025-05-01,375,112.0,234.82142857142856,Spike,2642.74,Unpaid
C6505,2025-11-01,1069,331.0,222.9607250755287,Spike,7928.88,Late
C6508,2025-07-01,711,153.0,364.70588235294116,Spike,5234.76,Paid
C6508,2025-08-01,156,711.0,-78.05907172995781,Drop,1139.51,Paid
C6511,2025-03-01,543,190.0,185.78947368421052,Spike,4106.73,Paid
C6511,2025-09-01,476,170.0,180.0,Spike,3675.35,Paid
C6511,2025-12-01,740,193.0,283.419689119171,Spike,5379.25,Paid
C6515,2025-04-01,439,141.0,211.34751773049646,Spike,2816.26,Late
C6517,2025-05-01,557,180.0,209.44444444444446,Spike,5172.2,Paid
C6520,2025-09-01,254,112.0,126.78571428571428,Spike,1684.99,Late
C6521,2025-10-01,2587,575.0,349.9130434782609,Spike,22661.01,Paid
C6521,2025-11-01,653,2587.0,-74.758407421724,Drop,6585.28,Unpaid
C6524,2025-09-01,365,141.0,158.86524822695037,Spike,2453.87,Paid
C6530,2025-04-01,72,268.0,-73.13432835820896,Drop,628.61,Paid
C6530,2025-05-01,219,72.0,204.16666666666666,Spike,1754.78,Paid
C6530,2025-10-01,224,60.0,273.3333333333333,Spike,1606.03,Paid
C6530,2025-11-01,852,224.0,280.35714285714283,Spike,5800.97,Paid
C6530,2025-12-01,205,852.0,-75.93896713615024,Drop,1462.05,Paid
C6533,2025-04-01,754,287.0,162.7177700348432,Spike,5759.41,Late
C6533,2025-05-01,214,754.0,-71.61803713527851,Drop,1517.11,Unpaid
C6538,2025-02-01,217,934.0,-76.76659528907923,Drop,2223.07,Unpaid
C6538,2025-03-01,876,217.0,303.68663594470047,Spike,8788.49,Late
C6539,2025-10-01,660,200.0,229.99999999999997,Spike,4130.61,Paid
C6539,2025-11-01,182,660.0,-72.42424242424242,Drop,1342.61,Paid
C6540,2025-05-01,768,210.0,265.7142857142857,Spike,5190.44,Late
C6540,2025-06-01,155,768.0,-79.81770833333334,Drop,1192.79,Late
C6541,2025-07-01,384,161.0,138.50931677018633,Spike,3014.61,Paid
C6552,2025-06-01,1120,287.0,290.2439024390244,Spike,6952.41,Paid
C6552,2025-07-01,247,1120.0,-77.94642857142857,Drop,1971.77,Paid
C6554,2025-02-01,646,228.0,183.33333333333331,Spike,4601.48,Unpaid
C6559,2025-03-01,804,264.0,204.54545454545453,Spike,4994.76,Paid
C6559,2025-04-01,211,804.0,-73.75621890547264,Drop,1573.4,Paid
C6561,2025-09-01,187,73.0,156.16438356164383,Spike,1338.5,Paid
C6562,2025-07-01,6879,3067.0,124.29083795239649,Spike,69480.42,Paid
C6564,2025-12-01,209,58.0,260.3448275862069,Spike,1662.34,Late
C6569,2025-05-01,164,898.0,-81.73719376391982,Drop,1740.61,Paid
C6569,2025-06-01,706,164.0,330.4878048780488,Spike,6509.4,Paid
C6574,2025-12-01,446,185.0,141.0810810810811,Spike,2925.52,Paid
C6584,2025-02-01,941,3210.0,-70.68535825545172,Drop,7976.38,Paid
C6587,2025-02-01,405,154.0,162.987012987013,Spike,2799.61,Unpaid
C6589,2025-11-01,802,401.0,100.0,Spike,8042.12,Paid
C6591,2025-02-01,622,196.0,217.3469387755102,Spike,4152.37,Late
C6592,2025-02-01,819,167.0,390.4191616766467,Spike,5374.87,Paid
C6592,2025-03-01,198,819.0,-75.82417582417582,Drop,1584.98,Paid
C6593,2025-08-01,1107,284.0,289.7887323943662,Spike,6843.83,Paid
C6600,2025-12-01,677,376.0,80.0531914893617,Spike,5962.95,Late
C6602,2025-08-01,1512,351.0,330.7692307692308,Spike,11098.43,Late
C6602,2025-09-01,291,1512.0,-80.75396825396825,Drop,1968.75,Paid
C6604,2025-10-01,158,45.0,251.11111111111111,Spike,1312.03,Paid
C6606,2025-08-01,35,129.0,-72.86821705426357,Drop,387.6,Paid
C6606,2025-09-01,148,35.0,322.8571428571429,Spike,1134.65,Paid
C6608,2025-12-01,2887,650.0,344.1538461538462,Spike,27018.62,Unpaid
C6609,2025-05-01,454,167.0,171.8562874251497,Spike,3207.07,Late
C6609,2025-06-01,133,454.0,-70.70484581497797,Drop,1081.13,Paid
C6609,2025-11-01,123,57.0,115.78947368421053,Spike,1035.32,Paid
C6612,2025-06-01,385,132.0,191.66666666666669,Spike,2542.26,Unpaid
C6612,2025-07-01,114,385.0,-70.3896103896104,Drop,978.13,Unpaid
C6627,2025-11-01,1627,404.0,302.7227722772277,Spike,11987.14,Late
C6627,2025-12-01,301,1627.0,-81.49969268592501,Drop,2073.82,Paid
C6634,2025-05-01,212,61.0,247.54098360655738,Spike,1498.54,Paid
C6637,2025-09-01,1000,262.0,281.6793893129771,Spike,6205.46,Paid
C6637,2025-10-01,278,1000.0,-72.2,Drop,1862.96,Late
C6643,2025-05-01,241,95.0,153.68421052631578,Spike,1780.93,Paid
C6644,2025-06-01,145,46.0,215.2173913043478,Spike,1112.78,Late
C6648,2025-02-01,381,147.0,159.18367346938774,Spike,3594.82,Unpaid
C6650,2025-05-01,428,122.0,250.81967213114754,Spike,2839.55,Paid
C6661,2025-06-01,267,100.0,167.0,Spike,2145.51,Paid
C6662,2025-06-01,79,279.0,-71.68458781362007,Drop,626.79,Paid
C6662,2025-07-01,257,79.0,225.31645569620252,Spike,1724.32,Paid
C6663,2025-04-01,2733,756.0,261.5079365079365,Spike,27066.74,Unpaid
C6663,2025-05-01,653,2733.0,-76.1068422978412,Drop,5800.12,Late
C6664,2025-12-01,35,137.0,-74.45255474452554,Drop,369.98,Paid
C6665,2025-11-01,158,85.0,85.88235294117646,Spike,1289.48,Paid
C6668,2025-02-01,848,143.0,493.006993006993,Spike,8526.38,Paid
C6671,2025-12-01,844,476.0,77.31092436974791,Spike,7301.82,Paid
C6677,2025-02-01,58,226.0,-74.33628318584071,Drop,523.0,Paid
C6677,2025-03-01,208,58.0,258.62068965517244,Spike,1506.06,Unpaid
C6677,2025-11-01,45,198.0,-77.27272727272727,Drop,474.42,Late
C6677,2025-12-01,228,45.0,406.66666666666663,Spike,1836.15,Late
C6689,2025-05-01,655,191.0,242.93193717277487,Spike,4125.17,Paid
C6689,2025-06-01,183,655.0,-72.06106870229007,Drop,1296.74,Unpaid
C6692,2025-02-01,168,57.0,194.73684210526315,Spike,1362.16,Late
C6694,2025-06-01,587,125.0,369.6,Spike,3973.56,Paid
C6694,2025-07-01,166,587.0,-71.7206132879046,Drop,1281.27,Paid
C6696,2025-03-01,819,192.0,326.5625,Spike,5375.97,Late
C6697,2025-06-01,484,182.0,165.93406593406596,Spike,3389.33,Paid
C6704,2025-02-01,445,125.0,256.0,Spike,3476.59,Unpaid
C6704,2025-03-01,124,445.0,-72.13483146067415,Drop,1078.23,Late
C6704,2025-06-01,29,141.0,-79.43262411347519,Drop,327.14,Paid
C6704,2025-07-01,125,29.0,331.0344827586207,Spike,1033.87,Paid
C6704,2025-12-01,565,115.0,391.30434782608694,Spike,3732.75,Paid
C6709,2025-06-01,584,119.0,390.75630252100837,Spike,4173.24,Paid
C6709,2025-07-01,137,584.0,-76.54109589041096,Drop,1029.02,Paid
C6716,2025-06-01,948,205.0,362.4390243902439,Spike,6444.14,Paid
C6716,2025-07-01,255,948.0,-73.10126582278481,Drop,1738.45,Paid
C6717,2025-06-01,569,197.0,188.83248730964468,Spike,4051.63,Late
C6718,2025-12-01,38,247.0,-84.61538461538461,Drop,426.58,Unpaid
C6719,2025-09-01,746,236.0,216.10169491525423,Spike,5324.4,Late
C6719,2025-10-01,191,746.0,-74.39678284182307,Drop,1397.78,Late
C6724,2025-07-01,974,284.0,242.95774647887325,Spike,6599.21,Late
C6724,2025-08-01,258,974.0,-73.51129363449692,Drop,2049.49,Late
C6725,2025-12-01,373,154.0,142.2077922077922,Spike,2472.81,Paid
C6726,2025-10-01,723,235.0,207.65957446808508,Spike,5086.86,Paid
C6726,2025-11-01,213,723.0,-70.53941908713693,Drop,1708.8,Paid
C6728,2025-09-01,186,73.0,154.7945205479452,Spike,1423.35,Paid
C6733,2025-11-01,892,286.0,211.88811188811187,Spike,6426.24,Paid
C6737,2025-03-01,593,143.0,314.68531468531467,Spike,4387.67,Late
C6737,2025-04-01,155,593.0,-73.86172006745363,Drop,1140.95,Unpaid
C6739,2025-03-01,1011,281.0,259.7864768683274,Spike,6816.3,Paid
C6739,2025-04-01,280,1011.0,-72.30464886251237,Drop,2220.78,Late
C6746,2025-03-01,805,217.0,270.96774193548384,Spike,5872.85,Paid
C6746,2025-04-01,233,805.0,-71.05590062111801,Drop,1690.94,Paid
C6747,2025-06-01,1015,226.0,349.11504424778764,Spike,7732.42,Late
C6747,2025-07-01,213,1015.0,-79.01477832512315,Drop,1722.75,Unpaid
C6748,2025-08-01,2256,717.0,214.64435146443518,Spike,27802.95,Unpaid
C6756,2025-11-01,52,208.0,-75.0,Drop,505.68,Paid
C6756,2025-12-01,257,52.0,394.2307692307692,Spike,1717.54,Paid
C6760,2025-11-01,856,156.0,448.71794871794873,Spike,5525.3,Paid
C6760,2025-12-01,157,856.0,-81.6588785046729,Drop,1300.88,Paid
C6762,2025-12-01,170,1012.0,-83.20158102766798,Drop,1859.59,Paid
C6763,2025-02-01,1744,413.0,322.27602905569006,Spike,17087.26,Paid
C6763,2025-03-01,447,1744.0,-74.36926605504587,Drop,4340.13,Paid
C6766,2025-02-01,2392,985.0,142.84263959390864,Spike,22256.13,Paid
C6770,2025-10-01,840,354.0,137.28813559322032,Spike,8344.1,Paid
C6772,2025-07-01,177,841.0,-78.95362663495838,Drop,1919.7,Late
C6772,2025-08-01,1016,177.0,474.01129943502826,Spike,9734.84,Paid
C6773,2025-06-01,1382,293.0,371.67235494880543,Spike,9581.95,Paid
C6773,2025-07-01,317,1382.0,-77.06222865412445,Drop,2466.08,Unpaid
C6777,2025-03-01,573,224.0,155.80357142857142,Spike,3818.17,Paid
C6778,2025-10-01,511,185.0,176.21621621621622,Spike,3604.18,Paid
C6779,2025-02-01,606,192.0,215.625,Spike,5544.16,Paid
C6781,2025-07-01,375,157.0,138.85350318471336,Spike,2506.58,Paid
C6783,2025-08-01,1091,192.0,468.2291666666667,Spike,6883.93,Paid
C6783,2025-09-01,225,1091.0,-79.37671860678277,Drop,1543.68,Paid
C6785,2025-02-01,698,145.0,381.37931034482756,Spike,5290.09,Unpaid
C6785,2025-03-01,200,698.0,-71.34670487106017,Drop,1387.79,Late
C6787,2025-10-01,237,83.0,185.5421686746988,Spike,1601.06,Paid
C6788,2025-10-01,2175,762.0,185.43307086614175,Spike,18876.49,Unpaid
C6791,2025-06-01,644,232.0,177.58620689655174,Spike,4508.65,Paid
C6794,2025-12-01,1974,523.0,277.43785850860417,Spike,17774.23,Paid
C6798,2025-09-01,8921,2186.0,308.0969807868252,Spike,91230.69,Late
C6798,2025-10-01,2399,8921.0,-73.10839591973995,Drop,28671.29,Paid
C6799,2025-02-01,4289,1805.0,137.61772853185596,Spike,43048.15,Late
C6799,2025-12-01,14686,5318.0,176.15644979315533,Spike,148328.92,Paid
C6800,2025-08-01,87,313.0,-72.20447284345049,Drop,773.55,Paid
C6800,2025-09-01,321,87.0,268.9655172413793,Spike,2087.99,Paid
C6803,2025-04-01,275,118.0,133.05084745762713,Spike,1946.4,Paid
C6813,2025-02-01,223,841.0,-73.48394768133176,Drop,2501.66,Paid
C6813,2025-03-01,631,223.0,182.9596412556054,Spike,6135.44,Paid
C6825,2025-02-01,207,53.0,290.566037735849,Spike,1513.39,Late
C6825,2025-03-01,668,207.0,222.70531400966183,Spike,4848.62,Late
C6825,2025-04-01,182,668.0,-72.75449101796407,Drop,1336.24,Late
C6827,2025-05-01,1138,275.0,313.8181818181818,Spike,7676.91,Paid
C6827,2025-06-01,219,1138.0,-80.75571177504393,Drop,1746.84,Late
C6829,2025-02-01,696,224.0,210.71428571428572,Spike,4773.7,Paid
C6829,2025-03-01,171,696.0,-75.43103448275862,Drop,1343.56,Paid
C6834,2025-02-01,245,1183.0,-79.28994082840237,Drop,1947.94,Paid
C6834,2025-09-01,223,111.0,100.9009009009009,Spike,1518.82,Paid
C6839,2025-08-01,1140,278.0,310.0719424460431,Spike,7708.94,Paid
C6839,2025-09-01,269,1140.0,-76.40350877192984,Drop,1867.63,Paid
C6848,2025-05-01,2067,888.0,132.77027027027026,Spike,18721.48,Paid
C6848,2025-06-01,3633,2067.0,75.76197387518143,Spike,32526.55,Late
C6848,2025-07-01,711,3633.0,-80.42939719240297,Drop,6570.43,Paid
C6851,2025-06-01,750,166.0,351.8072289156626,Spike,5029.69,Unpaid
C6851,2025-07-01,194,750.0,-74.13333333333333,Drop,1583.61,Paid
C6855,2025-04-01,827,180.0,359.44444444444446,Spike,5793.83,Unpaid
C6855,2025-05-01,236,827.0,-71.46311970979444,Drop,1590.16,Late
C6866,2025-12-01,536,194.0,176.28865979381442,Spike,3544.35,Paid
C6871,2025-10-01,1548,372.0,316.1290322580645,Spike,10739.23,Paid
C6871,2025-12-01,296,1569.0,-81.13448056086679,Drop,2354.84,Late
C6875,2025-05-01,32,145.0,-77.93103448275862,Drop,380.6,Unpaid
C6875,2025-06-01,186,32.0,481.25,Spike,1528.9,Late
C6877,2025-08-01,132,490.0,-73.06122448979592,Drop,1393.65,Unpaid
C6877,2025-09-01,343,132.0,159.84848484848484,Spike,3691.01,Unpaid
C6883,2025-12-01,326,99.0,229.29292929292927,Spike,2175.11,Paid
C6886,2025-10-01,315,121.0,160.3305785123967,Spike,2378.79,Late
C6889,2025-12-01,1614,335.0,381.7910447761194,Spike,16108.94,Unpaid
C6891,2025-03-01,162,917.0,-82.33369683751364,Drop,1762.81,Paid
C6891,2025-04-01,925,162.0,470.98765432098764,Spike,8296.9,Paid
C6891,2025-06-01,2078,791.0,162.7054361567636,Spike,20633.69,Paid
C6895,2025-11-01,66,250.0,-73.6,Drop,557.6,Paid
C6895,2025-12-01,233,66.0,253.03030303030303,Spike,1798.87,Paid
C6900,2025-05-01,629,116.0,442.2413793103448,Spike,4729.42,Paid
C6900,2025-06-01,143,629.0,-77.26550079491255,Drop,1184.49,Paid
C6905,2025-09-01,242,85.0,184.7058823529412,Spike,1828.54,Paid
C6906,2025-12-01,1310,280.0,367.85714285714283,Spike,9089.51,Paid
C6913,2025-10-01,123,443.0,-72.23476297968398,Drop,1320.72,Paid
C6913,2025-11-01,548,123.0,345.5284552845528,Spike,5005.93,Paid
C6914,2025-12-01,1614,384.0,320.3125,Spike,10671.94,Paid
C6915,2025-10-01,416,150.0,177.33333333333334,Spike,3254.17,Paid
C6916,2025-04-01,720,207.0,247.82608695652172,Spike,5423.78,Late
C6916,2025-05-01,212,720.0,-70.55555555555556,Drop,1674.38,Unpaid
C6916,2025-11-01,193,73.0,164.3835616438356,Spike,1510.42,Unpaid
C6919,2025-05-01,1077,321.0,235.51401869158877,Spike,7941.09,Unpaid
C6919,2025-06-01,267,1077.0,-75.20891364902506,Drop,1891.04,Unpaid
C6923,2025-05-01,708,144.0,391.66666666666663,Spike,5144.85,Paid
C6923,2025-06-01,175,708.0,-75.28248587570621,Drop,1440.23,Paid
C6924,2025-07-01,699,301.0,132.22591362126246,Spike,5224.89,Paid
C6929,2025-03-01,176,87.0,102.29885057471265,Spike,1302.77,Unpaid
C6929,2025-08-01,191,80.0,138.75,Spike,1322.46,Paid
C6939,2025-12-01,65,278.0,-76.61870503597122,Drop,635.29,Late
C6942,2025-03-01,1313,388.0,238.4020618556701,Spike,9468.35,Paid
C6942,2025-04-01,319,1313.0,-75.70449352627571,Drop,2436.98,Late
C6942,2025-11-01,1300,288.0,351.38888888888886,Spike,9690.97,Late
C6942,2025-12-01,292,1300.0,-77.53846153846153,Drop,2023.48,Unpaid
C6944,2025-11-01,2668,688.0,287.7906976744186,Spike,26876.84,Paid
C6945,2025-09-01,500,1725.0,-71.01449275362319,Drop,6306.42,Late
C6945,2025-10-01,2219,500.0,343.8,Spike,24579.56,Late
C6949,2025-04-01,699,169.0,313.6094674556213,Spike,5193.24,Paid
C6949,2025-05-01,176,699.0,-74.8211731044349,Drop,1274.16,Paid
C6952,2025-09-01,63,338.0,-81.36094674556213,Drop,593.35,Paid
C6952,2025-10-01,302,63.0,379.36507936507934,Spike,2409.31,Late
C6957,2025-12-01,739,245.0,201.63265306122452,Spike,5640.63,Paid
C6960,2025-08-01,1023,348.0,193.9655172413793,Spike,9209.88,Paid
C6964,2025-03-01,3176,865.0,267.1676300578035,Spike,31350.36,Unpaid
C6966,2025-02-01,1675,604.0,177.31788079470198,Spike,15633.41,Paid
C6975,2025-07-01,548,145.0,277.9310344827586,Spike,3890.82,Paid
C6975,2025-08-01,132,548.0,-75.91240875912408,Drop,1111.59,Unpaid
C6977,2025-09-01,200,65.0,207.6923076923077,Spike,1570.64,Paid
C6983,2025-02-01,628,2979.0,-78.91910036925142,Drop,6922.11,Late
C6983,2025-03-01,2668,628.0,324.8407643312102,Spike,31371.42,Late
C6986,2025-06-01,816,206.0,296.11650485436894,Spike,6230.58,Late
C6987,2025-12-01,472,123.0,283.739837398374,Spike,3339.31,Paid
C6994,2025-11-01,1144,278.0,311.5107913669065,Spike,8059.96,Late
C6994,2025-12-01,306,1144.0,-73.25174825174825,Drop,2076.38,Paid
C6996,2025-03-01,449,161.0,178.88198757763976,Spike,3178.03,Paid
C6996,2025-04-01,126,449.0,-71.93763919821826,Drop,1019.47,Paid
C6998,2025-02-01,638,2455.0,-74.0122199592668,Drop,5741.86,Paid
C7001,2025-04-01,885,249.0,255.42168674698792,Spike,6723.35,Paid
C7001,2025-05-01,209,885.0,-76.38418079096046,Drop,1519.63,Unpaid
C7003,2025-02-01,3606,807.0,346.8401486988848,Spike,32667.14,Paid
C7003,2025-03-01,819,3606.0,-77.28785357737105,Drop,7462.6,Paid
C7011,2025-02-01,655,2299.0,-71.50935189212701,Drop,6791.24,Paid
C7011,2025-07-01,2185,686.0,218.51311953352769,Spike,20583.0,Paid
C7011,2025-08-01,611,2185.0,-72.03661327231121,Drop,5234.31,Paid
C7012,2025-08-01,2477,704.0,251.8465909090909,Spike,24683.57,Late
C7012,2025-09-01,678,2477.0,-72.62817924909164,Drop,6931.29,Unpaid
C7017,2025-03-01,247,95.0,160.0,Spike,1695.37,Paid
C7019,2025-09-01,607,167.0,263.47305389221555,Spike,4673.05,Late
C7019,2025-10-01,151,607.0,-75.12355848434926,Drop,1170.7,Paid
C7026,2025-10-01,878,246.0,256.9105691056911,Spike,6661.42,Paid
C7031,2025-07-01,844,236.0,257.62711864406776,Spike,6412.91,Late
C7031,2025-08-01,197,844.0,-76.65876777251185,Drop,1414.52,Late
C7051,2025-09-01,563,156.0,260.8974358974359,Spike,4078.14,Late
C7051,2025-10-01,158,563.0,-71.93605683836589,Drop,1106.02,Unpaid
C7053,2025-08-01,640,160.0,300.0,Spike,4569.77,Unpaid
C7053,2025-09-01,177,640.0,-72.34375,Drop,1219.62,Late
C7056,2025-06-01,1190,303.0,292.73927392739273,Spike,8989.47,Late
C7056,2025-07-01,253,1190.0,-78.73949579831933,Drop,1800.7,Unpaid
C7059,2025-02-01,228,771.0,-70.42801556420234,Drop,2132.29,Paid
C7059,2025-03-01,772,228.0,238.59649122807016,Spike,7409.49,Unpaid
C7060,2025-09-01,2674,674.0,296.7359050445104,Spike,25531.41,Paid
C7060,2025-10-01,604,2674.0,-77.41211667913238,Drop,5192.24,Paid
C7064,2025-11-01,675,287.0,135.19163763066203,Spike,5036.23,Paid
C7065,2025-07-01,1376,273.0,404.029304029304,Spike,9269.29,Unpaid
C7065,2025-08-01,399,1376.0,-71.00290697674419,Drop,2638.2,Paid
C7068,2025-05-01,142,42.0,238.0952380952381,Spike,1011.2,Paid
C7074,2025-02-01,50,185.0,-72.97297297297297,Drop,523.47,Unpaid
C7074,2025-03-01,171,50.0,242.0,Spike,1427.64,Paid
C7076,2025-11-01,977,305.0,220.32786885245903,Spike,6420.09,Paid
C7077,2025-07-01,42,205.0,-79.51219512195122,Drop,402.1,Paid
C7077,2025-08-01,147,42.0,250.0,Spike,1143.68,Paid
C7081,2025-09-01,816,179.0,355.8659217877095,Spike,5081.77,Paid
C7081,2025-10-01,163,816.0,-80.02450980392157,Drop,1344.3,Paid
C7089,2025-08-01,1813,678.0,167.40412979351032,Spike,18071.02,Paid
C7101,2025-11-01,805,232.0,246.98275862068962,Spike,5035.47,Paid
C7101,2025-12-01,187,805.0,-76.77018633540372,Drop,1358.41,Paid
C7103,2025-06-01,1278,298.0,328.8590604026846,Spike,9674.77,Unpaid
C7103,2025-07-01,266,1278.0,-79.18622848200313,Drop,2078.79,Paid
C7104,2025-09-01,558,196.0,184.6938775510204,Spike,5021.17,Paid
C7107,2025-02-01,902,252.0,257.93650793650795,Spike,6796.61,Paid
C7107,2025-03-01,220,902.0,-75.60975609756098,Drop,1577.88,Unpaid
C7107,2025-12-01,612,241.0,153.94190871369295,Spike,4104.32,Unpaid
C7108,2025-02-01,298,91.0,227.47252747252747,Spike,2206.42,Late
C7119,2025-06-01,552,200.0,176.0,Spike,3916.51,Paid
C7128,2025-12-01,503,132.0,281.06060606060606,Spike,3839.07,Unpaid
C7131,2025-11-01,331,154.0,114.93506493506493,Spike,2601.81,Paid
C7134,2025-07-01,663,271.0,144.64944649446494,Spike,5023.18,Paid
C7136,2025-10-01,1000,259.0,286.10038610038606,Spike,7154.05,Late
C7136,2025-11-01,225,1000.0,-77.5,Drop,1679.54,Late
C7139,2025-08-01,868,270.0,221.48148148148147,Spike,5909.58,Late
C7139,2025-09-01,220,868.0,-74.65437788018433,Drop,1676.47,Paid
C7146,2025-07-01,679,202.0,236.13861386138612,Spike,4338.23,Paid
C7146,2025-08-01,194,679.0,-71.42857142857143,Drop,1349.89,Paid
C7148,2025-09-01,68,233.0,-70.81545064377683,Drop,567.12,Paid
C7148,2025-10-01,178,68.0,161.76470588235296,Spike,1331.96,Paid
C7164,2025-12-01,54,262.0,-79.38931297709924,Drop,499.04,Paid
C7165,2025-09-01,535,160.0,234.375,Spike,3953.48,Paid
C7165,2025-10-01,122,535.0,-77.19626168224299,Drop,915.92,Paid
C7166,2025-03-01,305,123.0,147.96747967479675,Spike,1997.93,Paid
C7173,2025-06-01,1070,243.0,340.3292181069959,Spike,7357.55,Late
C7178,2025-12-01,1418,284.0,399.2957746478873,Spike,9894.56,Paid
C7190,2025-06-01,850,212.0,300.94339622641513,Spike,6020.58,Paid
C7190,2025-07-01,204,850.0,-76.0,Drop,1446.03,Paid
C7195,2025-02-01,150,78.0,92.3076923076923,Spike,1186.82,Paid
C7201,2025-07-01,204,981.0,-79.20489296636084,Drop,2102.29,Paid
C7201,2025-08-01,771,204.0,277.94117647058823,Spike,6582.51,Paid
C7208,2025-05-01,1575,273.0,476.9230769230769,Spike,10226.36,Paid
C7208,2025-06-01,312,1575.0,-80.19047619047619,Drop,2106.99,Paid
C7210,2025-12-01,1013,228.0,344.2982456140351,Spike,6831.1,Unpaid
C7216,2025-11-01,2211,941.0,134.96280552603614,Spike,19885.89,Paid
C7217,2025-09-01,47,174.0,-72.98850574712644,Drop,458.93,Paid
C7217,2025-10-01,151,47.0,221.27659574468086,Spike,1230.25,Paid
C7221,2025-07-01,1974,654.0,201.8348623853211,Spike,17780.8,Paid
C7221,2025-08-01,558,1974.0,-71.73252279635258,Drop,5766.56,Paid
C7221,2025-09-01,2578,558.0,362.0071684587814,Spike,22360.55,Paid
C7221,2025-10-01,578,2578.0,-77.57951900698215,Drop,4940.01,Paid
C7230,2025-09-01,1457,289.0,404.1522491349481,Spike,9984.12,Paid
C7230,2025-10-01,270,1457.0,-81.4687714481812,Drop,1964.05,Paid
C7236,2025-07-01,2158,542.0,298.1549815498155,Spike,20308.82,Paid
C7236,2025-08-01,533,2158.0,-75.30120481927712,Drop,4819.64,Paid
C7237,2025-04-01,1398,294.0,375.51020408163265,Spike,8712.91,Paid
C7237,2025-05-01,358,1398.0,-74.39198855507868,Drop,2567.48,Paid
C7237,2025-06-01,995,358.0,177.93296089385476,Spike,6733.84,Paid
C7245,2025-11-01,2182,975.0,123.79487179487178,Spike,20077.99,Late
C7246,2025-08-01,174,57.0,205.26315789473685,Spike,1319.98,Paid
C7246,2025-11-01,385,150.0,156.66666666666666,Spike,2787.61,Late
C7249,2025-10-01,874,387.0,125.83979328165375,Spike,8057.13,Paid
C7257,2025-10-01,620,233.0,166.09442060085837,Spike,3923.34,Paid
C7258,2025-10-01,851,197.0,331.97969543147207,Spike,5570.27,Paid
C7258,2025-11-01,232,851.0,-72.73795534665099,Drop,1609.07,Paid
C7258,2025-12-01,950,232.0,309.48275862068965,Spike,6594.9,Paid
C7259,2025-12-01,1354,596.0,127.18120805369128,Spike,11674.54,Late
C7262,2025-02-01,476,2199.0,-78.35379718053662,Drop,4225.3,Late
C7266,2025-02-01,468,165.0,183.63636363636365,Spike,3588.01,Paid
C7270,2025-04-01,293,101.0,190.0990099009901,Spike,2276.27,Unpaid
C7270,2025-07-01,966,276.0,250.0,Spike,7258.51,Unpaid
C7270,2025-08-01,232,966.0,-75.98343685300208,Drop,1819.35,Unpaid
C7275,2025-09-01,31,157.0,-80.2547770700637,Drop,364.56,Paid
C7275,2025-10-01,111,31.0,258.06451612903226,Spike,949.29,Paid
C7291,2025-12-01,1026,273.0,275.8241758241758,Spike,6904.2,Paid
C7293,2025-06-01,5888,2253.0,161.3404349755881,Spike,54658.92,Paid
C7296,2025-12-01,2296,717.0,220.2231520223152,Spike,20733.48,Late
C7301,2025-02-01,463,2060.0,-77.52427184466019,Drop,4226.29,Unpaid
C7309,2025-09-01,898,306.0,193.4640522875817,Spike,6273.05,Paid
C7309,2025-10-01,266,898.0,-70.37861915367483,Drop,2028.37,Paid
C7318,2025-11-01,114,40.0,185.0,Spike,896.1,Paid
C7320,2025-10-01,343,109.0,214.67889908256882,Spike,2663.63,Paid
C7322,2025-07-01,713,142.0,402.112676056338,Spike,5090.27,Paid
C7322,2025-08-01,149,713.0,-79.1023842917251,Drop,1152.58,Paid
C7331,2025-05-01,266,96.0,177.08333333333331,Spike,1905.46,Unpaid
C7338,2025-08-01,778,245.0,217.55102040816325,Spike,5447.49,Late
C7338,2025-09-01,229,778.0,-70.56555269922879,Drop,1654.18,Paid
C7343,2025-12-01,390,150.0,160.0,Spike,2811.89,Paid
C7345,2025-05-01,821,251.0,227.09163346613548,Spike,5633.04,Paid
C7345,2025-06-01,233,821.0,-71.61997563946407,Drop,1553.99,Paid
C7350,2025-07-01,2150,827.0,159.9758162031439,Spike,18103.82,Late
C7350,2025-08-01,549,2150.0,-74.46511627906976,Drop,5199.99,Late
C7358,2025-03-01,239,107.0,123.3644859813084,Spike,1761.78,Paid
C7360,2025-05-01,138,58.0,137.93103448275863,Spike,1132.31,Late
C7362,2025-08-01,225,91.0,147.25274725274727,Spike,1514.54,Paid
C7363,2025-06-01,785,302.0,159.9337748344371,Spike,5305.47,Paid
C7378,2025-03-01,3143,866.0,262.93302540415704,Spike,29565.75,Paid
C7378,2025-04-01,940,3143.0,-70.09226853324849,Drop,8248.87,Paid
C7386,2025-07-01,316,106.0,198.11320754716982,Spike,2390.81,Late
C7386,2025-12-01,62,274.0,-77.37226277372264,Drop,541.73,Paid
C7388,2025-03-01,1689,474.0,256.3291139240506,Spike,14764.57,Paid
C7391,2025-10-01,459,171.0,168.42105263157893,Spike,3013.2,Late
C7393,2025-12-01,1794,376.0,377.1276595744681,Spike,15734.88,Paid
C7394,2025-06-01,227,108.0,110.18518518518519,Spike,1565.49,Paid
C7398,2025-12-01,148,64.0,131.25,Spike,1213.24,Unpaid
C7399,2025-05-01,931,188.0,395.2127659574468,Spike,5802.14,Paid
C7399,2025-06-01,270,931.0,-70.99892588614392,Drop,1935.48,Paid
C7402,2025-05-01,2836,666.0,325.82582582582586,Spike,24971.3,Paid
C7402,2025-06-01,555,2836.0,-80.43018335684063,Drop,5572.12,Paid
C7404,2025-05-01,2304,627.0,267.46411483253587,Spike,21238.38,Paid
C7404,2025-06-01,572,2304.0,-75.17361111111111,Drop,5787.85,Paid
C7407,2025-10-01,469,216.0,117.12962962962963,Spike,3026.87,Unpaid
C7408,2025-02-01,808,263.0,207.22433460076047,Spike,5756.66,Late
C7410,2025-09-01,166,741.0,-77.59784075573549,Drop,1856.55,Paid
C7410,2025-10-01,1039,166.0,525.9036144578313,Spike,9023.08,Paid
C7418,2025-08-01,2374,802.0,196.00997506234415,Spike,23244.14,Paid
C7418,2025-09-01,579,2374.0,-75.61078348778433,Drop,5213.02,Paid
C7418,2025-10-01,2348,579.0,305.5267702936097,Spike,22647.98,Late
C7421,2025-10-01,828,3073.0,-73.05564594858444,Drop,10040.96,Late
C7421,2025-11-01,10009,828.0,1108.816425120773,Spike,111546.17,Late
C7421,2025-12-01,2922,10009.0,-70.80627435308222,Drop,33652.19,Late
C7427,2025-09-01,1711,532.0,221.61654135338344,Spike,15041.48,Late
C7427,2025-10-01,396,1711.0,-76.85563997662186,Drop,4103.5,Paid
C7430,2025-10-01,878,210.0,318.0952380952381,Spike,5705.86,Paid
C7430,2025-11-01,224,878.0,-74.4874715261959,Drop,1796.07,Paid
C7440,2025-10-01,513,197.0,160.40609137055836,Spike,3985.93,Late
C7442,2025-09-01,1197,287.0,317.0731707317073,Spike,8207.01,Unpaid
C7442,2025-10-01,230,1197.0,-80.78529657477026,Drop,1674.09,Unpaid
C7444,2025-06-01,1377,275.0,400.7272727272727,Spike,10108.39,Late
C7444,2025-07-01,300,1377.0,-78.21350762527233,Drop,1957.42,Late
C7447,2025-11-01,5673,1134.0,400.2645502645502,Spike,53700.58,Paid
C7447,2025-12-01,1393,5673.0,-75.44509078089195,Drop,13885.8,Paid
C7453,2025-06-01,34,197.0,-82.74111675126903,Drop,396.82,Paid
C7453,2025-07-01,175,34.0,414.7058823529412,Spike,1290.78,Paid
C7464,2025-03-01,651,221.0,194.57013574660633,Spike,4459.32,Paid
C7464,2025-04-01,100,651.0,-84.6390168970814,Drop,771.24,Paid
C7464,2025-05-01,215,100.0,114.99999999999999,Spike,1494.7,Paid
C7470,2025-08-01,4035,1041.0,287.6080691642651,Spike,39893.92,Paid
C7470,2025-09-01,929,4035.0,-76.97645600991326,Drop,9303.99,Paid
C7472,2025-12-01,1718,543.0,216.39042357274403,Spike,14071.26,Paid
C7478,2025-07-01,111,416.0,-73.3173076923077,Drop,963.65,Paid
C7478,2025-08-01,255,111.0,129.72972972972974,Spike,1876.27,Paid
C7482,2025-12-01,912,314.0,190.44585987261146,Spike,6642.42,Paid
C7486,2025-11-01,624,153.0,307.843137254902,Spike,4341.74,Paid
C7486,2025-12-01,112,624.0,-82.05128205128204,Drop,913.91,Paid
C7491,2025-05-01,831,332.0,150.3012048192771,Spike,5439.68,Late
C7498,2025-06-01,939,276.0,240.2173913043478,Spike,7123.39,Paid
C7502,2025-03-01,327,139.0,135.25179856115108,Spike,2123.02,Paid
C7504,2025-08-01,702,189.0,271.42857142857144,Spike,4382.44,Paid
C7505,2025-04-01,799,360.0,121.94444444444446,Spike,5692.26,Unpaid
C7513,2025-11-01,2083,489.0,325.9713701431493,Spike,20642.34,Unpaid
C7513,2025-12-01,502,2083.0,-75.9001440230437,Drop,4365.26,Late
C7515,2025-11-01,1146,242.0,373.55371900826447,Spike,8471.85,Unpaid
C7515,2025-12-01,293,1146.0,-74.4328097731239,Drop,2135.06,Late
C7518,2025-12-01,192,640.0,-70.0,Drop,1998.2,Late
C7521,2025-08-01,707,203.0,248.27586206896552,Spike,4998.45,Paid
C7521,2025-09-01,154,707.0,-78.21782178217822,Drop,1287.29,Paid
C7522,2025-07-01,765,186.0,311.2903225806451,Spike,5655.96,Late
C7522,2025-10-01,1178,222.0,430.63063063063066,Spike,8139.36,Paid
C7522,2025-11-01,255,1178.0,-78.35314091680814,Drop,1730.24,Paid
C7525,2025-05-01,346,166.0,108.43373493975903,Spike,2475.67,Late
C7526,2025-05-01,9543,2659.0,258.89432117337344,Spike,104295.69,Paid
C7526,2025-06-01,2235,9543.0,-76.57969192077962,Drop,23345.38,Paid
C7537,2025-06-01,515,133.0,287.21804511278197,Spike,3401.78,Unpaid
C7537,2025-07-01,135,515.0,-73.7864077669903,Drop,1099.26,Late
C7540,2025-11-01,1161,191.0,507.85340314136124,Spike,8184.76,Paid
C7540,2025-12-01,198,1161.0,-82.94573643410853,Drop,1608.65,Unpaid
C7541,2025-05-01,127,47.0,170.2127659574468,Spike,1094.77,Paid
C7543,2025-08-01,6943,2549.0,172.3813260102001,Spike,75119.27,Unpaid
C7544,2025-08-01,433,143.0,202.7972027972028,Spike,2844.43,Paid
C7548,2025-02-01,185,682.0,-72.87390029325513,Drop,1506.88,Paid
C7548,2025-10-01,563,213.0,164.31924882629107,Spike,3849.89,Paid
C7549,2025-04-01,510,103.0,395.1456310679612,Spike,3707.0,Paid
C7549,2025-05-01,123,510.0,-75.88235294117646,Drop,1062.96,Paid
C7550,2025-11-01,201,85.0,136.47058823529412,Spike,1443.35,Late
C7555,2025-04-01,2698,732.0,268.5792349726776,Spike,23115.25,Late
C7555,2025-05-01,661,2698.0,-75.50037064492217,Drop,6329.9,Unpaid
C7557,2025-11-01,564,230.0,145.21739130434784,Spike,3761.18,Late
C7561,2025-05-01,862,345.0,149.85507246376812,Spike,6494.17,Paid
C7567,2025-06-01,932,300.0,210.66666666666666,Spike,5847.87,Late
C7570,2025-12-01,429,173.0,147.97687861271675,Spike,3310.67,Paid
C7571,2025-04-01,52,371.0,-85.98382749326146,Drop,523.95,Late
C7571,2025-05-01,263,52.0,405.7692307692308,Spike,2024.11,Paid
C7571,2025-07-01,734,231.0,217.74891774891776,Spike,5267.51,Late
C7584,2025-06-01,743,177.0,319.774011299435,Spike,5487.66,Paid
C7584,2025-07-01,161,743.0,-78.33109017496636,Drop,1119.66,Paid
C7587,2025-06-01,1016,307.0,230.94462540716614,Spike,7543.49,Paid
C7590,2025-06-01,544,146.0,272.6027397260274,Spike,4896.24,Late
C7591,2025-05-01,1145,242.0,373.1404958677686,Spike,7077.29,Late
C7591,2025-06-01,229,1145.0,-80.0,Drop,1730.14,Late
C7592,2025-07-01,1382,284.0,386.61971830985914,Spike,8906.32,Paid
C7592,2025-08-01,221,1382.0,-84.00868306801736,Drop,1507.94,Paid
C7597,2025-02-01,890,246.0,261.7886178861788,Spike,5566.24,Late
C7597,2025-03-01,212,890.0,-76.17977528089888,Drop,1564.22,Paid
C7599,2025-08-01,5257,914.0,475.16411378555796,Spike,44917.8,Paid
C7599,2025-09-01,1127,5257.0,-78.56191744340879,Drop,10257.0,Paid
C7603,2025-03-01,53,239.0,-77.82426778242679,Drop,497.88,Late
C7603,2025-04-01,215,53.0,305.66037735849056,Spike,1502.99,Unpaid
C7605,2025-02-01,1011,261.0,287.35632183908046,Spike,7498.56,Paid
C7605,2025-03-01,274,1011.0,-72.89812067260138,Drop,1944.56,Paid
C7605,2025-11-01,56,253.0,-77.86561264822134,Drop,547.76,Paid
C7605,2025-12-01,263,56.0,369.64285714285717,Spike,1967.27,Late
C7611,2025-05-01,2166,486.0,345.679012345679,Spike,20015.07,Paid
C7611,2025-06-01,526,2166.0,-75.71560480147738,Drop,5035.01,Late
C7612,2025-04-01,120,417.0,-71.22302158273382,Drop,1274.16,Late
C7612,2025-05-01,219,120.0,82.5,Spike,2194.38,Unpaid
C7612,2025-06-01,569,219.0,159.81735159817353,Spike,5652.95,Unpaid
C7612,2025-11-01,2074,498.0,316.46586345381525,Spike,20815.07,Late
C7612,2025-12-01,401,2074.0,-80.66538090646095,Drop,4040.18,Late
C7614,2025-08-01,697,159.0,338.36477987421387,Spike,5242.56,Late
C7614,2025-09-01,191,697.0,-72.59684361549498,Drop,1425.34,Paid
C7616,2025-06-01,618,273.0,126.37362637362637,Spike,5940.42,Paid
C7620,2025-06-01,353,106.0,233.01886792452828,Spike,3776.2,Late
C7626,2025-04-01,427,152.0,180.92105263157893,Spike,2995.55,Paid
C7628,2025-09-01,1013,228.0,344.2982456140351,Spike,7069.3,Paid
C7628,2025-10-01,192,1013.0,-81.04639684106614,Drop,1421.51,Paid
C7631,2025-05-01,723,195.0,270.7692307692308,Spike,5275.93,Late
C7632,2025-07-01,581,170.0,241.76470588235293,Spike,3825.96,Late
C7632,2025-08-01,167,581.0,-71.25645438898451,Drop,1349.08,Unpaid
C7633,2025-07-01,655,159.0,311.9496855345912,Spike,4618.91,Unpaid
C7636,2025-02-01,190,47.0,304.25531914893617,Spike,1452.76,Paid
C7636,2025-07-01,513,133.0,285.7142857142857,Spike,3945.88,Unpaid
C7636,2025-12-01,664,166.0,300.0,Spike,4628.54,Paid
C7644,2025-07-01,3188,959.0,232.42961418143898,Spike,30148.91,Paid
C7648,2025-06-01,2323,449.0,417.37193763919817,Spike,21780.36,Paid
C7648,2025-07-01,661,2323.0,-71.54541541110633,Drop,5844.95,Paid
C7650,2025-04-01,631,301.0,109.63455149501662,Spike,5628.88,Late
C7653,2025-11-01,70,289.0,-75.77854671280276,Drop,574.9,Paid
C7653,2025-12-01,346,70.0,394.28571428571433,Spike,2441.37,Late
C7654,2025-05-01,661,184.0,259.2391304347826,Spike,4310.45,Late
C7658,2025-05-01,317,103.0,207.76699029126212,Spike,2428.67,Paid
C7667,2025-09-01,363,140.0,159.28571428571428,Spike,2854.18,Paid
C7674,2025-09-01,758,176.0,330.6818181818182,Spike,5078.46,Paid
C7676,2025-02-01,657,3759.0,-82.5219473264166,Drop,6628.19,Unpaid
C7677,2025-07-01,642,214.0,200.0,Spike,4893.72,Late
C7677,2025-08-01,70,642.0,-89.09657320872275,Drop,589.02,Late
C7677,2025-09-01,190,70.0,171.42857142857142,Spike,1459.89,Unpaid
C7678,2025-06-01,536,160.0,235.0,Spike,4061.67,Paid
C7678,2025-07-01,152,536.0,-71.64179104477611,Drop,1166.72,Late
C7680,2025-05-01,779,300.0,159.66666666666666,Spike,4837.4,Paid
C7680,2025-06-01,233,779.0,-70.08985879332478,Drop,1582.23,Paid
C7688,2025-07-01,34,166.0,-79.51807228915662,Drop,359.84,Paid
C7688,2025-08-01,178,34.0,423.5294117647059,Spike,1225.81,Paid
C7690,2025-11-01,538,128.0,320.3125,Spike,4001.0,Late
C7690,2025-12-01,115,538.0,-78.62453531598513,Drop,968.3,Late
C7691,2025-08-01,493,235.0,109.7872340425532,Spike,4302.99,Late
C7696,2025-03-01,1820,373.0,387.93565683646113,Spike,16214.2,Unpaid
C7696,2025-04-01,455,1820.0,-75.0,Drop,4684.5,Paid
C7697,2025-12-01,176,50.0,252.0,Spike,1279.57,Paid
C7699,2025-04-01,1478,762.0,93.96325459317585,Spike,14968.58,Unpaid
C7702,2025-06-01,1359,378.0,259.5238095238095,Spike,12370.71,Paid
C7705,2025-04-01,179,62.0,188.70967741935485,Spike,1414.25,Unpaid
C7706,2025-09-01,2668,910.0,193.1868131868132,Spike,26423.82,Late
C7706,2025-10-01,746,2668.0,-72.03898050974513,Drop,7281.94,Late
C7710,2025-05-01,2934,857.0,242.35705950991832,Spike,25087.83,Paid
C7710,2025-06-01,810,2934.0,-72.39263803680981,Drop,7258.65,Paid
C7718,2025-04-01,1259,200.0,529.5,Spike,8176.64,Unpaid
C7718,2025-05-01,212,1259.0,-83.16123907863384,Drop,1444.01,Unpaid
C7718,2025-09-01,65,258.0,-74.8062015503876,Drop,574.32,Unpaid
C7718,2025-10-01,215,65.0,230.76923076923075,Spike,1714.97,Unpaid
C7720,2025-12-01,44,152.0,-71.05263157894737,Drop,437.73,Late
C7723,2025-04-01,2945,729.0,303.9780521262003,Spike,27753.99,Paid
C7723,2025-05-01,745,2945.0,-74.70288624787777,Drop,6261.27,Paid
C7726,2025-05-01,1248,255.0,389.4117647058823,Spike,8741.81,Paid
C7726,2025-06-01,257,1248.0,-79.40705128205127,Drop,1775.91,Paid
C7730,2025-02-01,2029,518.0,291.6988416988417,Spike,17247.69,Late
C7730,2025-03-01,391,2029.0,-80.72942336126171,Drop,3526.19,Paid
C7732,2025-03-01,914,211.0,333.17535545023696,Spike,6921.74,Unpaid
C7732,2025-04-01,174,914.0,-80.96280087527352,Drop,1234.65,Paid
C7737,2025-07-01,1203,385.0,212.46753246753246,Spike,10995.29,Late
C7737,2025-10-01,1250,391.0,219.69309462915604,Spike,12514.26,Late
C7738,2025-10-01,399,131.0,204.5801526717557,Spike,2927.77,Paid
C7740,2025-03-01,1655,361.0,358.44875346260386,Spike,14689.01,Late
C7740,2025-04-01,404,1655.0,-75.58912386706949,Drop,3810.01,Late
C7742,2025-08-01,1283,311.0,312.540192926045,Spike,9006.27,Late
C7742,2025-09-01,275,1283.0,-78.56586126266562,Drop,2178.7,Paid
C7748,2025-06-01,608,193.0,215.0259067357513,Spike,4312.15,Late
C7748,2025-07-01,168,608.0,-72.36842105263158,Drop,1361.13,Paid
C7749,2025-02-01,2848,980.0,190.6122448979592,Spike,34685.21,Late
C7755,2025-09-01,135,49.0,175.51020408163265,Spike,1081.34,Paid
C7756,2025-11-01,784,243.0,222.63374485596708,Spike,5730.99,Unpaid
C7756,2025-12-01,224,784.0,-71.42857142857143,Drop,1785.74,Late
C7759,2025-02-01,1178,563.0,109.23623445825932,Spike,13654.15,Late
C7761,2025-06-01,164,87.0,88.50574712643679,Spike,1150.02,Late
C7764,2025-11-01,415,152.0,173.0263157894737,Spike,2855.29,Paid
C7770,2025-03-01,836,209.0,300.0,Spike,5972.09,Late
C7770,2025-08-01,50,204.0,-75.49019607843137,Drop,506.48,Late
C7770,2025-09-01,207,50.0,314.0,Spike,1696.61,Late
C7778,2025-07-01,130,58.0,124.13793103448276,Spike,1059.95,Late
C7787,2025-05-01,3026,673.0,349.62852897474,Spike,25058.38,Paid
C7787,2025-06-01,718,3026.0,-76.27230667547919,Drop,7183.82,Paid
C7799,2025-04-01,1093,396.0,176.010101010101,Spike,8149.21,Paid
C7805,2025-12-01,64,270.0,-76.29629629629629,Drop,596.0,Paid
C7806,2025-02-01,423,1542.0,-72.568093385214,Drop,4046.18,Paid
C7806,2025-09-01,452,178.0,153.93258426966293,Spike,4136.49,Late
C7808,2025-05-01,222,72.0,208.33333333333334,Spike,1766.52,Paid
C7812,2025-05-01,587,190.0,208.94736842105263,Spike,4081.08,Late
C7817,2025-04-01,682,214.0,218.69158878504672,Spike,4705.58,Paid
C7817,2025-05-01,194,682.0,-71.5542521994135,Drop,1453.98,Paid
C7821,2025-09-01,58,296.0,-80.4054054054054,Drop,563.68,Late
C7821,2025-10-01,241,58.0,315.51724137931035,Spike,1689.95,Paid
C7832,2025-09-01,118,69.0,71.01449275362319,Spike,974.57,Paid
C7839,2025-10-01,344,137.0,151.09489051094891,Spike,2516.13,Late
C7852,2025-05-01,732,348.0,110.34482758620689,Spike,6447.24,Late
C7854,2025-07-01,113,422.0,-73.22274881516587,Drop,1310.3,Late
C7854,2025-08-01,379,113.0,235.39823008849558,Spike,3423.28,Late
C7855,2025-07-01,484,158.0,206.32911392405063,Spike,3309.95,Paid
C7865,2025-09-01,522,134.0,289.55223880597015,Spike,3482.1,Paid
C7865,2025-10-01,134,522.0,-74.32950191570882,Drop,1061.0,Paid
C7868,2025-06-01,559,221.0,152.94117647058823,Spike,4137.44,Late
C7873,2025-04-01,62,260.0,-76.15384615384615,Drop,555.73,Paid
C7873,2025-05-01,215,62.0,246.7741935483871,Spike,1712.29,Paid
C7875,2025-04-01,2667,616.0,332.95454545454544,Spike,21924.1,Late
C7875,2025-05-01,664,2667.0,-75.10311211098613,Drop,5879.94,Late
C7875,2025-08-01,1714,461.0,271.8004338394794,Spike,15599.81,Late
C7875,2025-10-01,1244,624.0,99.35897435897436,Spike,10467.44,Late
C7876,2025-04-01,805,198.0,306.5656565656566,Spike,5447.1,Unpaid
C7876,2025-05-01,192,805.0,-76.14906832298136,Drop,1384.63,Late
C7880,2025-07-01,355,161.0,120.4968944099379,Spike,2495.58,Paid
C7886,2025-10-01,2593,989.0,162.1840242669363,Spike,23725.92,Unpaid
C7886,2025-11-01,772,2593.0,-70.22753567296569,Drop,7170.06,Unpaid
C7887,2025-06-01,737,280.0,163.21428571428572,Spike,4915.79,Paid
C7889,2025-04-01,200,56.0,257.14285714285717,Spike,1628.23,Paid
C7889,2025-12-01,489,185.0,164.32432432432432,Spike,3374.0,Paid
C7891,2025-11-01,583,263.0,121.67300380228137,Spike,4030.82,Paid
C7894,2025-12-01,175,73.0,139.72602739726028,Spike,1335.19,Paid
C7896,2025-02-01,801,2895.0,-72.33160621761658,Drop,7174.68,Paid
C7896,2025-08-01,2692,937.0,187.2998932764141,Spike,25273.52,Paid
C7897,2025-02-01,612,2517.0,-75.68533969010727,Drop,5243.93,Unpaid
C7899,2025-05-01,705,165.0,327.2727272727273,Spike,5092.03,Paid
C7899,2025-07-01,180,845.0,-78.69822485207101,Drop,1428.55,Paid
C7900,2025-06-01,146,53.0,175.47169811320757,Spike,1206.71,Paid
C7900,2025-12-01,157,37.0,324.3243243243243,Spike,1163.0,Paid
C7901,2025-02-01,897,240.0,273.75,Spike,6302.69,Paid
C7901,2025-03-01,218,897.0,-75.69676700111484,Drop,1572.64,Paid
C7901,2025-10-01,206,69.0,198.55072463768116,Spike,1455.97,Paid
C7905,2025-02-01,552,188.0,193.61702127659575,Spike,3943.57,Late
C7911,2025-03-01,63,375.0,-83.2,Drop,539.67,Paid
C7911,2025-04-01,322,63.0,411.1111111111111,Spike,2415.89,Paid
C7913,2025-07-01,973,244.0,298.77049180327873,Spike,7049.43,Paid
C7913,2025-08-01,222,973.0,-77.18396711202466,Drop,1489.09,Paid
C7915,2025-09-01,599,195.0,207.1794871794872,Spike,3849.68,Late
C7915,2025-10-01,177,599.0,-70.4507512520868,Drop,1342.63,Late
C7927,2025-06-01,51,229.0,-77.72925764192141,Drop,526.17,Paid
C7927,2025-07-01,233,51.0,356.8627450980392,Spike,1830.16,Paid
C7930,2025-02-01,550,119.0,362.1848739495798,Spike,3982.63,Unpaid
C7932,2025-10-01,662,242.0,173.55371900826447,Spike,4377.56,Late
C7934,2025-06-01,686,203.0,237.93103448275863,Spike,4921.99,Paid
C7938,2025-02-01,665,237.0,180.59071729957805,Spike,6293.48,Paid
C7946,2025-04-01,2717,608.0,346.875,Spike,27383.14,Paid
C7946,2025-05-01,655,2717.0,-75.89252852410748,Drop,6234.89,Paid
C7949,2025-02-01,280,944.0,-70.33898305084746,Drop,2958.58,Paid
C7949,2025-03-01,936,280.0,234.2857142857143,Spike,8949.32,Paid
C7949,2025-12-01,2821,1071.0,163.3986928104575,Spike,26968.97,Paid
C7956,2025-04-01,34,160.0,-78.75,Drop,384.1,Late
C7956,2025-05-01,154,34.0,352.94117647058823,Spike,1178.84,Paid
C7965,2025-11-01,343,128.0,167.96875,Spike,2569.94,Late
C7969,2025-10-01,678,237.0,186.0759493670886,Spike,4566.68,Paid
C7969,2025-11-01,177,678.0,-73.89380530973452,Drop,1318.09,Late
C7996,2025-09-01,808,199.0,306.03015075376885,Spike,5246.65,Paid
C7996,2025-10-01,169,808.0,-79.08415841584159,Drop,1411.16,Unpaid
C7999,2025-02-01,507,202.0,150.990099009901,Spike,3706.97,Paid
C8004,2025-05-01,1507,405.0,272.0987654320988,Spike,13976.94,Late
C8004,2025-06-01,385,1507.0,-74.45255474452554,Drop,3774.47,Unpaid
C8010,2025-08-01,69,247.0,-72.06477732793523,Drop,569.68,Paid
C8010,2025-09-01,268,69.0,288.40579710144925,Spike,1915.15,Paid
C8010,2025-11-01,79,303.0,-73.92739273927393,Drop,656.21,Unpaid
C8010,2025-12-01,280,79.0,254.43037974683543,Spike,1990.24,Paid
C8013,2025-11-01,219,93.0,135.48387096774192,Spike,1536.19,Paid
C8015,2025-06-01,62,268.0,-76.86567164179104,Drop,566.69,Late
C8015,2025-07-01,264,62.0,325.80645161290323,Spike,1984.04,Late
C8017,2025-09-01,738,200.0,269.0,Spike,5346.6,Late
C8017,2025-10-01,199,738.0,-73.03523035230353,Drop,1526.46,Paid
C8026,2025-04-01,754,198.0,280.8080808080808,Spike,5767.94,Unpaid
C8026,2025-05-01,147,754.0,-80.50397877984085,Drop,1221.73,Paid
C8026,2025-08-01,717,140.0,412.1428571428571,Spike,5484.38,Paid
C8026,2025-09-01,178,717.0,-75.17433751743376,Drop,1392.2,Paid
C8031,2025-04-01,468,187.0,150.2673796791444,Spike,3506.31,Paid
C8031,2025-06-01,664,192.0,245.83333333333334,Spike,4311.09,Unpaid
C8031,2025-10-01,791,134.0,490.2985074626866,Spike,6020.83,Late
C8031,2025-11-01,151,791.0,-80.9102402022756,Drop,1136.05,Paid
C8034,2025-02-01,557,280.0,98.92857142857143,Spike,3831.27,Paid
C8036,2025-02-01,3475,1289.0,169.588828549263,Spike,29913.9,Paid
C8040,2025-02-01,376,169.0,122.48520710059172,Spike,2908.69,Late
C8042,2025-08-01,1096,235.0,366.3829787234043,Spike,7986.78,Paid
C8048,2025-05-01,1317,473.0,178.4355179704017,Spike,9365.19,Paid
C8053,2025-10-01,205,687.0,-70.16011644832606,Drop,2300.49,Late
C8053,2025-11-01,634,205.0,209.26829268292684,Spike,6357.6,Paid
C8057,2025-02-01,1748,395.0,342.53164556962025,Spike,17200.52,Late
C8057,2025-03-01,452,1748.0,-74.14187643020595,Drop,4194.37,Late
C8060,2025-06-01,630,245.0,157.14285714285714,Spike,5489.8,Late
C8061,2025-07-01,3037,1630.0,86.31901840490798,Spike,29460.25,Paid
C8065,2025-11-01,52,180.0,-71.11111111111111,Drop,538.08,Paid
C8065,2025-12-01,210,52.0,303.8461538461538,Spike,1522.76,Paid
C8068,2025-04-01,44,227.0,-80.61674008810573,Drop,461.87,Late
C8068,2025-05-01,185,44.0,320.45454545454544,Spike,1526.87,Paid
C8068,2025-08-01,527,192.0,174.47916666666669,Spike,3474.4,Paid
C8068,2025-09-01,78,527.0,-85.19924098671727,Drop,690.8,Paid
C8068,2025-10-01,138,78.0,76.92307692307693,Spike,1025.07,Paid
C8073,2025-03-01,689,191.0,260.73298429319374,Spike,4748.96,Late
C8074,2025-03-01,1190,237.0,402.1097046413503,Spike,8892.19,Paid
C8074,2025-04-01,293,1190.0,-75.3781512605042,Drop,2098.24,Paid
C8080,2025-04-01,137,594.0,-76.93602693602693,Drop,1649.51,Paid
C8080,2025-05-01,544,137.0,297.08029197080293,Spike,5050.81,Paid
C8085,2025-03-01,1560,321.0,385.98130841121497,Spike,11360.47,Paid
C8085,2025-04-01,299,1560.0,-80.83333333333333,Drop,2013.99,Late
C8100,2025-11-01,676,224.0,201.78571428571428,Spike,5978.7,Paid
C8101,2025-06-01,765,159.0,381.1320754716981,Spike,5255.27,Late
C8101,2025-07-01,157,765.0,-79.47712418300654,Drop,1142.27,Late
C8109,2025-12-01,130,603.0,-78.44112769485903,Drop,1571.87,Unpaid
C8113,2025-08-01,780,170.0,358.8235294117647,Spike,5141.72,Late
C8113,2025-09-01,161,780.0,-79.35897435897435,Drop,1177.19,Late
C8115,2025-03-01,602,180.0,234.44444444444446,Spike,4578.16,Unpaid
C8115,2025-07-01,869,205.0,323.9024390243903,Spike,5740.85,Paid
C8115,2025-08-01,201,869.0,-76.86996547756041,Drop,1533.16,Unpaid
C8115,2025-10-01,49,194.0,-74.74226804123711,Drop,500.96,Late
C8115,2025-11-01,219,49.0,346.9387755102041,Spike,1757.33,Late
C8116,2025-08-01,2625,979.0,168.13074565883554,Spike,22995.41,Paid
C8123,2025-09-01,345,174.0,98.27586206896551,Spike,2536.19,Late
C8125,2025-04-01,262,82.0,219.51219512195124,Spike,1873.39,Paid
C8125,2025-11-01,661,351.0,88.31908831908832,Spike,4327.62,Paid
C8127,2025-12-01,683,165.0,313.93939393939394,Spike,4603.18,Unpaid
C8131,2025-05-01,858,227.0,277.97356828193836,Spike,6478.86,Late
C8131,2025-06-01,211,858.0,-75.4079254079254,Drop,1521.96,Unpaid
C8142,2025-12-01,508,112.0,353.57142857142856,Spike,3604.17,Late
C8150,2025-11-01,1331,242.0,450.0,Spike,9248.14,Paid
C8150,2025-12-01,304,1331.0,-77.16003005259203,Drop,1994.49,Paid
C8159,2025-11-01,199,106.0,87.73584905660378,Spike,1504.96,Unpaid
C8160,2025-10-01,51,199.0,-74.37185929648241,Drop,509.93,Paid
C8160,2025-11-01,199,51.0,290.19607843137254,Spike,1430.03,Paid
C8161,2025-03-01,117,563.0,-79.21847246891652,Drop,1346.78,Paid
C8161,2025-04-01,598,117.0,411.1111111111111,Spike,5772.45,Paid
C8162,2025-03-01,1050,288.0,264.58333333333337,Spike,7633.52,Paid
C8162,2025-04-01,301,1050.0,-71.33333333333334,Drop,1957.15,Paid
C8163,2025-08-01,683,285.0,139.64912280701753,Spike,4355.55,Unpaid
C8165,2025-12-01,3439,804.0,327.7363184079602,Spike,32277.37,Paid
C8175,2025-03-01,73,271.0,-73.06273062730627,Drop,599.68,Paid
C8175,2025-04-01,212,73.0,190.4109589041096,Spike,1612.82,Paid
C8176,2025-12-01,66,272.0,-75.73529411764706,Drop,620.62,Paid
C8181,2025-03-01,869,308.0,182.14285714285714,Spike,6185.21,Paid
C8190,2025-07-01,951,256.0,271.484375,Spike,6275.02,Paid
C8194,2025-10-01,440,119.0,269.74789915966386,Spike,2947.77,Late
C8194,2025-11-01,112,440.0,-74.54545454545455,Drop,898.15,Late
C8195,2025-03-01,2451,571.0,329.2469352014011,Spike,21860.06,Late
C8195,2025-04-01,464,2451.0,-81.06895144838842,Drop,4441.65,Late
C8200,2025-08-01,2669,598.0,346.3210702341137,Spike,24349.52,Paid
C8200,2025-09-01,550,2669.0,-79.39303109778943,Drop,4859.29,Unpaid
C8201,2025-12-01,721,230.0,213.47826086956522,Spike,4697.67,Paid
C8202,2025-08-01,33,126.0,-73.80952380952381,Drop,390.83,Paid
C8202,2025-09-01,164,33.0,396.969696969697,Spike,1139.15,Late
C8203,2025-08-01,284,120.0,136.66666666666666,Spike,1947.39,Unpaid
C8206,2025-02-01,255,1143.0,-77.69028871391076,Drop,1766.6,Unpaid
C8206,2025-05-01,1003,283.0,254.41696113074204,Spike,6910.08,Late
C8206,2025-06-01,297,1003.0,-70.38883349950149,Drop,1992.06,Unpaid
C8213,2025-07-01,242,87.0,178.16091954022988,Spike,1929.19,Late
C8219,2025-09-01,185,866.0,-78.63741339491916,Drop,2065.37,Paid
C8219,2025-10-01,779,185.0,321.0810810810811,Spike,7273.28,Paid
C8220,2025-09-01,1913,463.0,313.1749460043197,Spike,17116.49,Paid
C8221,2025-05-01,3484,413.0,743.5835351089588,Spike,29108.75,Late
C8221,2025-06-01,759,3484.0,-78.21469575200919,Drop,7686.52,Late
C8222,2025-11-01,63,249.0,-74.69879518072288,Drop,571.82,Late
C8222,2025-12-01,205,63.0,225.3968253968254,Spike,1540.49,Late
C8226,2025-09-01,499,3230.0,-84.55108359133126,Drop,5803.46,Paid
C8226,2025-10-01,3356,499.0,572.5450901803607,Spike,33529.6,Paid
C8235,2025-04-01,59,280.0,-78.92857142857143,Drop,562.51,Paid
C8235,2025-05-01,261,59.0,342.37288135593224,Spike,2006.09,Paid
C8236,2025-04-01,567,136.0,316.9117647058823,Spike,4298.69,Unpaid
C8240,2025-10-01,518,133.0,289.4736842105263,Spike,3811.8,Paid
C8251,2025-08-01,979,273.0,258.6080586080586,Spike,8604.22,Paid
C8265,2025-04-01,3899,636.0,513.0503144654087,Spike,32601.83,Paid
C8265,2025-05-01,611,3899.0,-84.32931520902795,Drop,5268.99,Paid
C8270,2025-09-01,824,200.0,312.0,Spike,5476.31,Late
C8270,2025-10-01,218,824.0,-73.54368932038835,Drop,1484.54,Unpaid
C8271,2025-03-01,38,166.0,-77.10843373493977,Drop,397.23,Paid
C8271,2025-04-01,217,38.0,471.05263157894734,Spike,1638.72,Paid
C8273,2025-10-01,858,191.0,349.2146596858639,Spike,5943.03,Late
C8273,2025-11-01,171,858.0,-80.06993006993007,Drop,1248.12,Late
C8275,2025-08-01,757,198.0,282.32323232323233,Spike,5385.68,Paid
C8282,2025-11-01,881,270.0,226.2962962962963,Spike,5702.65,Paid
C8283,2025-06-01,1391,430.0,223.48837209302323,Spike,8656.22,Paid
C8283,2025-09-01,378,152.0,148.6842105263158,Spike,2471.14,Unpaid
C8297,2025-04-01,790,295.0,167.79661016949152,Spike,5632.68,Unpaid
C8299,2025-06-01,254,61.0,316.39344262295083,Spike,1921.6,Paid
C8302,2025-09-01,468,188.0,148.93617021276594,Spike,3646.06,Paid
C8311,2025-02-01,1643,5609.0,-70.70779105009805,Drop,16064.74,Paid
C8312,2025-06-01,35,126.0,-72.22222222222221,Drop,387.17,Paid
C8312,2025-07-01,138,35.0,294.28571428571433,Spike,1132.88,Paid
C8316,2025-02-01,7242,2297.0,215.2808010448411,Spike,79135.29,Paid
C8317,2025-07-01,680,227.0,199.55947136563876,Spike,4668.79,Unpaid
C8318,2025-03-01,212,70.0,202.85714285714283,Spike,1461.25,Paid
C8318,2025-04-01,715,212.0,237.26415094339623,Spike,4523.86,Paid
C8318,2025-05-01,153,715.0,-78.6013986013986,Drop,1118.62,Paid
C8323,2025-07-01,722,202.0,257.4257425742574,Spike,5490.32,Unpaid
C8323,2025-08-01,154,722.0,-78.67036011080333,Drop,1195.25,Paid
C8325,2025-08-01,662,178.0,271.91011235955057,Spike,4514.44,Unpaid
C8325,2025-09-01,161,662.0,-75.67975830815709,Drop,1131.67,Paid
C8327,2025-09-01,837,222.0,277.02702702702703,Spike,6407.65,Paid
C8332,2025-05-01,2471,704.0,250.99431818181816,Spike,21260.54,Paid
C8332,2025-09-01,1323,775.0,70.70967741935485,Spike,13353.29,Paid
C8335,2025-03-01,574,212.0,170.75471698113208,Spike,3850.09,Unpaid
C8341,2025-04-01,144,819.0,-82.41758241758241,Drop,1678.02,Paid
C8341,2025-05-01,731,144.0,407.6388888888889,Spike,6653.22,Late
C8344,2025-03-01,511,199.0,156.78391959798995,Spike,3551.57,Paid
C8345,2025-06-01,997,202.0,393.56435643564356,Spike,6809.52,Late
C8345,2025-07-01,210,997.0,-78.93681043129388,Drop,1504.56,Paid
C8346,2025-06-01,603,170.0,254.70588235294116,Spike,4011.81,Paid
C8365,2025-07-01,75,281.0,-73.30960854092527,Drop,685.0,Unpaid
C8365,2025-08-01,265,75.0,253.33333333333331,Spike,2024.62,Paid
C8370,2025-10-01,114,434.0,-73.73271889400922,Drop,1439.73,Paid
C8370,2025-11-01,397,114.0,248.24561403508773,Spike,3866.77,Paid
C8374,2025-05-01,905,245.0,269.3877551020408,Spike,6664.09,Late
C8374,2025-06-01,247,905.0,-72.70718232044199,Drop,1671.45,Paid
C8374,2025-09-01,870,234.0,271.7948717948718,Spike,5598.19,Late
C8374,2025-10-01,245,870.0,-71.83908045977012,Drop,1762.52,Paid
C8377,2025-04-01,848,220.0,285.45454545454544,Spike,6058.07,Paid
C8377,2025-10-01,697,275.0,153.45454545454544,Spike,4369.58,Paid
C8382,2025-02-01,137,34.0,302.94117647058823,Spike,1000.49,Paid
C8383,2025-02-01,1321,595.0,122.01680672268908,Spike,15251.74,Unpaid
C8386,2025-09-01,651,333.0,95.4954954954955,Spike,4406.72,Paid
C8390,2025-09-01,258,84.0,207.14285714285717,Spike,1898.3,Late
C8400,2025-11-01,652,209.0,211.96172248803828,Spike,4416.17,Paid
C8409,2025-08-01,81,305.0,-73.44262295081967,Drop,674.93,Paid
C8409,2025-09-01,1212,81.0,1396.2962962962963,Spike,7475.07,Paid
C8409,2025-10-01,304,1212.0,-74.91749174917491,Drop,2192.74,Late
C8410,2025-02-01,267,108.0,147.22222222222223,Spike,2078.71,Paid
C8412,2025-05-01,707,189.0,274.0740740740741,Spike,5345.39,Paid
C8412,2025-06-01,202,707.0,-71.42857142857143,Drop,1544.24,Paid
C8414,2025-10-01,156,571.0,-72.67950963222417,Drop,1754.65,Unpaid
C8414,2025-11-01,574,156.0,267.94871794871796,Spike,5302.93,Late
C8419,2025-05-01,51,202.0,-74.75247524752476,Drop,471.98,Late
C8419,2025-06-01,192,51.0,276.4705882352941,Spike,1444.6,Paid
C8424,2025-04-01,889,284.0,213.0281690140845,Spike,6264.57,Late
C8424,2025-05-01,203,889.0,-77.16535433070865,Drop,1474.89,Unpaid
C8435,2025-12-01,1214,344.0,252.90697674418604,Spike,7850.71,Late
C8438,2025-04-01,1008,294.0,242.85714285714283,Spike,6533.67,Unpaid
C8438,2025-05-01,291,1008.0,-71.13095238095238,Drop,2279.77,Unpaid
C8440,2025-11-01,407,147.0,176.87074829931973,Spike,3165.52,Paid
C8441,2025-04-01,414,149.0,177.8523489932886,Spike,3057.7,Unpaid
C8441,2025-09-01,499,137.0,264.2335766423358,Spike,3810.13,Late
C8445,2025-06-01,1186,334.0,255.08982035928142,Spike,8097.44,Paid
C8447,2025-02-01,135,586.0,-76.96245733788396,Drop,1045.01,Paid
C8448,2025-07-01,753,146.0,415.75342465753425,Spike,5317.75,Paid
C8448,2025-08-01,186,753.0,-75.2988047808765,Drop,1501.32,Paid
C8455,2025-08-01,2058,362.0,468.5082872928176,Spike,18649.02,Paid
C8455,2025-09-01,393,2058.0,-80.90379008746356,Drop,4185.6,Late
C8456,2025-11-01,3405,1059.0,221.5297450424929,Spike,35981.1,Paid
C8463,2025-05-01,1672,492.0,239.83739837398375,Spike,13801.66,Paid
C8479,2025-10-01,322,1127.0,-71.42857142857143,Drop,2946.0,Paid
C8479,2025-11-01,842,322.0,161.49068322981367,Spike,8698.46,Late
C8480,2025-05-01,858,231.0,271.42857142857144,Spike,5907.29,Late
C8480,2025-06-01,194,858.0,-77.3892773892774,Drop,1494.27,Late
C8481,2025-09-01,997,260.0,283.46153846153845,Spike,7600.42,Late
C8481,2025-10-01,275,997.0,-72.4172517552658,Drop,2192.52,Late
C8483,2025-12-01,1035,200.0,417.5,Spike,7891.02,Late
C8488,2025-02-01,2156,8006.0,-73.07019735198601,Drop,25762.71,Late
C8493,2025-03-01,619,91.0,580.2197802197802,Spike,4017.6,Late
C8498,2025-06-01,1670,604.0,176.49006622516558,Spike,16364.95,Late
C8513,2025-04-01,772,157.0,391.71974522292993,Spike,5111.53,Late
C8513,2025-05-01,165,772.0,-78.62694300518135,Drop,1292.12,Paid
C8519,2025-08-01,3932,891.0,341.3019079685746,Spike,32014.33,Paid
C8519,2025-09-01,1028,3932.0,-73.85554425228891,Drop,8831.82,Paid
C8523,2025-10-01,177,97.0,82.4742268041237,Spike,1395.01,Paid
C8524,2025-02-01,492,125.0,293.6,Spike,4723.59,Late
C8524,2025-04-01,1716,502.0,241.83266932270917,Spike,17292.59,Paid
C8524,2025-05-01,376,1716.0,-78.08857808857809,Drop,3599.88,Paid
C8538,2025-08-01,37,135.0,-72.5925925925926,Drop,419.2,Paid
C8538,2025-09-01,156,37.0,321.6216216216216,Spike,1194.41,Paid
C8549,2025-10-01,100,453.0,-77.92494481236203,Drop,1101.6,Unpaid
C8549,2025-11-01,330,100.0,229.99999999999997,Spike,3303.04,Unpaid
C8550,2025-04-01,194,669.0,-71.00149476831092,Drop,1977.95,Late
C8550,2025-05-01,612,194.0,215.46391752577318,Spike,5608.83,Paid
C8551,2025-02-01,2914,737.0,295.3867028493894,Spike,24430.43,Paid
C8551,2025-03-01,701,2914.0,-75.94371997254633,Drop,7075.53,Paid
C8554,2025-03-01,248,78.0,217.94871794871793,Spike,1643.19,Paid
C8557,2025-05-01,48,176.0,-72.72727272727273,Drop,494.48,Paid
C8557,2025-06-01,160,48.0,233.33333333333334,Spike,1110.75,Late
C8559,2025-04-01,39,138.0,-71.73913043478261,Drop,405.66,Paid
C8559,2025-05-01,171,39.0,338.46153846153845,Spike,1385.88,Late
C8560,2025-05-01,290,1050.0,-72.38095238095238,Drop,3151.11,Late
C8560,2025-06-01,4008,290.0,1282.0689655172414,Spike,36605.37,Paid
C8560,2025-07-01,950,4008.0,-76.29740518962076,Drop,9330.69,Late
C8561,2025-09-01,2038,732.0,178.4153005464481,Spike,20658.05,Paid
C8570,2025-10-01,168,57.0,194.73684210526315,Spike,1401.19,Paid
C8572,2025-04-01,264,116.0,127.58620689655173,Spike,2104.89,Late
C8572,2025-11-01,600,129.0,365.1162790697674,Spike,3958.88,Paid
C8572,2025-12-01,142,600.0,-76.33333333333333,Drop,1073.82,Paid
C8580,2025-10-01,971,346.0,180.635838150289,Spike,9124.88,Paid
C8582,2025-05-01,644,129.0,399.2248062015504,Spike,4859.91,Late
C8582,2025-06-01,115,644.0,-82.14285714285714,Drop,841.94,Paid
C8582,2025-08-01,28,102.0,-72.54901960784314,Drop,353.93,Late
C8582,2025-09-01,153,28.0,446.42857142857144,Spike,1123.66,Paid
C8582,2025-12-01,400,125.0,220.00000000000003,Spike,2781.72,Paid
C8588,2025-12-01,1805,673.0,168.20208023774146,Spike,16154.54,Paid
C8589,2025-10-01,262,86.0,204.6511627906977,Spike,1994.89,Late
C8597,2025-03-01,827,289.0,186.15916955017303,Spike,5396.1,Unpaid
C8597,2025-04-01,246,827.0,-70.25392986698911,Drop,1822.54,Late
C8602,2025-08-01,134,45.0,197.77777777777777,Spike,1077.48,Late
C8603,2025-07-01,1196,333.0,259.1591591591592,Spike,7476.28,Paid
C8603,2025-08-01,322,1196.0,-73.07692307692307,Drop,2508.23,Paid
C8613,2025-02-01,543,2247.0,-75.83444592790387,Drop,5088.68,Unpaid
C8613,2025-06-01,2188,642.0,240.80996884735205,Spike,20915.22,Unpaid
C8613,2025-07-01,525,2188.0,-76.00548446069469,Drop,5524.65,Paid
C8617,2025-02-01,963,232.0,315.08620689655174,Spike,7002.3,Late
C8617,2025-03-01,201,963.0,-79.12772585669782,Drop,1548.85,Unpaid
C8624,2025-02-01,260,51.0,409.8039215686274,Spike,1899.11,Late
C8632,2025-10-01,643,246.0,161.3821138211382,Spike,4858.11,Paid
C8632,2025-11-01,167,643.0,-74.02799377916018,Drop,1250.58,Paid
C8634,2025-09-01,10120,3603.0,180.87704690535665,Spike,106378.25,Paid
C8635,2025-02-01,116,24.0,383.33333333333337,Spike,870.73,Paid
C8636,2025-02-01,173,52.0,232.6923076923077,Spike,1283.99,Paid
C8640,2025-08-01,1010,273.0,269.96336996337,Spike,6647.51,Late
C8640,2025-09-01,300,1010.0,-70.29702970297029,Drop,2004.95,Paid
C8644,2025-04-01,1349,249.0,441.7670682730924,Spike,10139.9,Late
C8644,2025-05-01,355,1349.0,-73.68421052631578,Drop,2726.4,Late
C8657,2025-07-01,411,131.0,213.74045801526717,Spike,4009.42,Paid
C8660,2025-10-01,493,133.0,270.6766917293233,Spike,3656.21,Paid
C8660,2025-11-01,140,493.0,-71.6024340770791,Drop,1045.06,Paid
C8675,2025-11-01,63,231.0,-72.72727272727273,Drop,613.14,Late
C8675,2025-12-01,280,63.0,344.44444444444446,Spike,1945.26,Late
C8676,2025-07-01,949,346.0,174.27745664739885,Spike,6540.67,Paid
C8677,2025-05-01,3511,905.0,287.95580110497235,Spike,34871.03,Paid
C8677,2025-06-01,645,3511.0,-81.62916547992025,Drop,6614.54,Paid
C8681,2025-05-01,167,760.0,-78.02631578947368,Drop,1645.86,Late
C8681,2025-06-01,742,167.0,344.311377245509,Spike,7194.6,Late
C8686,2025-03-01,2193,964.0,127.48962655601659,Spike,18758.11,Paid
C8687,2025-06-01,2171,542.0,300.55350553505536,Spike,17899.99,Late
C8687,2025-07-01,480,2171.0,-77.89037309995393,Drop,4780.13,Paid
C8688,2025-07-01,1372,242.0,466.9421487603306,Spike,8410.95,Late
C8688,2025-08-01,281,1372.0,-79.51895043731778,Drop,1855.4,Late
C8691,2025-02-01,232,66.0,251.5151515151515,Spike,1809.04,Paid
C8693,2025-09-01,55,203.0,-72.9064039408867,Drop,522.77,Paid
C8693,2025-10-01,258,55.0,369.09090909090907,Spike,1773.9,Paid
C8695,2025-12-01,98,519.0,-81.11753371868978,Drop,1147.58,Late
C8699,2025-02-01,200,64.0,212.5,Spike,1525.32,Paid
C8707,2025-09-01,851,227.0,274.8898678414097,Spike,5736.2,Paid
C8707,2025-10-01,236,851.0,-72.26792009400705,Drop,1692.47,Paid
C8710,2025-04-01,727,213.0,241.31455399061034,Spike,6865.71,Paid
C8712,2025-03-01,658,192.0,242.70833333333334,Spike,4970.58,Late
C8715,2025-10-01,904,256.0,253.125,Spike,6603.58,Paid
C8717,2025-04-01,185,73.0,153.42465753424656,Spike,1303.47,Late
C8717,2025-11-01,583,240.0,142.91666666666666,Spike,3792.62,Late
C8718,2025-02-01,3760,925.0,306.48648648648646,Spike,33906.77,Paid
C8718,2025-03-01,868,3760.0,-76.91489361702128,Drop,7459.83,Paid
C8724,2025-09-01,540,196.0,175.51020408163265,Spike,5660.04,Paid
C8727,2025-08-01,138,58.0,137.93103448275863,Spike,995.9,Paid
C8732,2025-04-01,585,190.0,207.89473684210526,Spike,3761.75,Paid
C8732,2025-05-01,169,585.0,-71.11111111111111,Drop,1254.99,Paid
C8739,2025-06-01,259,103.0,151.45631067961165,Spike,1802.45,Paid
C8749,2025-03-01,1468,277.0,429.9638989169675,Spike,9951.98,Late
C8749,2025-04-01,337,1468.0,-77.04359673024524,Drop,2189.1,Paid
C8753,2025-05-01,39,139.0,-71.94244604316546,Drop,396.29,Paid
C8753,2025-06-01,175,39.0,348.71794871794873,Spike,1380.18,Paid
C8755,2025-05-01,595,158.0,276.5822784810127,Spike,4387.61,Late
C8756,2025-11-01,155,562.0,-72.41992882562278,Drop,1742.74,Paid
C8756,2025-12-01,715,155.0,361.2903225806451,Spike,7134.7,Paid
C8758,2025-09-01,184,625.0,-70.56,Drop,2106.4,Paid
C8758,2025-10-01,686,184.0,272.82608695652175,Spike,6990.78,Paid
C8759,2025-02-01,1436,440.0,226.36363636363637,Spike,14223.04,Late
C8759,2025-03-01,413,1436.0,-71.23955431754875,Drop,3779.73,Late
C8763,2025-02-01,258,941.0,-72.58235919234856,Drop,1754.36,Paid
C8763,2025-10-01,71,268.0,-73.50746268656717,Drop,676.29,Paid
C8763,2025-11-01,310,71.0,336.61971830985914,Spike,2085.94,Paid
C8769,2025-02-01,519,147.0,253.06122448979593,Spike,3436.82,Late
C8769,2025-03-01,151,519.0,-70.90558766859345,Drop,1206.2,Late
C8782,2025-12-01,69,293.0,-76.45051194539249,Drop,587.59,Paid
C8784,2025-10-01,1008,270.0,273.3333333333333,Spike,7620.13,Paid
C8784,2025-11-01,273,1008.0,-72.91666666666666,Drop,2173.38,Paid
C8788,2025-02-01,500,2130.0,-76.52582159624414,Drop,4808.55,Paid
C8790,2025-03-01,671,264.0,154.16666666666669,Spike,4911.46,Unpaid
C8797,2025-10-01,193,685.0,-71.82481751824817,Drop,1947.99,Late
C8797,2025-11-01,2504,193.0,1197.4093264248704,Spike,24840.17,Late
C8797,2025-12-01,618,2504.0,-75.31948881789138,Drop,6161.02,Unpaid
C8799,2025-11-01,1245,234.0,432.05128205128204,Spike,8492.29,Paid
C8799,2025-12-01,247,1245.0,-80.16064257028113,Drop,1833.39,Paid
C8803,2025-10-01,16004,3316.0,382.6296743063932,Spike,152596.05,Paid
C8803,2025-11-01,3115,16004.0,-80.53611597100725,Drop,34283.14,Paid
C8804,2025-12-01,283,101.0,180.1980198019802,Spike,2077.95,Paid
C8805,2025-03-01,758,314.0,141.40127388535032,Spike,5683.72,Late
C8806,2025-04-01,716,159.0,350.314465408805,Spike,4665.38,Paid
C8806,2025-05-01,174,716.0,-75.69832402234637,Drop,1429.57,Paid
C8806,2025-10-01,493,169.0,191.71597633136093,Spike,3596.52,Paid
C8809,2025-02-01,302,83.0,263.855421686747,Spike,1971.38,Unpaid
C8812,2025-07-01,747,346.0,115.89595375722543,Spike,4692.7,Paid
C8816,2025-07-01,566,221.0,156.10859728506787,Spike,3858.79,Paid
C8818,2025-02-01,1683,386.0,336.0103626943005,Spike,14524.53,Unpaid
C8818,2025-03-01,352,1683.0,-79.08496732026144,Drop,3509.44,Unpaid
C8819,2025-05-01,3201,656.0,387.9573170731707,Spike,30154.31,Paid
C8819,2025-06-01,785,3201.0,-75.47641362074351,Drop,6965.44,Paid
C8821,2025-11-01,537,167.0,221.5568862275449,Spike,3843.24,Paid
C8823,2025-09-01,274,133.0,106.01503759398496,Spike,2148.77,Paid
C8825,2025-12-01,91,320.0,-71.5625,Drop,758.35,Paid
C8835,2025-06-01,1031,296.0,248.31081081081078,Spike,7505.18,Unpaid
C8835,2025-07-01,291,1031.0,-71.77497575169738,Drop,1907.32,Late
C8842,2025-08-01,1070,279.0,283.5125448028674,Spike,6886.74,Paid
C8842,2025-09-01,283,1070.0,-73.55140186915888,Drop,1859.19,Late
C8843,2025-02-01,1162,347.0,234.87031700288185,Spike,8657.19,Late
C8843,2025-03-01,267,1162.0,-77.0223752151463,Drop,1975.21,Paid
C8844,2025-10-01,662,215.0,207.90697674418604,Spike,4441.69,Paid
C8844,2025-11-01,179,662.0,-72.9607250755287,Drop,1282.69,Paid
C8848,2025-10-01,1050,347.0,202.5936599423631,Spike,7392.17,Unpaid
C8850,2025-09-01,847,246.0,244.30894308943087,Spike,5580.17,Paid
C8850,2025-10-01,213,847.0,-74.85242030696575,Drop,1692.93,Paid
C8855,2025-03-01,999,327.0,205.50458715596332,Spike,6523.0,Paid
C8856,2025-12-01,29,174.0,-83.33333333333334,Drop,343.38,Late
C8865,2025-04-01,1094,353.0,209.91501416430594,Spike,7227.34,Late
C8871,2025-07-01,2924,1199.0,143.8698915763136,Spike,24229.45,Paid
C8871,2025-12-01,1446,837.0,72.75985663082437,Spike,13654.65,Paid
C8872,2025-12-01,1265,282.0,348.58156028368796,Spike,8055.57,Late
C8879,2025-05-01,46,189.0,-75.66137566137566,Drop,457.85,Paid
C8879,2025-06-01,175,46.0,280.4347826086956,Spike,1344.48,Paid
C8882,2025-02-01,695,80.0,768.75,Spike,4429.9,Unpaid
C8882,2025-03-01,138,695.0,-80.14388489208632,Drop,1029.12,Unpaid
C8885,2025-10-01,356,148.0,140.54054054054055,Spike,2406.33,Paid
C8891,2025-11-01,576,160.0,260.0,Spike,3983.21,Paid
C8891,2025-12-01,139,576.0,-75.86805555555556,Drop,1189.27,Paid
C8903,2025-03-01,171,62.0,175.80645161290323,Spike,1382.03,Paid
C8918,2025-04-01,633,124.0,410.4838709677419,Spike,4382.8,Paid
C8918,2025-05-01,159,633.0,-74.88151658767772,Drop,1245.16,Paid
C8918,2025-10-01,475,131.0,262.59541984732823,Spike,3687.63,Paid
C8923,2025-05-01,532,189.0,181.4814814814815,Spike,3813.53,Unpaid
C8923,2025-06-01,149,532.0,-71.99248120300751,Drop,1199.85,Late
C8927,2025-12-01,2383,769.0,209.88296488946685,Spike,19384.47,Late
C8936,2025-07-01,765,183.0,318.0327868852459,Spike,4816.43,Paid
C8936,2025-08-01,224,765.0,-70.71895424836602,Drop,1672.47,Late
C8937,2025-06-01,491,113.0,334.5132743362832,Spike,3154.07,Paid
C8937,2025-07-01,118,491.0,-75.96741344195519,Drop,862.04,Paid
C8941,2025-02-01,903,175.0,416.0,Spike,5967.38,Paid
C8941,2025-03-01,198,903.0,-78.07308970099668,Drop,1392.59,Paid
C8941,2025-04-01,640,198.0,223.23232323232324,Spike,4862.17,Paid
C8941,2025-05-01,184,640.0,-71.25,Drop,1438.28,Paid
C8948,2025-10-01,1500,860.0,74.4186046511628,Spike,12401.34,Paid
C8949,2025-08-01,1801,503.0,258.051689860835,Spike,16887.87,Paid
C8949,2025-09-01,456,1801.0,-74.68073292615213,Drop,4116.7,Unpaid
C8960,2025-03-01,695,191.0,263.8743455497382,Spike,5103.82,Paid
C8960,2025-04-01,152,695.0,-78.12949640287769,Drop,1144.61,Paid
C8960,2025-12-01,629,141.0,346.09929078014187,Spike,4728.6,Paid
C8962,2025-02-01,666,184.0,261.95652173913044,Spike,4698.8,Late
C8962,2025-03-01,191,666.0,-71.32132132132132,Drop,1503.8,Unpaid
C8963,2025-07-01,745,210.0,254.76190476190476,Spike,4905.79,Paid
C8968,2025-03-01,1334,347.0,284.4380403458213,Spike,9798.78,Paid
C8968,2025-04-01,328,1334.0,-75.41229385307346,Drop,2269.99,Paid
C8975,2025-11-01,527,150.0,251.33333333333331,Spike,3351.69,Late
C8975,2025-12-01,128,527.0,-75.71157495256166,Drop,953.66,Paid
C8978,2025-10-01,820,255.0,221.56862745098042,Spike,8160.27,Late
C8982,2025-10-01,1380,448.0,208.03571428571428,Spike,8868.75,Paid
C8982,2025-11-01,390,1380.0,-71.73913043478261,Drop,2759.28,Paid
C8983,2025-12-01,67,238.0,-71.84873949579831,Drop,612.27,Paid
C8984,2025-03-01,33,156.0,-78.84615384615384,Drop,395.66,Paid
C8984,2025-04-01,169,33.0,412.1212121212121,Spike,1412.42,Paid
C8986,2025-12-01,3584,772.0,364.24870466321244,Spike,30521.22,Paid
C8988,2025-03-01,299,151.0,98.01324503311258,Spike,2256.8,Paid
C8992,2025-04-01,279,114.0,144.73684210526315,Spike,2148.04,Paid
C8993,2025-08-01,475,170.0,179.41176470588235,Spike,3589.65,Paid
C8996,2025-12-01,355,141.0,151.77304964539007,Spike,2782.25,Late
C8998,2025-04-01,731,212.0,244.81132075471697,Spike,4738.7,Paid
C8998,2025-05-01,217,731.0,-70.31463748290014,Drop,1569.76,Paid
C9000,2025-09-01,860,246.0,249.59349593495938,Spike,6210.63,Late
C9000,2025-10-01,222,860.0,-74.18604651162791,Drop,1519.03,Paid
C9002,2025-08-01,721,193.0,273.57512953367876,Spike,5250.19,Late
C9002,2025-09-01,214,721.0,-70.31900138696255,Drop,1572.49,Late
C9007,2025-07-01,913,314.0,190.76433121019107,Spike,9336.94,Paid
C9009,2025-09-01,380,134.0,183.5820895522388,Spike,2521.28,Paid
C9017,2025-02-01,119,44.0,170.45454545454547,Spike,991.9,Paid
C9021,2025-07-01,881,238.0,270.1680672268908,Spike,5627.16,Late
C9033,2025-05-01,260,66.0,293.93939393939394,Spike,1819.61,Late
C9035,2025-08-01,696,293.0,137.54266211604096,Spike,7070.41,Paid
C9042,2025-11-01,727,263.0,176.425855513308,Spike,5028.32,Unpaid
C9045,2025-03-01,952,237.0,301.68776371308013,Spike,6962.27,Late
C9045,2025-04-01,211,952.0,-77.83613445378151,Drop,1672.35,Unpaid
C9046,2025-02-01,123,580.0,-78.79310344827586,Drop,971.82,Paid
C9049,2025-02-01,576,197.0,192.38578680203048,Spike,5183.99,Unpaid
C9049,2025-10-01,2858,746.0,283.10991957104557,Spike,23845.04,Unpaid
C9055,2025-08-01,414,189.0,119.04761904761905,Spike,3880.92,Paid
C9057,2025-02-01,107,37.0,189.1891891891892,Spike,901.05,Late
C9058,2025-09-01,205,106.0,93.39622641509435,Spike,1573.32,Paid
C9059,2025-08-01,582,188.0,209.5744680851064,Spike,3788.28,Paid
C9062,2025-08-01,199,86.0,131.3953488372093,Spike,1482.93,Unpaid
C9062,2025-11-01,813,177.0,359.3220338983051,Spike,5076.14,Paid
C9062,2025-12-01,212,813.0,-73.92373923739237,Drop,1698.97,Paid
C9063,2025-04-01,3187,757.0,321.003963011889,Spike,29516.94,Paid
C9063,2025-05-01,953,3187.0,-70.0972701600251,Drop,8773.89,Paid
C9068,2025-06-01,69,296.0,-76.6891891891892,Drop,604.99,Late
C9068,2025-07-01,209,69.0,202.8985507246377,Spike,1636.47,Late
C9072,2025-02-01,338,91.0,271.42857142857144,Spike,2266.18,Paid
C9072,2025-11-01,90,305.0,-70.49180327868852,Drop,787.59,Paid
C9072,2025-12-01,242,90.0,168.88888888888889,Spike,1672.2,Unpaid
C9075,2025-02-01,2462,816.0,201.7156862745098,Spike,24369.2,Paid
C9081,2025-11-01,682,211.0,223.22274881516586,Spike,5107.02,Paid
C9081,2025-12-01,196,682.0,-71.26099706744868,Drop,1583.16,Paid
C9083,2025-04-01,63,230.0,-72.60869565217392,Drop,530.21,Late
C9083,2025-05-01,198,63.0,214.28571428571428,Spike,1465.81,Unpaid
C9088,2025-10-01,3086,910.0,239.12087912087912,Spike,25011.09,Paid
C9090,2025-11-01,489,165.0,196.36363636363637,Spike,4358.71,Paid
C9093,2025-10-01,700,163.0,329.4478527607362,Spike,4421.93,Paid
C9093,2025-11-01,138,700.0,-80.28571428571428,Drop,1052.56,Paid
C9095,2025-02-01,192,61.0,214.75409836065575,Spike,1361.48,Unpaid
C9096,2025-05-01,1570,588.0,167.00680272108843,Spike,14835.02,Paid
C9108,2025-02-01,263,1336.0,-80.31437125748504,Drop,1965.19,Unpaid
C9114,2025-03-01,260,103.0,152.4271844660194,Spike,1853.53,Late
C9115,2025-06-01,894,221.0,304.52488687782807,Spike,6743.5,Paid
C9115,2025-07-01,244,894.0,-72.7069351230425,Drop,1940.57,Paid
C9124,2025-07-01,294,100.0,194.0,Spike,2030.35,Unpaid
C9126,2025-07-01,864,224.0,285.7142857142857,Spike,6320.55,Paid
C9126,2025-08-01,189,864.0,-78.125,Drop,1316.82,Late
C9127,2025-07-01,240,94.0,155.3191489361702,Spike,1916.07,Unpaid
C9134,2025-11-01,987,232.0,325.4310344827586,Spike,7244.7,Paid
C9134,2025-12-01,200,987.0,-79.73657548125634,Drop,1455.05,Paid
C9136,2025-02-01,311,107.0,190.65420560747663,Spike,2221.44,Paid
C9153,2025-11-01,559,197.0,183.75634517766497,Spike,4293.56,Unpaid
C9159,2025-12-01,650,273.0,138.0952380952381,Spike,4783.76,Unpaid
C9164,2025-02-01,590,160.0,268.75,Spike,4183.16,Late
C9173,2025-02-01,147,649.0,-77.34976887519261,Drop,1199.34,Late
C9175,2025-03-01,66,263.0,-74.90494296577947,Drop,631.28,Unpaid
C9175,2025-04-01,216,66.0,227.27272727272728,Spike,1763.2,Late
C9177,2025-11-01,1049,240.0,337.0833333333333,Spike,7591.56,Unpaid
C9177,2025-12-01,261,1049.0,-75.11916110581505,Drop,1716.05,Late
C9181,2025-03-01,898,218.0,311.92660550458714,Spike,6007.05,Paid
C9181,2025-04-01,229,898.0,-74.49888641425389,Drop,1763.19,Unpaid
C9182,2025-05-01,142,57.0,149.12280701754386,Spike,1163.19,Paid
C9183,2025-09-01,197,90.0,118.88888888888889,Spike,1481.19,Paid
C9186,2025-09-01,680,203.0,234.97536945812806,Spike,4819.05,Paid
C9186,2025-10-01,151,680.0,-77.79411764705883,Drop,1215.71,Late
C9192,2025-12-01,377,99.0,280.8080808080808,Spike,2620.65,Paid
C9195,2025-09-01,969,226.0,328.76106194690266,Spike,6582.94,Unpaid
C9195,2025-10-01,233,969.0,-75.9545923632611,Drop,1655.47,Unpaid
C9196,2025-08-01,1099,250.0,339.59999999999997,Spike,8346.68,Unpaid
C9196,2025-09-01,277,1099.0,-74.79526842584167,Drop,1830.92,Unpaid
C9200,2025-12-01,1086,340.0,219.41176470588238,Spike,7021.21,Paid
C9207,2025-07-01,714,218.0,227.52293577981652,Spike,5033.62,Paid
C9208,2025-09-01,61,225.0,-72.88888888888889,Drop,524.21,Unpaid
C9208,2025-10-01,242,61.0,296.72131147540983,Spike,1734.01,Late
C9210,2025-07-01,499,170.0,193.52941176470588,Spike,3753.12,Late
C9213,2025-02-01,263,62.0,324.19354838709677,Spike,1811.0,Paid
C9222,2025-12-01,1671,360.0,364.1666666666667,Spike,11508.6,Late
C9223,2025-11-01,362,134.0,170.1492537313433,Spike,2608.22,Late
C9226,2025-09-01,870,301.0,189.03654485049833,Spike,6083.61,Unpaid
C9239,2025-07-01,769,249.0,208.83534136546186,Spike,5914.34,Paid
C9244,2025-04-01,276,122.0,126.22950819672131,Spike,2145.91,Unpaid
C9244,2025-06-01,841,259.0,224.71042471042472,Spike,5876.11,Unpaid
C9245,2025-10-01,875,301.0,190.69767441860466,Spike,5933.96,Paid
C9253,2025-10-01,163,50.0,225.99999999999997,Spike,1147.4,Paid
C9255,2025-05-01,1131,267.0,323.5955056179775,Spike,7020.82,Paid
C9255,2025-06-01,292,1131.0,-74.18213969938108,Drop,2212.58,Paid
C9257,2025-06-01,640,219.0,192.23744292237444,Spike,4460.08,Paid
C9260,2025-09-01,1290,349.0,269.6275071633238,Spike,12250.22,Paid
C9260,2025-12-01,3187,1118.0,185.06261180679786,Spike,30454.94,Paid
C9265,2025-03-01,1484,328.0,352.4390243902439,Spike,14828.84,Unpaid
C9265,2025-04-01,407,1484.0,-72.57412398921834,Drop,4171.55,Late
C9267,2025-03-01,396,172.0,130.2325581395349,Spike,2925.26,Paid
C9270,2025-11-01,713,219.0,225.57077625570776,Spike,5316.34,Late
C9270,2025-12-01,190,713.0,-73.35203366058906,Drop,1557.01,Paid
C9271,2025-10-01,724,231.0,213.41991341991343,Spike,5251.53,Late
C9273,2025-05-01,984,226.0,335.3982300884956,Spike,7438.71,Unpaid
C9273,2025-06-01,272,984.0,-72.35772357723577,Drop,1945.34,Late
C9275,2025-05-01,1442,347.0,315.5619596541787,Spike,10398.22,Paid
C9275,2025-06-01,355,1442.0,-75.38141470180305,Drop,2435.49,Paid
C9276,2025-12-01,365,175.0,108.57142857142857,Spike,3858.19,Paid
C9282,2025-05-01,5463,2560.0,113.3984375,Spike,63551.21,Paid
C9287,2025-04-01,1155,293.0,294.19795221843003,Spike,8687.63,Paid
C9287,2025-05-01,250,1155.0,-78.35497835497836,Drop,1870.45,Paid
C9290,2025-04-01,276,78.0,253.84615384615384,Spike,1829.87,Paid
C9295,2025-02-01,2289,746.0,206.83646112600536,Spike,18967.0,Unpaid
C9295,2025-12-01,3595,774.0,364.4702842377261,Spike,36069.05,Paid
C9300,2025-08-01,121,547.0,-77.87934186471664,Drop,1410.95,Paid
C9300,2025-09-01,553,121.0,357.02479338842977,Spike,5166.86,Paid
C9302,2025-05-01,54,263.0,-79.46768060836501,Drop,521.17,Paid
C9302,2025-06-01,223,54.0,312.962962962963,Spike,1808.16,Paid
C9307,2025-02-01,51,174.0,-70.6896551724138,Drop,498.8,Paid
C9307,2025-03-01,206,51.0,303.92156862745094,Spike,1467.95,Paid
C9307,2025-11-01,208,62.0,235.48387096774195,Spike,1687.27,Paid
C9309,2025-02-01,733,44.0,1565.9090909090908,Spike,5377.8,Paid
C9309,2025-03-01,195,733.0,-73.39699863574351,Drop,1358.35,Paid
C9312,2025-11-01,226,94.0,140.4255319148936,Spike,1566.06,Paid
C9313,2025-05-01,270,74.0,264.86486486486484,Spike,2065.22,Unpaid
C9314,2025-11-01,616,212.0,190.56603773584905,Spike,4712.98,Late
C9315,2025-11-01,1223,294.0,315.98639455782313,Spike,9206.25,Paid
C9315,2025-12-01,316,1223.0,-74.16189697465249,Drop,2361.63,Late
C9319,2025-12-01,2929,848.0,245.4009433962264,Spike,24742.4,Paid
C9321,2025-04-01,304,90.0,237.77777777777777,Spike,2342.13,Paid
C9322,2025-02-01,113,469.0,-75.90618336886993,Drop,979.75,Paid
C9324,2025-02-01,156,34.0,358.8235294117647,Spike,1277.27,Late
C9325,2025-09-01,1082,359.0,201.39275766016712,Spike,7794.81,Paid
C9327,2025-08-01,77,287.0,-73.17073170731707,Drop,671.79,Unpaid
C9327,2025-09-01,294,77.0,281.8181818181818,Spike,2288.35,Unpaid
C9328,2025-03-01,1916,595.0,222.0168067226891,Spike,19411.71,Paid
C9328,2025-10-01,659,194.0,239.69072164948452,Spike,5685.53,Paid
C9337,2025-08-01,3083,1006.0,206.46123260437378,Spike,30262.27,Paid
C9337,2025-09-01,704,3083.0,-77.16509892961402,Drop,6167.49,Paid
C9337,2025-11-01,2958,804.0,267.91044776119406,Spike,25214.88,Paid
C9337,2025-12-01,625,2958.0,-78.8708586883029,Drop,5401.91,Late
C9341,2025-02-01,2011,701.0,186.87589158345222,Spike,16776.82,Paid
C9341,2025-03-01,538,2011.0,-73.24714072600696,Drop,5450.58,Paid
C9341,2025-12-01,582,304.0,91.44736842105263,Spike,6103.36,Paid
C9345,2025-08-01,14334,2808.0,410.47008547008545,Spike,157896.45,Paid
C9345,2025-09-01,2689,14334.0,-81.24040742291056,Drop,31387.25,Paid
C9346,2025-02-01,1800,515.0,249.5145631067961,Spike,15782.43,Unpaid
C9346,2025-04-01,683,2360.0,-71.05932203389831,Drop,6628.86,Unpaid
C9351,2025-08-01,591,188.0,214.36170212765958,Spike,5643.04,Paid
C9354,2025-11-01,696,139.0,400.71942446043164,Spike,5122.36,Late
C9354,2025-12-01,136,696.0,-80.45977011494253,Drop,967.31,Paid
C9363,2025-12-01,49,203.0,-75.86206896551724,Drop,479.38,Paid
C9365,2025-02-01,99,1022.0,-90.31311154598825,Drop,821.64,Paid
C9365,2025-03-01,343,99.0,246.46464646464645,Spike,2503.22,Unpaid
C9365,2025-05-01,924,269.0,243.49442379182156,Spike,6468.34,Late
C9365,2025-06-01,272,924.0,-70.56277056277057,Drop,1984.85,Late
C9368,2025-12-01,2223,552.0,302.7173913043478,Spike,20864.86,Paid
C9370,2025-04-01,1362,298.0,357.04697986577185,Spike,9169.22,Paid
C9370,2025-05-01,315,1362.0,-76.87224669603523,Drop,2173.82,Paid
C9374,2025-07-01,3172,939.0,237.80617678381256,Spike,26188.11,Paid
C9378,2025-09-01,730,204.0,257.843137254902,Spike,4796.04,Unpaid
C9381,2025-10-01,154,60.0,156.66666666666666,Spike,1144.0,Paid
C9385,2025-05-01,1086,228.0,376.3157894736842,Spike,6996.04,Unpaid
C9385,2025-06-01,296,1086.0,-72.74401473296501,Drop,1985.43,Unpaid
C9392,2025-05-01,563,185.0,204.32432432432432,Spike,4296.01,Paid
C9394,2025-04-01,167,569.0,-70.65026362038664,Drop,1939.28,Late
C9394,2025-05-01,567,167.0,239.5209580838323,Spike,5330.81,Unpaid
C9397,2025-09-01,1041,363.0,186.77685950413223,Spike,7320.24,Paid
C9397,2025-10-01,260,1041.0,-75.02401536983669,Drop,2034.33,Paid
C9403,2025-02-01,608,200.0,204.0,Spike,4682.73,Unpaid
C9405,2025-05-01,508,123.0,313.0081300813008,Spike,3788.6,Paid
C9409,2025-12-01,148,72.0,105.55555555555556,Spike,1134.08,Paid
C9411,2025-06-01,664,173.0,283.8150289017341,Spike,4586.89,Paid
C9411,2025-07-01,191,664.0,-71.23493975903614,Drop,1395.46,Paid
C9411,2025-11-01,466,167.0,179.04191616766468,Spike,3014.55,Paid
C9418,2025-12-01,899,184.0,388.5869565217391,Spike,6142.56,Unpaid
C9419,2025-04-01,253,1007.0,-74.87586891757697,Drop,2676.57,Paid
C9419,2025-05-01,698,253.0,175.88932806324112,Spike,6932.94,Paid
C9419,2025-08-01,2843,944.0,201.16525423728814,Spike,28223.33,Paid
C9420,2025-02-01,658,200.0,229.0,Spike,5065.07,Late
C9421,2025-02-01,168,52.0,223.0769230769231,Spike,1363.39,Paid
C9421,2025-06-01,492,198.0,148.4848484848485,Spike,3642.22,Paid
C9429,2025-10-01,36,187.0,-80.74866310160428,Drop,379.48,Unpaid
C9429,2025-11-01,149,36.0,313.88888888888886,Spike,1186.55,Unpaid
C9432,2025-05-01,631,212.0,197.64150943396226,Spike,4711.6,Paid
C9433,2025-03-01,1260,242.0,420.6611570247934,Spike,8727.85,Late
C9433,2025-04-01,284,1260.0,-77.46031746031747,Drop,2198.22,Unpaid
C9438,2025-05-01,28,131.0,-78.62595419847328,Drop,326.01,Paid
C9438,2025-06-01,146,28.0,421.42857142857144,Spike,1160.25,Unpaid
C9439,2025-02-01,129,492.0,-73.78048780487805,Drop,969.36,Late
C9442,2025-03-01,1129,213.0,430.0469483568075,Spike,8401.54,Paid
C9442,2025-04-01,257,1129.0,-77.23649247121345,Drop,1788.3,Paid
C9442,2025-05-01,1071,257.0,316.7315175097276,Spike,6700.59,Paid
C9442,2025-06-01,240,1071.0,-77.59103641456583,Drop,1668.26,Paid
C9444,2025-12-01,605,143.0,323.0769230769231,Spike,4432.38,Unpaid
C9446,2025-11-01,306,104.0,194.23076923076923,Spike,2139.64,Paid
C9448,2025-10-01,111,441.0,-74.82993197278913,Drop,1257.81,Late
C9448,2025-11-01,422,111.0,280.1801801801802,Spike,3686.76,Late
C9454,2025-04-01,132,60.0,120.0,Spike,1069.1,Paid
C9454,2025-07-01,169,84.0,101.19047619047619,Spike,1341.39,Paid
C9462,2025-08-01,971,447.0,117.22595078299776,Spike,8775.31,Late
C9464,2025-07-01,2179,548.0,297.62773722627736,Spike,18050.59,Paid
C9464,2025-08-01,637,2179.0,-70.76640660853603,Drop,6477.88,Paid
C9465,2025-06-01,5321,1229.0,332.9536208299431,Spike,54369.9,Unpaid
C9465,2025-07-01,1311,5321.0,-75.36177410261229,Drop,15670.98,Late
C9471,2025-10-01,475,186.0,155.3763440860215,Spike,3187.71,Unpaid
C9476,2025-04-01,2187,648.0,237.5,Spike,19831.0,Paid
C9476,2025-05-01,637,2187.0,-70.87334247828075,Drop,5983.64,Unpaid
C9477,2025-06-01,697,160.0,335.625,Spike,5056.16,Unpaid
C9477,2025-07-01,165,697.0,-76.3271162123386,Drop,1187.61,Unpaid
C9481,2025-12-01,228,97.0,135.0515463917526,Spike,1524.09,Unpaid
C9485,2025-04-01,746,307.0,142.99674267100977,Spike,6479.93,Unpaid
C9485,2025-05-01,3022,746.0,305.0938337801608,Spike,24651.83,Paid
C9485,2025-06-01,742,3022.0,-75.44672402382528,Drop,6941.27,Paid
C9485,2025-08-01,2312,588.0,293.19727891156464,Spike,18839.25,Unpaid
C9486,2025-08-01,494,150.0,229.33333333333334,Spike,5039.64,Late
C9488,2025-07-01,298,175.0,70.28571428571428,Spike,2300.68,Paid
C9489,2025-10-01,266,121.0,119.83471074380165,Spike,1882.3,Unpaid
C9492,2025-12-01,51,198.0,-74.24242424242425,Drop,514.64,Paid
C9493,2025-09-01,144,67.0,114.92537313432835,Spike,1035.11,Paid
C9498,2025-02-01,359,109.0,229.3577981651376,Spike,2460.79,Paid
C9507,2025-04-01,33,154.0,-78.57142857142857,Drop,379.75,Paid
C9507,2025-05-01,157,33.0,375.75757575757575,Spike,1258.27,Late
C9510,2025-11-01,477,144.0,231.25,Spike,3293.47,Late
C9510,2025-12-01,119,477.0,-75.05241090146751,Drop,902.83,Paid
C9514,2025-08-01,705,212.0,232.54716981132074,Spike,4745.2,Unpaid
C9518,2025-09-01,3498,802.0,336.15960099750623,Spike,29653.96,Unpaid
C9518,2025-10-01,697,3498.0,-80.07432818753574,Drop,6904.53,Late
C9519,2025-09-01,845,229.0,268.9956331877729,Spike,6088.7,Paid
C9519,2025-10-01,201,845.0,-76.2130177514793,Drop,1524.33,Late
C9523,2025-04-01,1247,293.0,325.59726962457336,Spike,8773.42,Paid
C9527,2025-05-01,653,140.0,366.4285714285714,Spike,4315.6,Paid
C9527,2025-06-01,125,653.0,-80.85758039816233,Drop,1028.82,Paid
C9530,2025-07-01,206,91.0,126.37362637362637,Spike,1616.01,Paid
C9533,2025-03-01,870,294.0,195.91836734693877,Spike,5762.75,Paid
C9536,2025-11-01,682,224.0,204.46428571428572,Spike,4746.24,Late
C9537,2025-05-01,352,152.0,131.57894736842107,Spike,2314.36,Unpaid
C9541,2025-09-01,571,175.0,226.28571428571428,Spike,4063.21,Paid
C9541,2025-11-01,191,746.0,-74.39678284182307,Drop,1302.87,Late
C9548,2025-03-01,809,214.0,278.03738317757006,Spike,5966.94,Paid
C9548,2025-04-01,199,809.0,-75.4017305315204,Drop,1423.3,Paid
C9552,2025-05-01,37,165.0,-77.57575757575758,Drop,383.46,Paid
C9552,2025-06-01,246,37.0,564.8648648648648,Spike,1801.57,Paid
C9553,2025-06-01,206,76.0,171.05263157894737,Spike,1446.41,Late
C9554,2025-04-01,954,208.0,358.6538461538462,Spike,6793.32,Late
C9555,2025-08-01,55,253.0,-78.26086956521739,Drop,540.1,Paid
C9555,2025-09-01,223,55.0,305.4545454545455,Spike,1568.08,Late
C9556,2025-10-01,935,349.0,167.90830945558739,Spike,5959.43,Late
C9556,2025-11-01,263,935.0,-71.8716577540107,Drop,1930.48,Paid
C9558,2025-03-01,341,157.0,117.19745222929936,Spike,2569.18,Late
C9560,2025-08-01,2074,843.0,146.0260972716489,Spike,20013.05,Late
C9565,2025-07-01,799,303.0,163.6963696369637,Spike,5319.11,Paid
C9565,2025-11-01,54,312.0,-82.6923076923077,Drop,517.26,Paid
C9565,2025-12-01,310,54.0,474.074074074074,Spike,2470.64,Paid
C9567,2025-09-01,1411,502.0,181.0756972111554,Spike,13287.17,Paid
C9583,2025-02-01,706,3169.0,-77.72167876301673,Drop,6864.77,Paid
C9586,2025-05-01,665,184.0,261.4130434782609,Spike,5038.83,Paid
C9586,2025-06-01,147,665.0,-77.89473684210526,Drop,1053.76,Paid
C9588,2025-03-01,3000,927.0,223.6245954692557,Spike,24304.18,Paid
C9588,2025-04-01,736,3000.0,-75.46666666666667,Drop,6321.73,Late
C9594,2025-05-01,588,178.0,230.3370786516854,Spike,6123.33,Paid
C9595,2025-09-01,2821,709.0,297.88434414668546,Spike,27985.41,Paid
C9595,2025-10-01,838,2821.0,-70.29422190712513,Drop,7947.75,Paid
C9598,2025-03-01,959,224.0,328.125,Spike,6213.62,Paid
C9598,2025-04-01,222,959.0,-76.85088633993743,Drop,1738.56,Paid
C9598,2025-12-01,1006,232.0,333.62068965517244,Spike,7100.66,Paid
C9600,2025-12-01,792,155.0,410.96774193548384,Spike,4977.88,Paid
C9606,2025-04-01,898,295.0,204.40677966101694,Spike,5919.23,Unpaid
C9608,2025-07-01,68,254.0,-73.22834645669292,Drop,574.38,Paid
C9608,2025-08-01,176,68.0,158.8235294117647,Spike,1350.57,Paid
C9609,2025-09-01,200,66.0,203.03030303030303,Spike,1526.26,Unpaid
C9613,2025-02-01,3440,1027.0,234.95618305744887,Spike,38159.83,Unpaid
C9617,2025-10-01,8971,2418.0,271.0090984284533,Spike,97829.26,Paid
C9617,2025-11-01,1984,8971.0,-77.88429383569279,Drop,23230.82,Late
C9622,2025-02-01,336,89.0,277.5280898876404,Spike,2669.61,Late
C9627,2025-10-01,602,169.0,256.2130177514793,Spike,4550.8,Late
C9627,2025-11-01,170,602.0,-71.76079734219269,Drop,1200.24,Late
C9634,2025-06-01,33,141.0,-76.59574468085107,Drop,394.33,Paid
C9634,2025-07-01,157,33.0,375.75757575757575,Spike,1246.33,Paid
C9656,2025-03-01,457,178.0,156.74157303370785,Spike,3471.04,Late
C9658,2025-03-01,886,198.0,347.4747474747475,Spike,6292.35,Paid
C9658,2025-04-01,169,886.0,-80.92550790067719,Drop,1345.99,Paid
C9662,2025-10-01,891,243.0,266.66666666666663,Spike,5933.14,Unpaid
C9666,2025-02-01,270,1076.0,-74.90706319702602,Drop,1852.56,Unpaid
C9671,2025-04-01,126,576.0,-78.125,Drop,1522.03,Paid
C9671,2025-05-01,690,126.0,447.61904761904765,Spike,7126.4,Paid
C9672,2025-09-01,143,61.0,134.4262295081967,Spike,1113.36,Paid
C9673,2025-08-01,60,282.0,-78.72340425531915,Drop,592.11,Paid
C9673,2025-09-01,272,60.0,353.3333333333333,Spike,1996.53,Paid
C9678,2025-07-01,2393,699.0,242.346208869814,Spike,23550.23,Late
C9678,2025-08-01,650,2393.0,-72.83744254074384,Drop,6249.29,Late
C9689,2025-06-01,530,194.0,173.1958762886598,Spike,3942.89,Paid
C9691,2025-08-01,363,109.0,233.02752293577979,Spike,2791.72,Paid
C9694,2025-03-01,826,230.0,259.1304347826087,Spike,6290.78,Paid
C9694,2025-04-01,200,826.0,-75.78692493946731,Drop,1494.18,Paid
C9695,2025-05-01,301,98.0,207.14285714285717,Spike,2144.21,Late
C9695,2025-11-01,1233,277.0,345.12635379061373,Spike,9139.83,Late
C9695,2025-12-01,327,1233.0,-73.47931873479318,Drop,2420.28,Paid
C9702,2025-05-01,590,258.0,128.68217054263567,Spike,5572.46,Paid
C9704,2025-03-01,763,220.0,246.8181818181818,Spike,5088.7,Late
C9704,2025-04-01,219,763.0,-71.29750982961993,Drop,1734.39,Paid
C9704,2025-05-01,699,219.0,219.17808219178082,Spike,4596.2,Paid
C9704,2025-09-01,935,219.0,326.9406392694064,Spike,6891.42,Paid
C9707,2025-02-01,618,2125.0,-70.91764705882353,Drop,6267.71,Late
C9711,2025-04-01,1444,448.0,222.32142857142856,Spike,14505.21,Paid
C9712,2025-08-01,897,229.0,291.70305676855895,Spike,5770.53,Paid
C9712,2025-09-01,252,897.0,-71.90635451505017,Drop,1895.77,Paid
C9713,2025-07-01,78,260.0,-70.0,Drop,642.57,Late
C9713,2025-08-01,293,78.0,275.64102564102564,Spike,2287.83,Paid
C9714,2025-08-01,297,156.0,90.38461538461539,Spike,2125.05,Late
C9717,2025-12-01,580,225.0,157.77777777777777,Spike,3818.48,Late
C9727,2025-11-01,47,178.0,-73.59550561797754,Drop,442.27,Paid
C9727,2025-12-01,183,47.0,289.3617021276596,Spike,1420.25,Paid
C9730,2025-12-01,1117,258.0,332.94573643410854,Spike,8329.79,Late
C9732,2025-07-01,2073,729.0,184.3621399176955,Spike,17388.91,Paid
C9749,2025-07-01,683,152.0,349.34210526315786,Spike,4681.59,Paid
C9749,2025-08-01,165,683.0,-75.84187408491947,Drop,1164.6,Paid
C9751,2025-07-01,365,168.0,117.26190476190477,Spike,2817.51,Paid
C9754,2025-10-01,1235,260.0,375.0,Spike,7886.04,Late
C9754,2025-11-01,222,1235.0,-82.02429149797571,Drop,1531.45,Late
C9759,2025-02-01,211,711.0,-70.32348804500702,Drop,1679.51,Paid
C9762,2025-05-01,1154,238.0,384.87394957983196,Spike,7314.42,Late
C9762,2025-06-01,341,1154.0,-70.45060658578856,Drop,2282.19,Late
C9763,2025-10-01,623,188.0,231.38297872340425,Spike,4427.75,Paid
C9763,2025-11-01,158,623.0,-74.63884430176564,Drop,1207.03,Paid
C9765,2025-10-01,1267,248.0,410.8870967741935,Spike,8714.63,Unpaid
C9765,2025-11-01,329,1267.0,-74.03314917127072,Drop,2484.68,Unpaid
C9766,2025-03-01,824,252.0,226.984126984127,Spike,6928.55,Paid
C9768,2025-06-01,603,211.0,185.78199052132703,Spike,4127.71,Unpaid
C9776,2025-04-01,854,228.0,274.56140350877195,Spike,5769.17,Paid
C9776,2025-05-01,160,854.0,-81.26463700234193,Drop,1171.13,Paid
C9776,2025-09-01,58,206.0,-71.84466019417476,Drop,582.83,Paid
C9776,2025-10-01,221,58.0,281.0344827586207,Spike,1755.91,Paid
C9778,2025-02-01,400,169.0,136.68639053254438,Spike,2851.53,Paid
C9786,2025-08-01,561,188.0,198.40425531914894,Spike,4142.68,Paid
C9790,2025-07-01,661,282.0,134.39716312056737,Spike,4860.48,Paid
C9796,2025-02-01,942,270.0,248.88888888888889,Spike,6951.01,Paid
C9796,2025-12-01,687,236.0,191.10169491525423,Spike,5201.26,Paid
C9797,2025-06-01,35,176.0,-80.11363636363636,Drop,363.17,Paid
C9797,2025-07-01,148,35.0,322.8571428571429,Spike,1251.68,Paid
C9798,2025-12-01,74,264.0,-71.96969696969697,Drop,641.11,Paid
C9800,2025-10-01,283,75.0,277.33333333333337,Spike,2130.37,Paid
C9803,2025-06-01,910,345.0,163.76811594202897,Spike,6720.4,Unpaid
C9807,2025-04-01,231,86.0,168.6046511627907,Spike,1848.85,Late
C9811,2025-04-01,46,257.0,-82.10116731517509,Drop,456.53,Late
C9811,2025-05-01,264,46.0,473.9130434782608,Spike,1790.82,Late
C9813,2025-02-01,745,3130.0,-76.19808306709265,Drop,7446.0,Late
C9814,2025-11-01,1109,275.0,303.27272727272725,Spike,6913.43,Unpaid
C9816,2025-06-01,1505,398.0,278.14070351758795,Spike,14272.38,Paid
C9816,2025-07-01,448,1505.0,-70.23255813953489,Drop,4034.87,Late
C9817,2025-07-01,535,190.0,181.57894736842107,Spike,3581.47,Late
C9819,2025-10-01,1122,229.0,389.95633187772927,Spike,8483.15,Paid
C9819,2025-11-01,275,1122.0,-75.49019607843137,Drop,1834.07,Paid
C9821,2025-10-01,881,199.0,342.713567839196,Spike,5501.46,Paid
C9825,2025-10-01,2636,758.0,247.75725593667545,Spike,26398.43,Late
C9826,2025-07-01,781,381.0,104.98687664041995,Spike,5113.18,Paid
C9827,2025-02-01,670,71.0,843.661971830986,Spike,4994.44,Paid
C9827,2025-10-01,313,106.0,195.2830188679245,Spike,2334.11,Paid
C9833,2025-10-01,598,204.0,193.13725490196077,Spike,6233.1,Unpaid
C9834,2025-05-01,224,84.0,166.66666666666669,Spike,1816.52,Unpaid
C9840,2025-10-01,493,218.0,126.1467889908257,Spike,3802.26,Paid
C9841,2025-09-01,422,121.0,248.7603305785124,Spike,3231.05,Paid
C9845,2025-05-01,289,115.0,151.30434782608694,Spike,2106.19,Unpaid
C9852,2025-12-01,1066,314.0,239.4904458598726,Spike,8112.27,Late
C9853,2025-04-01,250,86.0,190.69767441860466,Spike,1682.89,Paid
C9859,2025-12-01,699,209.0,234.44976076555025,Spike,4411.62,Paid
C9867,2025-02-01,618,212.0,191.50943396226415,Spike,4266.86,Late
C9871,2025-06-01,799,278.0,187.41007194244602,Spike,8170.67,Late
C9871,2025-11-01,175,824.0,-78.7621359223301,Drop,2011.95,Paid
C9871,2025-12-01,711,175.0,306.2857142857143,Spike,7396.79,Late
C9873,2025-10-01,1079,220.0,390.4545454545455,Spike,7347.1,Unpaid
C9873,2025-11-01,268,1079.0,-75.16218721037998,Drop,1839.02,Paid
C9875,2025-09-01,573,204.0,180.88235294117646,Spike,4891.68,Unpaid
C9881,2025-02-01,945,249.0,279.51807228915663,Spike,6461.18,Unpaid
C9881,2025-03-01,217,945.0,-77.03703703703704,Drop,1681.8,Unpaid
C9881,2025-11-01,725,212.0,241.98113207547172,Spike,5239.69,Unpaid
C9884,2025-03-01,1090,302.0,260.92715231788077,Spike,7097.74,Late
C9884,2025-04-01,289,1090.0,-73.4862385321101,Drop,2138.48,Late
C9886,2025-02-01,327,1384.0,-76.3728323699422,Drop,2171.62,Late
C9887,2025-10-01,2243,626.0,258.3067092651757,Spike,20144.23,Paid
C9887,2025-11-01,666,2243.0,-70.3076237182345,Drop,6868.74,Paid
C9890,2025-08-01,490,144.0,240.27777777777777,Spike,3761.45,Paid
C9890,2025-09-01,116,490.0,-76.32653061224491,Drop,855.47,Paid
C9892,2025-03-01,1911,582.0,228.3505154639175,Spike,19363.85,Unpaid
C9894,2025-10-01,346,118.0,193.22033898305085,Spike,2636.85,Unpaid
C9905,2025-04-01,733,202.0,262.8712871287129,Spike,5331.44,Paid
C9905,2025-05-01,195,733.0,-73.39699863574351,Drop,1498.57,Paid
C9909,2025-11-01,146,53.0,175.47169811320757,Spike,1116.26,Late
C9912,2025-10-01,124,628.0,-80.2547770700637,Drop,1441.01,Late
C9912,2025-11-01,537,124.0,333.06451612903226,Spike,5251.1,Unpaid
C9917,2025-03-01,272,103.0,164.07766990291262,Spike,2068.89,Paid
C9924,2025-05-01,2773,692.0,300.7225433526012,Spike,25274.9,Paid
C9925,2025-06-01,836,288.0,190.27777777777777,Spike,5533.32,Paid
C9926,2025-09-01,1439,439.0,227.7904328018223,Spike,10005.63,Late
C9926,2025-10-01,313,1439.0,-78.24878387769284,Drop,2404.47,Paid
C9926,2025-11-01,1829,313.0,484.34504792332274,Spike,12118.43,Paid
C9926,2025-12-01,425,1829.0,-76.76325861126298,Drop,3158.17,Paid
C9939,2025-03-01,188,67.0,180.59701492537314,Spike,1543.2,Paid
C9940,2025-05-01,616,222.0,177.4774774774775,Spike,4335.28,Paid
C9942,2025-02-01,251,101.0,148.5148514851485,Spike,1765.85,Paid
C9944,2025-04-01,1945,466.0,317.38197424892707,Spike,17809.38,Late
C9944,2025-05-01,468,1945.0,-75.93830334190231,Drop,4930.79,Unpaid
C9944,2025-10-01,143,490.0,-70.81632653061224,Drop,1649.28,Late
C9944,2025-11-01,419,143.0,193.006993006993,Spike,4112.29,Late
C9945,2025-06-01,130,51.0,154.90196078431373,Spike,976.26,Paid
C9946,2025-04-01,2500,697.0,258.6800573888092,Spike,22660.22,Paid
C9946,2025-05-01,732,2500.0,-70.72,Drop,6523.38,Paid
C9951,2025-10-01,229,86.0,166.27906976744185,Spike,1800.97,Paid
C9957,2025-03-01,475,122.0,289.344262295082,Spike,3486.12,Paid
C9957,2025-04-01,130,475.0,-72.63157894736842,Drop,1067.28,Late
C9959,2025-02-01,825,261.0,216.09195402298852,Spike,5437.65,Paid
C9959,2025-09-01,77,270.0,-71.48148148148148,Drop,716.77,Paid
C9959,2025-10-01,255,77.0,231.1688311688312,Spike,1740.98,Paid
C9966,2025-10-01,718,188.0,281.9148936170213,Spike,5520.17,Paid
C9968,2025-02-01,415,2027.0,-79.52639368524915,Drop,4370.95,Late
C9973,2025-12-01,52,239.0,-78.24267782426779,Drop,484.41,Paid
C9974,2025-10-01,29,141.0,-79.43262411347519,Drop,355.49,Paid
C9974,2025-11-01,153,29.0,427.5862068965517,Spike,1143.94,Paid
C9979,2025-03-01,154,60.0,156.66666666666666,Spike,1278.83,Paid
C9984,2025-09-01,39,170.0,-77.05882352941177,Drop,418.55,Paid
C9984,2025-10-01,194,39.0,397.43589743589746,Spike,1481.03,Paid
C9988,2025-02-01,848,327.0,159.32721712538228,Spike,8529.93,Paid
C9991,2025-02-01,68,232.0,-70.6896551724138,Drop,571.94,Paid
C9991,2025-03-01,228,68.0,235.29411764705884,Spike,1594.94,Paid
C9994,2025-08-01,623,163.0,282.2085889570552,Spike,4814.14,Late
C9994,2025-09-01,177,623.0,-71.58908507223114,Drop,1249.24,Paid
C9997,2025-06-01,634,181.0,250.27624309392266,Spike,4456.99,Unpaid
C9997,2025-12-01,608,205.0,196.58536585365854,Spike,4182.89,Paid
C9999,2025-09-01,1123,280.0,301.07142857142856,Spike,7217.44,Paid
