consumer_id	category	sanctioned_load_kw	zone	area
C1001	Domestic	8.21	West	MVP Colony
C1002	Industrial	96.44	South	Seethammadhara
C1003	Commercial	23.82	Central	Seethammadhara
C1004	Domestic	6.41	East	Madhurawada
C1005	Domestic	2.23	East	Akkayyapalem
C1006	Domestic	4.55	East	MVP Colony
C1007	Domestic	5	North	MVP Colony
C1008	Commercial	43.08	North	Seethammadhara
C1009	Domestic	5.86	East	Dwaraka Nagar
C1010	Commercial	38.7	West	Rushikonda
C1011	Domestic	1.66	West	Dwaraka Nagar
C1012	Industrial	62.51	North	Madhurawada
C1013	Commercial	45.86	East	MVP Colony
C1014	Domestic	3.41	West	Dwaraka Nagar
C1015	Domestic	1.77	North	NAD
C1016	Domestic	5.18	East	NAD
C1017	Domestic	7.49	South	Rushikonda
C1018	Domestic	5.36	East	NAD
C1019	Domestic	5.41	East	Rushikonda
C1020	Domestic	7.19	Central	NAD
C1021	Domestic	3.66	Central	Rushikonda
C1022	Domestic	7.89	South	Rushikonda
C1023	Domestic	2.8	South	Rushikonda
C1024	Domestic	4.86	East	MVP Colony
C1025	Domestic	7.08	West	NAD
C1026	Commercial	42.79	South	MVP Colony
C1027	Domestic	8.23	East	Seethammadhara
C1028	Domestic	7.63	North	Madhurawada
C1029	Domestic	4.55	Central	Rushikonda
C1030	Domestic	2.54	West	Madhurawada
C1031	Domestic	3.34	East	NAD
C1032	Domestic	8.85	North	NAD
C1033	Domestic	8.79	Central	NAD
C1034	Commercial	47.97	North	Rushikonda
C1035	Industrial	35.32	East	Madhurawada
C1036	Commercial	30.55	South	Dwaraka Nagar
C1037	Domestic	7.01	Central	Madhurawada
C1038	Domestic	7.54	North	NAD
C1039	Domestic	6.97	South	Dwaraka Nagar
C1040	Domestic	8.05	West	Rushikonda
C1041	Domestic	4.56	East	Dwaraka Nagar
C1042	Domestic	3.03	East	Gajuwaka
C1043	Domestic	3.24	Central	Seethammadhara
C1044	Commercial	8.5	North	MVP Colony
C1045	Domestic	4.48	West	Seethammadhara
C1046	Domestic	2.28	Central	NAD
C1047	Domestic	4.23	Central	MVP Colony
C1048	Domestic	6.84	North	Gajuwaka
C1049	Domestic	9.1	West	MVP Colony
C1050	Domestic	8.64	North	NAD
C1051	Industrial	47.69	East	Gajuwaka
C1052	Commercial	13.63	South	MVP Colony
C1053	Commercial	16.11	East	Rushikonda
C1054	Commercial	48.78	East	Madhurawada
C1055	Domestic	6.17	Central	Dwaraka Nagar
C1056	Commercial	15.67	East	Seethammadhara
C1057	Domestic	8.65	West	Gajuwaka
C1058	Domestic	4.86	East	Madhurawada
C1059	Domestic	9.14	West	NAD
C1060	Domestic	3.72	North	Dwaraka Nagar
C1061	Domestic	4.84	Central	Seethammadhara
C1062	Domestic	5.79	West	Gajuwaka
C1063	Commercial	45.49	East	Dwaraka Nagar
C1064	Domestic	8.88	Central	Akkayyapalem
C1065	Domestic	6.38	Central	Rushikonda
C1066	Domestic	3.39	West	Akkayyapalem
C1067	Domestic	4.93	West	Gajuwaka
C1068	Commercial	48.98	South	Gajuwaka
C1069	Domestic	6.67	South	MVP Colony
C1070	Industrial	84.68	Central	Dwaraka Nagar
C1071	Commercial	26.89	South	Akkayyapalem
C1072	Domestic	6.02	East	Seethammadhara
C1073	Domestic	5.15	North	Akkayyapalem
C1074	Commercial	37.52	Central	Dwaraka Nagar
C1075	Commercial	43.76	North	Akkayyapalem
C1076	Commercial	29.31	South	Seethammadhara
C1077	Commercial	28.2	West	Madhurawada
C1078	Domestic	4.39	Central	Rushikonda
C1079	Domestic	3.01	South	Akkayyapalem
C1080	Domestic	9.48	East	Rushikonda
C1081	Commercial	21.28	Central	Akkayyapalem
C1082	Domestic	8.31	Central	NAD
C1083	Domestic	7.58	West	Madhurawada
C1084	Domestic	8.22	Central	MVP Colony
C1085	Domestic	9.46	West	Gajuwaka
C1086	Domestic	6.8	South	Seethammadhara
C1087	Commercial	45.71	East	Akkayyapalem
C1088	Domestic	2.93	East	Seethammadhara
C1089	Commercial	34.32	Central	MVP Colony
C1090	Domestic	8.06	Central	MVP Colony
C1091	Domestic	3.81	South	Madhurawada
C1092	Commercial	39.11	West	Seethammadhara
C1093	Commercial	40.7	East	Gajuwaka
C1094	Domestic	8.57	West	NAD
C1095	Commercial	21.14	South	MVP Colony
C1096	Domestic	7.29	East	NAD
C1097	Domestic	4.09	East	Gajuwaka
C1098	Domestic	7.78	North	Gajuwaka
C1099	Domestic	5.44	South	Rushikonda
C1100	Domestic	6.58	South	Madhurawada
C1101	Domestic	5.03	North	Seethammadhara
C1102	Domestic	2.88	West	Dwaraka Nagar
C1103	Domestic	3.01	North	Seethammadhara
C1104	Domestic	2.16	South	Akkayyapalem
C1105	Commercial	33.96	West	Madhurawada
C1106	Domestic	8.71	East	Seethammadhara
C1107	Domestic	1.68	North	NAD
C1108	Commercial	10.78	West	Rushikonda
C1109	Domestic	5.39	West	Seethammadhara
C1110	Domestic	7.77	West	Madhurawada
C1111	Domestic	2.84	North	Gajuwaka
C1112	Domestic	3.81	East	Rushikonda
C1113	Commercial	17.74	West	MVP Colony
C1114	Commercial	24.76	North	Rushikonda
C1115	Domestic	3.41	South	Rushikonda
C1116	Commercial	22.81	North	Akkayyapalem
C1117	Commercial	38.6	North	Akkayyapalem
C1118	Domestic	6.69	North	Dwaraka Nagar
C1119	Commercial	11.41	West	Gajuwaka
C1120	Domestic	6.92	North	Akkayyapalem
C1121	Commercial	28.04	South	Rushikonda
C1122	Commercial	47.25	West	Akkayyapalem
C1123	Domestic	3.96	South	MVP Colony
C1124	Domestic	7.67	Central	NAD
C1125	Domestic	7.71	North	NAD
C1126	Domestic	3.38	West	NAD
C1127	Commercial	45.94	West	Madhurawada
C1128	Commercial	28.63	North	NAD
C1129	Domestic	7.27	East	NAD
C1130	Domestic	2.74	East	Madhurawada
C1131	Domestic	3.69	South	Rushikonda
C1132	Domestic	6.48	North	Rushikonda
C1133	Domestic	4.21	North	Rushikonda
C1134	Domestic	5.75	Central	MVP Colony
C1135	Commercial	23.71	East	Gajuwaka
C1136	Domestic	6.94	East	Akkayyapalem
C1137	Domestic	5.64	North	Dwaraka Nagar
C1138	Commercial	8.19	South	Akkayyapalem
C1139	Domestic	7.02	North	Rushikonda
C1140	Industrial	59.55	South	Rushikonda
C1141	Industrial	53.92	East	NAD
C1142	Domestic	2.3	Central	NAD
C1143	Domestic	3.37	West	Seethammadhara
C1144	Domestic	3.4	East	Akkayyapalem
C1145	Domestic	9.45	South	Rushikonda
C1146	Domestic	5.18	North	Akkayyapalem
C1147	Domestic	1.86	East	Seethammadhara
C1148	Domestic	2.68	Central	NAD
C1149	Domestic	2.17	South	Rushikonda
C1150	Domestic	6.51	North	Madhurawada
C1151	Commercial	15.84	West	Rushikonda
C1152	Domestic	5.74	South	Madhurawada
C1153	Domestic	4.65	North	Madhurawada
C1154	Domestic	8.33	West	Dwaraka Nagar
C1155	Industrial	52.43	North	Gajuwaka
C1156	Domestic	5.4	West	NAD
C1157	Domestic	7.63	West	MVP Colony
C1158	Commercial	26.2	West	Akkayyapalem
C1159	Domestic	8.24	North	Akkayyapalem
C1160	Commercial	35.79	West	NAD
C1161	Domestic	4.99	South	NAD
C1162	Domestic	5.78	Central	NAD
C1163	Domestic	9.72	Central	Akkayyapalem
C1164	Domestic	7.12	West	Seethammadhara
C1165	Domestic	9.19	Central	NAD
C1166	Commercial	15.51	Central	Akkayyapalem
C1167	Domestic	5.61	West	Gajuwaka
C1168	Domestic	9.22	West	MVP Colony
C1169	Domestic	4.24	South	Madhurawada
C1170	Domestic	9.73	East	Seethammadhara
C1171	Domestic	2.33	North	MVP Colony
C1172	Domestic	9.17	West	NAD
C1173	Domestic	5.28	West	MVP Colony
C1174	Domestic	2.13	Central	NAD
C1175	Domestic	8.98	South	MVP Colony
C1176	Domestic	3.64	Central	Dwaraka Nagar
C1177	Domestic	1.69	West	Rushikonda
C1178	Domestic	2.65	West	MVP Colony
C1179	Commercial	35.68	Central	Rushikonda
C1180	Domestic	9.81	West	Madhurawada
C1181	Domestic	2.45	East	Madhurawada
C1182	Domestic	5.43	North	Seethammadhara
C1183	Commercial	15.59	North	MVP Colony
C1184	Commercial	39.29	North	Akkayyapalem
C1185	Domestic	2.5	East	Rushikonda
C1186	Domestic	3.54	West	Akkayyapalem
C1187	Commercial	16.25	Central	Akkayyapalem
C1188	Domestic	6.2	South	MVP Colony
C1189	Domestic	8.92	West	Akkayyapalem
C1190	Domestic	5.84	East	Gajuwaka
C1191	Domestic	2	East	MVP Colony
C1192	Commercial	31.66	North	Madhurawada
C1193	Commercial	41.5	West	Rushikonda
C1194	Domestic	2.62	North	Seethammadhara
C1195	Domestic	2.12	South	Akkayyapalem
C1196	Domestic	3.1	North	Dwaraka Nagar
C1197	Commercial	39.34	South	Akkayyapalem
C1198	Commercial	32.85	East	Madhurawada
C1199	Commercial	30.7	North	Gajuwaka
C1200	Commercial	18.48	North	MVP Colony
C1201	Domestic	4.32	Central	Akkayyapalem
C1202	Domestic	9.71	East	Dwaraka Nagar
C1203	Domestic	3.55	Central	Rushikonda
C1204	Commercial	45.87	South	Seethammadhara
C1205	Domestic	6.43	South	Madhurawada
C1206	Domestic	2.55	East	Seethammadhara
C1207	Domestic	5.47	South	Seethammadhara
C1208	Domestic	9.56	East	Dwaraka Nagar
C1209	Domestic	5.06	South	Rushikonda
C1210	Domestic	8.84	West	NAD
C1211	Domestic	3.68	North	Madhurawada
C1212	Domestic	6.35	West	NAD
C1213	Domestic	8.67	East	Dwaraka Nagar
C1214	Domestic	9.33	East	MVP Colony
C1215	Commercial	28.4	West	MVP Colony
C1216	Domestic	6.94	North	MVP Colony
C1217	Domestic	1.53	North	Seethammadhara
C1218	Commercial	18.64	Central	NAD
C1219	Domestic	3.87	South	Seethammadhara
C1220	Commercial	11.93	Central	MVP Colony
C1221	Domestic	3.88	North	Seethammadhara
C1222	Domestic	4.23	West	Gajuwaka
C1223	Domestic	9.73	South	Madhurawada
C1224	Domestic	7.18	West	Madhurawada
C1225	Domestic	5.12	Central	Rushikonda
C1226	Domestic	9.9	East	Seethammadhara
C1227	Industrial	40.73	West	Rushikonda
C1228	Domestic	5.55	Central	Dwaraka Nagar
C1229	Commercial	35.18	Central	Akkayyapalem
C1230	Domestic	1.97	Central	NAD
C1231	Commercial	38.11	East	Madhurawada
C1232	Domestic	2.35	East	Seethammadhara
C1233	Domestic	2.69	East	NAD
C1234	Domestic	2.86	South	Dwaraka Nagar
C1235	Domestic	9.4	East	MVP Colony
C1236	Commercial	36.7	East	Akkayyapalem
C1237	Domestic	7.07	East	Dwaraka Nagar
C1238	Domestic	6.22	West	Gajuwaka
C1239	Domestic	3.99	East	MVP Colony
C1240	Domestic	6.78	South	MVP Colony
C1241	Commercial	25.23	Central	MVP Colony
C1242	Industrial	40.18	West	Dwaraka Nagar
C1243	Commercial	36.96	North	Gajuwaka
C1244	Domestic	2.6	East	Akkayyapalem
C1245	Domestic	3.12	Central	NAD
C1246	Commercial	42.34	Central	Dwaraka Nagar
C1247	Domestic	7.11	West	Madhurawada
C1248	Industrial	74.17	North	Madhurawada
C1249	Industrial	59.27	South	Dwaraka Nagar
C1250	Commercial	24.64	Central	NAD
C1251	Domestic	7.37	Central	Madhurawada
C1252	Domestic	7.79	Central	NAD
C1253	Commercial	29.43	Central	MVP Colony
C1254	Domestic	9.74	West	Dwaraka Nagar
C1255	Domestic	9.62	North	MVP Colony
C1256	Domestic	5.01	Central	Madhurawada
C1257	Commercial	42.47	South	NAD
C1258	Domestic	6.12	South	MVP Colony
C1259	Domestic	5.85	East	Madhurawada
C1260	Domestic	1.97	Central	Seethammadhara
C1261	Domestic	6.38	Central	Gajuwaka
C1262	Industrial	93.04	Central	MVP Colony
C1263	Domestic	8.13	Central	Gajuwaka
C1264	Domestic	8.18	Central	Gajuwaka
C1265	Commercial	14.72	South	Akkayyapalem
C1266	Commercial	23.05	North	Rushikonda
C1267	Domestic	3.48	North	Madhurawada
C1268	Commercial	21.27	East	Dwaraka Nagar
C1269	Domestic	6.43	South	NAD
C1270	Domestic	4.6	Central	Seethammadhara
C1271	Commercial	31.55	North	Madhurawada
C1272	Commercial	26.42	West	Akkayyapalem
C1273	Commercial	20.04	West	Akkayyapalem
C1274	Commercial	12.01	West	Seethammadhara
C1275	Domestic	9.08	Central	MVP Colony
C1276	Domestic	1.6	Central	NAD
C1277	Commercial	8.07	East	Akkayyapalem
C1278	Domestic	8.53	East	Dwaraka Nagar
C1279	Commercial	49.87	East	Madhurawada
C1280	Commercial	38.54	West	Dwaraka Nagar
C1281	Commercial	8.64	Central	MVP Colony
C1282	Domestic	3.43	West	Rushikonda
C1283	Domestic	9.76	East	Madhurawada
C1284	Domestic	8.37	Central	MVP Colony
C1285	Domestic	6.32	South	NAD
C1286	Domestic	3.51	North	NAD
C1287	Domestic	1.62	North	Rushikonda
C1288	Domestic	1.68	East	Dwaraka Nagar
C1289	Domestic	6.7	West	Dwaraka Nagar
C1290	Domestic	1.69	South	NAD
C1291	Domestic	9.95	Central	Gajuwaka
C1292	Domestic	3.06	West	NAD
C1293	Commercial	37.85	East	Seethammadhara
C1294	Domestic	2.82	West	Madhurawada
C1295	Domestic	6.09	East	Seethammadhara
C1296	Domestic	2.19	North	MVP Colony
C1297	Commercial	40.2	North	NAD
C1298	Domestic	6.47	West	NAD
C1299	Domestic	2.23	South	Rushikonda
C1300	Domestic	8.71	Central	Rushikonda
C1301	Domestic	6.15	East	Akkayyapalem
C1302	Domestic	9.33	Central	MVP Colony
C1303	Domestic	9.29	North	Akkayyapalem
C1304	Domestic	9.32	South	MVP Colony
C1305	Commercial	11.27	South	Seethammadhara
C1306	Industrial	38.47	Central	Madhurawada
C1307	Domestic	9.9	North	MVP Colony
C1308	Domestic	5.64	Central	Dwaraka Nagar
C1309	Commercial	18	West	Rushikonda
C1310	Domestic	8.04	South	NAD
C1311	Domestic	3.75	South	Rushikonda
C1312	Domestic	7.68	West	MVP Colony
C1313	Domestic	8.62	North	Madhurawada
C1314	Industrial	84.9	South	MVP Colony
C1315	Commercial	19.51	East	NAD
C1316	Domestic	4.91	East	Gajuwaka
C1317	Domestic	5.01	North	MVP Colony
C1318	Domestic	5.68	West	Dwaraka Nagar
C1319	Domestic	2.92	Central	Rushikonda
C1320	Domestic	5.35	North	NAD
C1321	Domestic	5.84	Central	Madhurawada
C1322	Commercial	30.33	North	Seethammadhara
C1323	Domestic	8.47	East	Seethammadhara
C1324	Domestic	5.9	West	NAD
C1325	Industrial	46.15	East	Akkayyapalem
C1326	Commercial	35.85	West	Gajuwaka
C1327	Domestic	8.28	Central	Madhurawada
C1328	Domestic	4.21	North	Gajuwaka
C1329	Domestic	6.99	South	Seethammadhara
C1330	Domestic	2.75	South	Gajuwaka
C1331	Domestic	4.41	West	Dwaraka Nagar
C1332	Commercial	46.19	West	Rushikonda
C1333	Domestic	9.25	East	Seethammadhara
C1334	Domestic	6.39	South	MVP Colony
C1335	Domestic	7.47	East	Dwaraka Nagar
C1336	Domestic	8.76	Central	Dwaraka Nagar
C1337	Commercial	48.26	South	Akkayyapalem
C1338	Commercial	28.58	Central	Dwaraka Nagar
C1339	Domestic	6.27	North	Madhurawada
C1340	Domestic	5.03	East	MVP Colony
C1341	Domestic	2.11	West	MVP Colony
C1342	Domestic	5.09	South	Seethammadhara
C1343	Domestic	8.22	East	Madhurawada
C1344	Domestic	8.34	West	Dwaraka Nagar
C1345	Domestic	9.09	North	Dwaraka Nagar
C1346	Domestic	1.94	South	Gajuwaka
C1347	Domestic	5.98	Central	Seethammadhara
C1348	Domestic	2.41	North	Seethammadhara
C1349	Domestic	3.21	West	Gajuwaka
C1350	Domestic	9.15	South	Akkayyapalem
C1351	Domestic	5.72	South	NAD
C1352	Commercial	39.86	North	Gajuwaka
C1353	Domestic	2.05	South	MVP Colony
C1354	Domestic	5.04	West	Rushikonda
C1355	Domestic	7.23	North	Madhurawada
C1356	Domestic	2.63	Central	Dwaraka Nagar
C1357	Domestic	4.27	North	NAD
C1358	Domestic	2.05	North	Gajuwaka
C1359	Commercial	35.36	Central	Seethammadhara
C1360	Domestic	9.75	West	NAD
C1361	Domestic	8.53	East	Madhurawada
C1362	Domestic	9.78	East	Rushikonda
C1363	Domestic	8.69	Central	Madhurawada
C1364	Domestic	8.77	West	Seethammadhara
C1365	Commercial	32.24	South	NAD
C1366	Domestic	5.91	Central	NAD
C1367	Industrial	58.44	East	Akkayyapalem
C1368	Commercial	42.36	West	NAD
C1369	Domestic	3.05	North	Dwaraka Nagar
C1370	Domestic	1.98	West	Rushikonda
C1371	Domestic	9.56	West	Rushikonda
C1372	Domestic	1.53	East	Rushikonda
C1373	Domestic	9.8	East	MVP Colony
C1374	Domestic	7.7	South	Gajuwaka
C1375	Domestic	4.29	South	Seethammadhara
C1376	Domestic	7.43	Central	Gajuwaka
C1377	Commercial	42.35	North	Rushikonda
C1378	Domestic	3.59	South	Gajuwaka
C1379	Commercial	40.38	East	NAD
C1380	Domestic	8.34	West	Seethammadhara
C1381	Domestic	3.62	Central	NAD
C1382	Domestic	1.86	South	Akkayyapalem
C1383	Domestic	3.24	West	NAD
C1384	Commercial	16.43	West	Akkayyapalem
C1385	Commercial	10.74	South	Akkayyapalem
C1386	Commercial	38.49	North	Dwaraka Nagar
C1387	Domestic	4.73	North	Dwaraka Nagar
C1388	Domestic	9.02	Central	Dwaraka Nagar
C1389	Commercial	18.59	North	Rushikonda
C1390	Commercial	27.04	Central	Dwaraka Nagar
C1391	Industrial	74.73	East	Madhurawada
C1392	Domestic	8.96	South	Dwaraka Nagar
C1393	Domestic	5.96	West	Dwaraka Nagar
C1394	Commercial	23.69	Central	Dwaraka Nagar
C1395	Domestic	8.87	North	Akkayyapalem
C1396	Commercial	21.03	Central	Gajuwaka
C1397	Commercial	11.34	Central	Seethammadhara
C1398	Domestic	5.28	North	Gajuwaka
C1399	Commercial	40.97	North	Gajuwaka
C1400	Commercial	9.29	South	MVP Colony
C1401	Domestic	6.48	West	Madhurawada
C1402	Commercial	32.97	South	Akkayyapalem
C1403	Domestic	9.39	South	NAD
C1404	Commercial	20.03	North	Akkayyapalem
C1405	Domestic	3.87	North	Dwaraka Nagar
C1406	Commercial	26.5	West	Gajuwaka
C1407	Domestic	4.53	Central	Akkayyapalem
C1408	Domestic	7.76	South	Madhurawada
C1409	Commercial	34.95	West	Dwaraka Nagar
C1410	Domestic	7.95	South	MVP Colony
C1411	Domestic	8.47	Central	NAD
C1412	Industrial	94.61	South	Dwaraka Nagar
C1413	Industrial	60.17	East	Seethammadhara
C1414	Domestic	9.87	West	NAD
C1415	Domestic	3.33	North	Akkayyapalem
C1416	Domestic	7.57	South	Dwaraka Nagar
C1417	Domestic	6.04	West	MVP Colony
C1418	Domestic	8.44	West	Akkayyapalem
C1419	Domestic	5.55	South	Madhurawada
C1420	Commercial	40.93	North	NAD
C1421	Commercial	47.07	North	NAD
C1422	Commercial	38.76	South	Madhurawada
C1423	Domestic	8.1	West	Rushikonda
C1424	Domestic	2.07	North	Rushikonda
C1425	Domestic	3.24	South	Seethammadhara
C1426	Domestic	9.78	South	Rushikonda
C1427	Domestic	7.39	South	NAD
C1428	Commercial	31.58	West	Rushikonda
C1429	Domestic	4.62	North	Akkayyapalem
C1430	Domestic	1.88	West	Gajuwaka
C1431	Domestic	4.64	East	Seethammadhara
C1432	Commercial	28.95	North	Madhurawada
C1433	Domestic	3.3	West	MVP Colony
C1434	Domestic	2.97	North	Seethammadhara
C1435	Domestic	5.82	East	Dwaraka Nagar
C1436	Commercial	32.61	Central	Rushikonda
C1437	Domestic	3.54	South	Dwaraka Nagar
C1438	Commercial	32.67	West	Madhurawada
C1439	Commercial	45.81	East	Rushikonda
C1440	Domestic	5.52	East	Gajuwaka
C1441	Domestic	8.79	North	Akkayyapalem
C1442	Industrial	94.91	North	MVP Colony
C1443	Domestic	2.29	South	Dwaraka Nagar
C1444	Domestic	2.31	North	Dwaraka Nagar
C1445	Commercial	27.99	West	Akkayyapalem
C1446	Commercial	32.7	West	Gajuwaka
C1447	Industrial	59.81	West	NAD
C1448	Commercial	21.71	Central	Seethammadhara
C1449	Domestic	6.95	West	Madhurawada
C1450	Domestic	1.52	North	Gajuwaka
C1451	Commercial	48.66	North	Gajuwaka
C1452	Domestic	3.47	West	Gajuwaka
C1453	Domestic	9.3	East	Gajuwaka
C1454	Commercial	12.58	East	NAD
C1455	Domestic	3.52	East	Akkayyapalem
C1456	Domestic	3.5	South	MVP Colony
C1457	Domestic	9.97	Central	Seethammadhara
C1458	Domestic	1.54	West	Gajuwaka
C1459	Domestic	6.94	South	Seethammadhara
C1460	Domestic	8.89	East	Gajuwaka
C1461	Domestic	7.21	West	Madhurawada
C1462	Domestic	4.58	South	Dwaraka Nagar
C1463	Commercial	48.25	North	NAD
C1464	Domestic	9.09	East	Gajuwaka
C1465	Industrial	60.38	South	Rushikonda
C1466	Domestic	6.37	North	MVP Colony
C1467	Domestic	9.72	East	MVP Colony
C1468	Commercial	49.27	Central	MVP Colony
C1469	Domestic	5.32	East	Rushikonda
C1470	Industrial	89.31	Central	Madhurawada
C1471	Domestic	4.07	Central	MVP Colony
C1472	Industrial	56.03	Central	Akkayyapalem
C1473	Domestic	2.9	West	Madhurawada
C1474	Commercial	16.79	West	NAD
C1475	Domestic	7.08	Central	MVP Colony
C1476	Industrial	65.75	North	Dwaraka Nagar
C1477	Domestic	3.46	Central	Gajuwaka
C1478	Domestic	4.92	South	NAD
C1479	Industrial	56.12	Central	Akkayyapalem
C1480	Domestic	9.89	West	Dwaraka Nagar
C1481	Domestic	8.76	West	NAD
C1482	Domestic	4.8	South	Akkayyapalem
C1483	Domestic	9.27	South	MVP Colony
C1484	Domestic	4.41	East	NAD
C1485	Domestic	7.18	North	NAD
C1486	Commercial	48.6	North	NAD
C1487	Domestic	4.82	North	Madhurawada
C1488	Domestic	7.28	West	Rushikonda
C1489	Industrial	50.71	North	Dwaraka Nagar
C1490	Commercial	19.19	East	Seethammadhara
C1491	Domestic	6.38	East	Akkayyapalem
C1492	Domestic	9.82	North	Rushikonda
C1493	Domestic	5.35	South	MVP Colony
C1494	Domestic	9.47	East	Gajuwaka
C1495	Domestic	9.27	South	MVP Colony
C1496	Domestic	3.66	West	MVP Colony
C1497	Domestic	4.92	East	Madhurawada
C1498	Domestic	6.97	South	Madhurawada
C1499	Industrial	66.26	North	NAD
C1500	Industrial	36.72	West	Rushikonda
C1501	Domestic	9.95	Central	MVP Colony
C1502	Domestic	7.9	Central	Dwaraka Nagar
C1503	Domestic	5.22	North	Madhurawada
C1504	Commercial	33.96	West	Akkayyapalem
C1505	Domestic	2.24	West	Rushikonda
C1506	Domestic	5.71	West	Madhurawada
C1507	Commercial	47.09	West	Dwaraka Nagar
C1508	Commercial	45.66	Central	Madhurawada
C1509	Commercial	22.17	South	Seethammadhara
C1510	Commercial	30.32	West	Dwaraka Nagar
C1511	Domestic	7.43	South	Rushikonda
C1512	Domestic	4.39	West	Seethammadhara
C1513	Commercial	10.72	East	Seethammadhara
C1514	Commercial	29.23	East	Gajuwaka
C1515	Domestic	6.61	East	Dwaraka Nagar
C1516	Domestic	1.55	West	Gajuwaka
C1517	Domestic	2.31	South	Akkayyapalem
C1518	Commercial	16.71	Central	NAD
C1519	Industrial	54.36	North	NAD
C1520	Domestic	6.1	Central	Rushikonda
C1521	Domestic	4	West	Rushikonda
C1522	Domestic	3.85	East	Rushikonda
C1523	Industrial	90.85	East	Seethammadhara
C1524	Commercial	14.09	South	Madhurawada
C1525	Commercial	28.81	West	Dwaraka Nagar
C1526	Domestic	9.6	Central	Madhurawada
C1527	Domestic	6.81	West	Dwaraka Nagar
C1528	Domestic	7.6	West	Rushikonda
C1529	Domestic	5.17	East	Madhurawada
C1530	Commercial	8.84	Central	NAD
C1531	Commercial	35.14	North	Akkayyapalem
C1532	Industrial	74.23	East	NAD
C1533	Industrial	37.73	Central	Madhurawada
C1534	Domestic	5.43	South	Dwaraka Nagar
C1535	Commercial	46.44	East	MVP Colony
C1536	Commercial	16.61	South	Akkayyapalem
C1537	Commercial	27.37	East	Dwaraka Nagar
C1538	Domestic	5.42	West	Madhurawada
C1539	Domestic	8.39	Central	Dwaraka Nagar
C1540	Domestic	8.51	South	Rushikonda
C1541	Industrial	83.15	East	Gajuwaka
C1542	Domestic	4.61	South	Dwaraka Nagar
C1543	Domestic	2.11	East	NAD
C1544	Domestic	4.47	East	Seethammadhara
C1545	Domestic	7.28	North	NAD
C1546	Domestic	7.47	North	Gajuwaka
C1547	Domestic	9.7	North	Akkayyapalem
C1548	Domestic	5.36	South	Dwaraka Nagar
C1549	Domestic	6.88	West	Akkayyapalem
C1550	Commercial	30.65	East	MVP Colony
C1551	Domestic	2.78	Central	Dwaraka Nagar
C1552	Commercial	27.37	North	NAD
C1553	Domestic	6.13	South	Seethammadhara
C1554	Domestic	9.58	South	NAD
C1555	Commercial	23.39	South	Akkayyapalem
C1556	Domestic	9.83	Central	Madhurawada
C1557	Domestic	6.11	Central	NAD
C1558	Domestic	3.56	North	Madhurawada
C1559	Commercial	16.05	Central	NAD
C1560	Domestic	2.7	North	Rushikonda
C1561	Commercial	27.02	Central	NAD
C1562	Domestic	1.69	Central	Seethammadhara
C1563	Domestic	5.28	Central	MVP Colony
C1564	Domestic	9.9	North	Madhurawada
C1565	Domestic	7.2	East	Madhurawada
C1566	Domestic	7.96	North	NAD
C1567	Domestic	2.51	East	Rushikonda
C1568	Domestic	5.52	South	Madhurawada
C1569	Commercial	20.02	South	NAD
C1570	Domestic	9.1	North	NAD
C1571	Domestic	3.04	East	Akkayyapalem
C1572	Commercial	27.27	East	Dwaraka Nagar
C1573	Domestic	6.5	East	Madhurawada
C1574	Domestic	5.87	South	Seethammadhara
C1575	Commercial	42.87	North	Gajuwaka
C1576	Commercial	17.72	West	Akkayyapalem
C1577	Domestic	4.71	East	Madhurawada
C1578	Commercial	41.27	East	Seethammadhara
C1579	Domestic	5.99	West	Rushikonda
C1580	Domestic	4.92	North	Madhurawada
C1581	Domestic	1.75	East	MVP Colony
C1582	Industrial	82.74	North	Gajuwaka
C1583	Domestic	9.76	East	Gajuwaka
C1584	Domestic	6.77	Central	Seethammadhara
C1585	Domestic	8.78	East	MVP Colony
C1586	Domestic	5.89	Central	MVP Colony
C1587	Domestic	3.47	North	Madhurawada
C1588	Domestic	1.62	East	Dwaraka Nagar
C1589	Domestic	7.05	South	Seethammadhara
C1590	Domestic	5.69	South	MVP Colony
C1591	Domestic	8.15	West	Gajuwaka
C1592	Domestic	7.4	South	Seethammadhara
C1593	Domestic	9.9	Central	Gajuwaka
C1594	Domestic	5.84	South	Madhurawada
C1595	Commercial	25.94	South	Seethammadhara
C1596	Domestic	3.94	South	Dwaraka Nagar
C1597	Domestic	5.55	East	NAD
C1598	Domestic	8.92	West	Seethammadhara
C1599	Domestic	1.86	North	MVP Colony
C1600	Domestic	9.81	West	MVP Colony
C1601	Domestic	9.94	Central	Madhurawada
C1602	Domestic	6.58	East	Akkayyapalem
C1603	Domestic	4.32	East	Akkayyapalem
C1604	Domestic	3.4	South	Dwaraka Nagar
C1605	Domestic	3.85	South	Gajuwaka
C1606	Domestic	1.93	Central	Gajuwaka
C1607	Domestic	5.54	East	NAD
C1608	Domestic	1.99	North	Gajuwaka
C1609	Domestic	7.61	West	Akkayyapalem
C1610	Domestic	4.66	East	Akkayyapalem
C1611	Domestic	3.19	North	Rushikonda
C1612	Commercial	30.88	North	MVP Colony
C1613	Domestic	9.78	West	NAD
C1614	Domestic	7.41	North	Dwaraka Nagar
C1615	Commercial	28.65	Central	NAD
C1616	Commercial	40.63	North	Seethammadhara
C1617	Domestic	7.77	Central	Dwaraka Nagar
C1618	Domestic	9.08	North	Akkayyapalem
C1619	Commercial	16.6	South	Gajuwaka
C1620	Commercial	44.07	North	Madhurawada
C1621	Domestic	4.06	Central	NAD
C1622	Domestic	9.5	North	NAD
C1623	Domestic	3.89	North	MVP Colony
C1624	Domestic	9.38	North	Rushikonda
C1625	Domestic	9.69	Central	Rushikonda
C1626	Domestic	2.74	North	Rushikonda
C1627	Domestic	9.78	West	MVP Colony
C1628	Commercial	11.6	West	Akkayyapalem
C1629	Domestic	3.36	Central	Dwaraka Nagar
C1630	Domestic	5.28	South	Rushikonda
C1631	Commercial	49.73	West	Madhurawada
C1632	Commercial	28.52	East	Seethammadhara
C1633	Domestic	6.18	West	MVP Colony
C1634	Domestic	7.4	East	MVP Colony
C1635	Domestic	9.73	Central	Gajuwaka
C1636	Domestic	8.16	South	Gajuwaka
C1637	Domestic	3.41	East	Akkayyapalem
C1638	Domestic	4.08	East	Rushikonda
C1639	Domestic	2.33	West	Akkayyapalem
C1640	Domestic	6.98	East	MVP Colony
C1641	Domestic	3.04	Central	Dwaraka Nagar
C1642	Domestic	3.69	Central	Seethammadhara
C1643	Domestic	9.05	Central	Rushikonda
C1644	Domestic	4.28	West	Madhurawada
C1645	Domestic	6.32	South	MVP Colony
C1646	Commercial	24.7	West	Dwaraka Nagar
C1647	Domestic	2.13	Central	Dwaraka Nagar
C1648	Domestic	4.58	West	Rushikonda
C1649	Commercial	25.14	Central	MVP Colony
C1650	Domestic	9.11	North	Rushikonda
C1651	Domestic	4.26	North	Dwaraka Nagar
C1652	Domestic	4.72	East	NAD
C1653	Domestic	8.15	South	Rushikonda
C1654	Commercial	39.88	North	Dwaraka Nagar
C1655	Domestic	8.29	Central	MVP Colony
C1656	Domestic	9.61	West	Dwaraka Nagar
C1657	Domestic	8.26	West	Rushikonda
C1658	Domestic	4.96	East	Seethammadhara
C1659	Domestic	8.48	West	MVP Colony
C1660	Domestic	5.82	North	Gajuwaka
C1661	Domestic	3.86	West	MVP Colony
C1662	Industrial	51.2	North	Dwaraka Nagar
C1663	Domestic	3.4	North	MVP Colony
C1664	Domestic	2.73	South	Madhurawada
C1665	Domestic	3.07	East	MVP Colony
C1666	Domestic	2.04	Central	MVP Colony
C1667	Domestic	9.05	North	Rushikonda
C1668	Domestic	9.41	East	Madhurawada
C1669	Domestic	6.49	Central	Madhurawada
C1670	Domestic	8.64	West	Madhurawada
C1671	Domestic	3.06	East	Akkayyapalem
C1672	Commercial	45.87	East	NAD
C1673	Domestic	5.8	East	Akkayyapalem
C1674	Domestic	2.07	West	MVP Colony
C1675	Domestic	2.7	West	Akkayyapalem
C1676	Industrial	51.63	East	Rushikonda
C1677	Domestic	1.87	South	Akkayyapalem
C1678	Domestic	4.13	North	Madhurawada
C1679	Industrial	34.2	West	Madhurawada
C1680	Commercial	17.91	South	Gajuwaka
C1681	Commercial	19.16	West	Akkayyapalem
C1682	Domestic	9.95	East	NAD
C1683	Domestic	3.5	South	Rushikonda
C1684	Domestic	3.53	Central	Rushikonda
C1685	Commercial	36.85	North	Rushikonda
C1686	Domestic	8.8	North	MVP Colony
C1687	Domestic	4.79	West	Seethammadhara
C1688	Domestic	8.94	North	Rushikonda
C1689	Commercial	22.29	Central	Seethammadhara
C1690	Domestic	3.17	South	Dwaraka Nagar
C1691	Domestic	4.3	South	NAD
C1692	Domestic	6.68	East	NAD
C1693	Domestic	4.62	South	Gajuwaka
C1694	Domestic	7.22	West	MVP Colony
C1695	Domestic	3.51	Central	MVP Colony
C1696	Domestic	7.46	East	Madhurawada
C1697	Domestic	4.45	West	Madhurawada
C1698	Domestic	5.37	West	NAD
C1699	Domestic	6.24	West	Gajuwaka
C1700	Domestic	7.33	North	MVP Colony
C1701	Domestic	3.53	West	Gajuwaka
C1702	Domestic	8.61	North	Dwaraka Nagar
C1703	Domestic	7.64	South	Seethammadhara
C1704	Domestic	3.49	North	MVP Colony
C1705	Domestic	9.79	West	Madhurawada
C1706	Industrial	76.54	Central	NAD
C1707	Domestic	5.35	Central	Gajuwaka
C1708	Commercial	14.62	South	Seethammadhara
C1709	Domestic	6.03	West	Seethammadhara
C1710	Domestic	2.9	North	Rushikonda
C1711	Commercial	26.04	Central	Seethammadhara
C1712	Domestic	4.97	East	Madhurawada
C1713	Domestic	7.62	West	NAD
C1714	Domestic	3.14	West	Madhurawada
C1715	Domestic	8.49	East	MVP Colony
C1716	Commercial	21.7	Central	Gajuwaka
C1717	Commercial	26.65	East	Dwaraka Nagar
C1718	Industrial	84.06	South	Rushikonda
C1719	Domestic	6.82	North	Akkayyapalem
C1720	Commercial	20.94	North	Rushikonda
C1721	Commercial	24.22	Central	Seethammadhara
C1722	Domestic	4.1	East	Madhurawada
C1723	Domestic	6.56	West	Akkayyapalem
C1724	Commercial	21.97	West	Gajuwaka
C1725	Domestic	7.67	West	MVP Colony
C1726	Commercial	32.35	South	Rushikonda
C1727	Domestic	2.74	South	Madhurawada
C1728	Commercial	21.03	West	MVP Colony
C1729	Domestic	3.38	Central	Dwaraka Nagar
C1730	Domestic	4.82	South	Seethammadhara
C1731	Domestic	5.89	South	Dwaraka Nagar
C1732	Commercial	29.28	North	Seethammadhara
C1733	Domestic	7.91	North	NAD
C1734	Domestic	3.11	Central	NAD
C1735	Domestic	9.55	South	NAD
C1736	Commercial	22.4	South	MVP Colony
C1737	Domestic	4.05	East	NAD
C1738	Commercial	36.78	Central	Gajuwaka
C1739	Domestic	8.35	Central	Akkayyapalem
C1740	Domestic	4.72	East	Akkayyapalem
C1741	Domestic	7.85	East	MVP Colony
C1742	Domestic	9.01	North	MVP Colony
C1743	Commercial	40.21	Central	NAD
C1744	Domestic	1.79	Central	Seethammadhara
C1745	Domestic	8.53	East	Akkayyapalem
C1746	Commercial	40.53	West	Rushikonda
C1747	Domestic	7.19	West	Akkayyapalem
C1748	Domestic	7.96	North	NAD
C1749	Commercial	49.14	West	MVP Colony
C1750	Domestic	5.16	West	Dwaraka Nagar
C1751	Domestic	2.07	West	Seethammadhara
C1752	Commercial	27.36	South	Rushikonda
C1753	Domestic	1.89	North	Dwaraka Nagar
C1754	Domestic	4	East	NAD
C1755	Domestic	6.49	West	Dwaraka Nagar
C1756	Commercial	21	South	Gajuwaka
C1757	Domestic	7.33	West	Gajuwaka
C1758	Domestic	8.49	South	Gajuwaka
C1759	Commercial	25.66	North	MVP Colony
C1760	Commercial	45.81	West	MVP Colony
C1761	Domestic	2.18	South	MVP Colony
C1762	Domestic	8.64	Central	MVP Colony
C1763	Domestic	8.54	Central	MVP Colony
C1764	Commercial	21.52	South	NAD
C1765	Domestic	4.04	West	Rushikonda
C1766	Domestic	4.09	West	Dwaraka Nagar
C1767	Commercial	42.08	North	NAD
C1768	Commercial	42.93	North	Rushikonda
C1769	Domestic	4.3	East	Dwaraka Nagar
C1770	Commercial	32.89	North	NAD
C1771	Domestic	2.68	West	Gajuwaka
C1772	Commercial	27.69	East	Madhurawada
C1773	Domestic	9.99	North	MVP Colony
C1774	Domestic	2.85	South	Madhurawada
C1775	Commercial	47.8	Central	Madhurawada
C1776	Domestic	8.51	North	Gajuwaka
C1777	Domestic	9.76	North	Madhurawada
C1778	Commercial	15.54	South	Madhurawada
C1779	Commercial	16.97	West	Gajuwaka
C1780	Domestic	1.64	South	Rushikonda
C1781	Domestic	7.66	North	Dwaraka Nagar
C1782	Domestic	6.97	West	NAD
C1783	Domestic	3.01	East	Akkayyapalem
C1784	Domestic	8.22	North	Madhurawada
C1785	Domestic	4.04	South	Rushikonda
C1786	Commercial	13.67	East	MVP Colony
C1787	Domestic	5.09	Central	Gajuwaka
C1788	Domestic	2.27	East	Seethammadhara
C1789	Domestic	3.74	South	Seethammadhara
C1790	Commercial	23.6	East	Madhurawada
C1791	Domestic	8.74	South	Akkayyapalem
C1792	Domestic	8.24	North	Dwaraka Nagar
C1793	Domestic	5.26	West	Rushikonda
C1794	Domestic	7.66	Central	Dwaraka Nagar
C1795	Domestic	6.33	West	Akkayyapalem
C1796	Commercial	22.32	West	MVP Colony
C1797	Commercial	38.49	West	Madhurawada
C1798	Domestic	7.31	South	MVP Colony
C1799	Domestic	6.76	South	Dwaraka Nagar
C1800	Commercial	33.95	Central	Seethammadhara
C1801	Commercial	36.69	South	Dwaraka Nagar
C1802	Domestic	4.77	South	NAD
C1803	Domestic	8.89	South	Dwaraka Nagar
C1804	Domestic	2.88	South	Gajuwaka
C1805	Domestic	9.01	North	NAD
C1806	Commercial	22.38	Central	MVP Colony
C1807	Commercial	13.25	South	Dwaraka Nagar
C1808	Commercial	33.2	Central	Akkayyapalem
C1809	Domestic	4.7	East	Gajuwaka
C1810	Domestic	8.43	North	NAD
C1811	Industrial	60.15	South	Gajuwaka
C1812	Commercial	36.08	North	NAD
C1813	Domestic	4.12	North	NAD
C1814	Commercial	16.8	East	NAD
C1815	Commercial	24.3	Central	Rushikonda
C1816	Domestic	6.66	North	Rushikonda
C1817	Domestic	7.08	West	Akkayyapalem
C1818	Domestic	6.41	East	MVP Colony
C1819	Domestic	9.9	West	NAD
C1820	Domestic	7.37	East	NAD
C1821	Commercial	47.12	West	Rushikonda
C1822	Domestic	2.5	West	Gajuwaka
C1823	Domestic	2.02	North	NAD
C1824	Domestic	4.14	North	MVP Colony
C1825	Domestic	2.66	East	Seethammadhara
C1826	Commercial	30.09	Central	Akkayyapalem
C1827	Domestic	5.91	North	Akkayyapalem
C1828	Domestic	6.39	North	Gajuwaka
C1829	Commercial	39.3	South	Seethammadhara
C1830	Domestic	9.76	North	NAD
C1831	Domestic	8.97	Central	Gajuwaka
C1832	Domestic	2.51	South	Rushikonda
C1833	Domestic	4.38	West	Akkayyapalem
C1834	Domestic	3.67	West	MVP Colony
C1835	Domestic	3	South	Gajuwaka
C1836	Domestic	6.13	South	MVP Colony
C1837	Commercial	31.24	South	Rushikonda
C1838	Domestic	3.43	East	Rushikonda
C1839	Domestic	7.55	Central	Seethammadhara
C1840	Domestic	7.73	Central	Seethammadhara
C1841	Domestic	1.68	West	Dwaraka Nagar
C1842	Domestic	4.86	West	NAD
C1843	Domestic	9.07	West	MVP Colony
C1844	Industrial	66.42	North	NAD
C1845	Domestic	4.45	West	Seethammadhara
C1846	Domestic	3.66	South	MVP Colony
C1847	Domestic	3.57	West	Madhurawada
C1848	Industrial	36.98	South	Seethammadhara
C1849	Domestic	8.45	East	Madhurawada
C1850	Domestic	2.24	North	Madhurawada
C1851	Domestic	3.98	North	Seethammadhara
C1852	Commercial	9.92	Central	MVP Colony
C1853	Domestic	8.14	East	Akkayyapalem
C1854	Commercial	9.65	South	Akkayyapalem
C1855	Domestic	4.12	East	NAD
C1856	Domestic	6.37	North	Madhurawada
C1857	Domestic	4.98	South	NAD
C1858	Domestic	3.9	East	MVP Colony
C1859	Domestic	3.84	North	NAD
C1860	Domestic	8.28	South	NAD
C1861	Commercial	48.91	South	Madhurawada
C1862	Domestic	4.46	North	Seethammadhara
C1863	Domestic	1.83	South	Akkayyapalem
C1864	Domestic	1.81	North	Gajuwaka
C1865	Domestic	7.95	West	Dwaraka Nagar
C1866	Domestic	6.2	West	MVP Colony
C1867	Domestic	8.16	South	MVP Colony
C1868	Domestic	7.43	South	MVP Colony
C1869	Commercial	46.12	North	Dwaraka Nagar
C1870	Commercial	45.2	South	Gajuwaka
C1871	Domestic	8.2	Central	Akkayyapalem
C1872	Domestic	5.54	West	NAD
C1873	Domestic	4.12	South	Akkayyapalem
C1874	Domestic	5.81	South	Rushikonda
C1875	Domestic	5.77	East	MVP Colony
C1876	Domestic	6.69	South	NAD
C1877	Commercial	15.82	Central	Madhurawada
C1878	Domestic	7.07	West	Akkayyapalem
C1879	Domestic	5.38	East	Madhurawada
C1880	Domestic	6.77	North	Madhurawada
C1881	Domestic	3.54	North	Seethammadhara
C1882	Domestic	5.19	West	Akkayyapalem
C1883	Domestic	3.29	North	MVP Colony
C1884	Domestic	8.94	Central	Dwaraka Nagar
C1885	Commercial	28.49	South	MVP Colony
C1886	Domestic	3.41	West	Madhurawada
C1887	Domestic	1.85	East	Madhurawada
C1888	Domestic	7.24	South	MVP Colony
C1889	Domestic	3.32	North	Dwaraka Nagar
C1890	Domestic	9.91	North	Dwaraka Nagar
C1891	Commercial	30.42	East	Seethammadhara
C1892	Commercial	20.14	Central	NAD
C1893	Commercial	35.62	East	Gajuwaka
C1894	Domestic	3.84	West	Madhurawada
C1895	Domestic	8.47	East	Rushikonda
C1896	Domestic	4.12	North	Dwaraka Nagar
C1897	Domestic	9.9	Central	Akkayyapalem
C1898	Commercial	33.42	Central	Seethammadhara
C1899	Domestic	8.68	East	Madhurawada
C1900	Domestic	2.12	West	Gajuwaka
C1901	Domestic	4.46	North	Akkayyapalem
C1902	Domestic	7.77	South	Madhurawada
C1903	Domestic	7.07	Central	Seethammadhara
C1904	Domestic	3.15	East	Seethammadhara
C1905	Domestic	4.53	West	Dwaraka Nagar
C1906	Commercial	19.06	West	NAD
C1907	Commercial	33.76	North	MVP Colony
C1908	Domestic	4.43	Central	Rushikonda
C1909	Domestic	4.13	North	Seethammadhara
C1910	Domestic	3.26	South	Akkayyapalem
C1911	Domestic	4.98	South	MVP Colony
C1912	Domestic	3.16	South	Dwaraka Nagar
C1913	Domestic	9.68	West	Rushikonda
C1914	Domestic	2.81	Central	Dwaraka Nagar
C1915	Domestic	9.26	North	Rushikonda
C1916	Domestic	5.14	North	Rushikonda
C1917	Domestic	4.71	South	Akkayyapalem
C1918	Commercial	17.72	Central	Gajuwaka
C1919	Commercial	34.7	Central	Rushikonda
C1920	Domestic	7.33	East	Seethammadhara
C1921	Commercial	27.64	Central	Akkayyapalem
C1922	Domestic	1.97	Central	Madhurawada
C1923	Commercial	46.58	North	Gajuwaka
C1924	Commercial	49.17	Central	Rushikonda
C1925	Domestic	5.16	Central	MVP Colony
C1926	Domestic	6.72	North	Madhurawada
C1927	Domestic	5.33	Central	Gajuwaka
C1928	Domestic	4.24	North	MVP Colony
C1929	Domestic	2.16	East	Madhurawada
C1930	Domestic	5.38	West	NAD
C1931	Domestic	8.46	North	Seethammadhara
C1932	Commercial	8.72	North	Akkayyapalem
C1933	Industrial	70.75	Central	Akkayyapalem
C1934	Domestic	8.99	North	Akkayyapalem
C1935	Domestic	3.35	South	Rushikonda
C1936	Domestic	3.06	South	NAD
C1937	Domestic	8.06	East	Seethammadhara
C1938	Commercial	18.71	North	Gajuwaka
C1939	Domestic	3.13	Central	Seethammadhara
C1940	Domestic	4.71	Central	Dwaraka Nagar
C1941	Domestic	4.84	West	Madhurawada
C1942	Domestic	8.93	East	Gajuwaka
C1943	Domestic	6.76	Central	Dwaraka Nagar
C1944	Commercial	25.05	West	Akkayyapalem
C1945	Domestic	6.04	Central	Akkayyapalem
C1946	Domestic	9.61	West	Akkayyapalem
C1947	Domestic	2.46	South	Dwaraka Nagar
C1948	Commercial	16.72	South	Madhurawada
C1949	Commercial	48.43	Central	Madhurawada
C1950	Domestic	9.64	East	Dwaraka Nagar
C1951	Domestic	3.01	North	MVP Colony
C1952	Domestic	2.73	East	Akkayyapalem
C1953	Domestic	5.08	East	Gajuwaka
C1954	Commercial	10.09	North	Madhurawada
C1955	Domestic	7.07	South	Seethammadhara
C1956	Domestic	2.16	South	Dwaraka Nagar
C1957	Domestic	1.99	North	Rushikonda
C1958	Domestic	5.62	West	MVP Colony
C1959	Domestic	9.64	East	NAD
C1960	Commercial	25.93	Central	Rushikonda
C1961	Domestic	4.53	South	Rushikonda
C1962	Domestic	9.98	Central	Dwaraka Nagar
C1963	Domestic	6.02	North	Seethammadhara
C1964	Domestic	4.69	Central	MVP Colony
C1965	Domestic	4.78	Central	NAD
C1966	Domestic	3.16	East	MVP Colony
C1967	Commercial	29.51	North	Madhurawada
C1968	Domestic	5.23	Central	Rushikonda
C1969	Domestic	3.8	South	Dwaraka Nagar
C1970	Domestic	2.86	North	Seethammadhara
C1971	Domestic	4.15	South	NAD
C1972	Commercial	29.36	West	MVP Colony
C1973	Commercial	10.45	Central	Rushikonda
C1974	Domestic	2.81	North	NAD
C1975	Domestic	9.56	South	Rushikonda
C1976	Domestic	6.11	Central	Gajuwaka
C1977	Domestic	2.04	East	Seethammadhara
C1978	Domestic	7.39	South	Dwaraka Nagar
C1979	Domestic	2.03	South	Madhurawada
C1980	Domestic	7.78	West	Rushikonda
C1981	Domestic	7.87	East	NAD
C1982	Commercial	35.35	West	Akkayyapalem
C1983	Domestic	7.72	East	MVP Colony
C1984	Domestic	2.25	South	Akkayyapalem
C1985	Commercial	38.52	West	NAD
C1986	Domestic	2.66	Central	Seethammadhara
C1987	Domestic	4.39	East	Akkayyapalem
C1988	Domestic	9.51	South	MVP Colony
C1989	Domestic	5.77	North	NAD
C1990	Commercial	48.63	East	Madhurawada
C1991	Commercial	11.73	East	Madhurawada
C1992	Domestic	5.56	Central	Dwaraka Nagar
C1993	Domestic	2.03	East	Madhurawada
C1994	Domestic	6.86	East	NAD
C1995	Domestic	2.17	Central	Seethammadhara
C1996	Domestic	2.99	Central	NAD
C1997	Commercial	18.87	West	Madhurawada
C1998	Domestic	7.86	South	Gajuwaka
C1999	Industrial	41.48	South	NAD
C2000	Domestic	8.7	West	Dwaraka Nagar
C2001	Domestic	2.62	South	Gajuwaka
C2002	Domestic	1.8	East	Madhurawada
C2003	Commercial	24.59	West	Seethammadhara
C2004	Commercial	49.14	West	MVP Colony
C2005	Commercial	12.63	South	NAD
C2006	Domestic	2.36	North	MVP Colony
C2007	Domestic	7.88	South	Akkayyapalem
C2008	Commercial	21.11	North	Dwaraka Nagar
C2009	Domestic	7.6	West	Gajuwaka
C2010	Domestic	3.2	North	Rushikonda
C2011	Domestic	5.41	East	MVP Colony
C2012	Industrial	48.57	Central	Rushikonda
C2013	Commercial	26.96	North	Dwaraka Nagar
C2014	Domestic	8.04	Central	MVP Colony
C2015	Commercial	40	East	MVP Colony
C2016	Commercial	29.66	Central	Dwaraka Nagar
C2017	Domestic	9.39	East	Rushikonda
C2018	Domestic	3.74	Central	NAD
C2019	Commercial	18.09	Central	MVP Colony
C2020	Domestic	6.72	South	Dwaraka Nagar
C2021	Domestic	6.78	North	MVP Colony
C2022	Domestic	1.9	Central	Seethammadhara
C2023	Commercial	33.53	West	Rushikonda
C2024	Industrial	56.21	South	NAD
C2025	Commercial	39.39	North	Seethammadhara
C2026	Domestic	8.37	South	Seethammadhara
C2027	Commercial	31.19	North	Dwaraka Nagar
C2028	Commercial	8.07	East	Seethammadhara
C2029	Domestic	6.91	Central	MVP Colony
C2030	Commercial	39.45	West	Rushikonda
C2031	Domestic	3.62	South	Madhurawada
C2032	Domestic	5.45	South	NAD
C2033	Domestic	9.71	South	MVP Colony
C2034	Domestic	4.03	South	Gajuwaka
C2035	Domestic	3.4	Central	Dwaraka Nagar
C2036	Domestic	3.29	North	MVP Colony
C2037	Domestic	6.25	Central	NAD
C2038	Commercial	47.89	East	Seethammadhara
C2039	Domestic	6.67	Central	NAD
C2040	Domestic	4.08	Central	Gajuwaka
C2041	Domestic	6.93	East	Seethammadhara
C2042	Commercial	34.24	Central	Gajuwaka
C2043	Domestic	6.57	North	Akkayyapalem
C2044	Domestic	2.86	West	Akkayyapalem
C2045	Commercial	34.65	East	MVP Colony
C2046	Domestic	5.16	South	Madhurawada
C2047	Domestic	1.66	North	Seethammadhara
C2048	Domestic	6.09	West	Rushikonda
C2049	Commercial	49.55	North	NAD
C2050	Domestic	4.47	North	Rushikonda
C2051	Commercial	48.55	South	Madhurawada
C2052	Domestic	2.32	West	Seethammadhara
C2053	Commercial	38.76	North	Seethammadhara
C2054	Commercial	12.8	South	Seethammadhara
C2055	Industrial	49.15	East	Seethammadhara
C2056	Domestic	6.35	South	Madhurawada
C2057	Commercial	32.9	Central	MVP Colony
C2058	Domestic	8.09	South	Dwaraka Nagar
C2059	Domestic	6.73	South	Dwaraka Nagar
C2060	Domestic	6.55	South	Dwaraka Nagar
C2061	Commercial	46.32	North	Gajuwaka
C2062	Industrial	61.65	West	Seethammadhara
C2063	Commercial	17.46	South	Seethammadhara
C2064	Domestic	2.88	South	NAD
C2065	Domestic	4.9	Central	Gajuwaka
C2066	Commercial	37.94	Central	NAD
C2067	Domestic	1.86	East	Rushikonda
C2068	Domestic	2.6	East	Akkayyapalem
C2069	Domestic	2.4	Central	NAD
C2070	Domestic	6.47	West	NAD
C2071	Domestic	3.56	East	Rushikonda
C2072	Domestic	2.91	West	MVP Colony
C2073	Domestic	6.54	Central	Dwaraka Nagar
C2074	Domestic	7.97	East	Seethammadhara
C2075	Industrial	53.25	South	Gajuwaka
C2076	Domestic	6.41	Central	Akkayyapalem
C2077	Domestic	2.33	East	Rushikonda
C2078	Domestic	9.45	West	Gajuwaka
C2079	Domestic	4.36	West	Seethammadhara
C2080	Commercial	49.9	East	MVP Colony
C2081	Commercial	49.1	West	NAD
C2082	Domestic	8.12	East	Rushikonda
C2083	Domestic	1.67	East	Akkayyapalem
C2084	Commercial	30.83	West	Dwaraka Nagar
C2085	Commercial	11.65	North	Seethammadhara
C2086	Domestic	9.11	South	Madhurawada
C2087	Domestic	8.21	Central	Madhurawada
C2088	Domestic	9.76	South	MVP Colony
C2089	Industrial	72.59	Central	Dwaraka Nagar
C2090	Domestic	5.94	Central	Madhurawada
C2091	Commercial	29.8	South	Madhurawada
C2092	Domestic	4.78	East	Rushikonda
C2093	Domestic	5.48	West	Rushikonda
C2094	Domestic	6.9	North	Seethammadhara
C2095	Domestic	9.43	North	Akkayyapalem
C2096	Domestic	6.57	North	Akkayyapalem
C2097	Domestic	8.79	South	Seethammadhara
C2098	Domestic	8.83	South	Gajuwaka
C2099	Commercial	29.79	East	Seethammadhara
C2100	Domestic	4.45	North	Dwaraka Nagar
C2101	Domestic	6.94	East	Madhurawada
C2102	Industrial	61.21	North	Akkayyapalem
C2103	Commercial	11.42	South	Seethammadhara
C2104	Commercial	23.87	West	Akkayyapalem
C2105	Industrial	99.59	West	Akkayyapalem
C2106	Domestic	1.91	West	Rushikonda
C2107	Domestic	7.42	West	Gajuwaka
C2108	Commercial	43.33	Central	Dwaraka Nagar
C2109	Domestic	7.01	North	NAD
C2110	Domestic	6.34	West	Akkayyapalem
C2111	Commercial	37.72	Central	Dwaraka Nagar
C2112	Domestic	5.15	Central	MVP Colony
C2113	Domestic	2.28	Central	Gajuwaka
C2114	Domestic	9.68	East	NAD
C2115	Domestic	5.17	East	Akkayyapalem
C2116	Domestic	7.16	Central	Seethammadhara
C2117	Domestic	6.02	West	Akkayyapalem
C2118	Commercial	10.3	North	Gajuwaka
C2119	Domestic	9.6	South	Rushikonda
C2120	Domestic	8.24	East	Gajuwaka
C2121	Commercial	14.26	West	Madhurawada
C2122	Industrial	98.72	West	Akkayyapalem
C2123	Commercial	38.95	South	Rushikonda
C2124	Commercial	27.84	South	Dwaraka Nagar
C2125	Domestic	6.7	West	Gajuwaka
C2126	Domestic	2.41	South	Gajuwaka
C2127	Domestic	6.26	West	MVP Colony
C2128	Domestic	2.13	South	MVP Colony
C2129	Domestic	6.13	South	MVP Colony
C2130	Domestic	6.2	West	Gajuwaka
C2131	Commercial	44.73	Central	NAD
C2132	Domestic	7.66	West	Rushikonda
C2133	Domestic	3.62	North	Dwaraka Nagar
C2134	Domestic	9.05	South	Gajuwaka
C2135	Domestic	6.37	East	Seethammadhara
C2136	Domestic	6.65	South	Seethammadhara
C2137	Commercial	15.1	North	Madhurawada
C2138	Domestic	8.79	East	Seethammadhara
C2139	Domestic	9.41	East	Rushikonda
C2140	Domestic	8.09	West	Rushikonda
C2141	Commercial	47.51	Central	Akkayyapalem
C2142	Domestic	4.07	West	NAD
C2143	Domestic	8.82	East	NAD
C2144	Domestic	5.66	East	Dwaraka Nagar
C2145	Domestic	2.89	Central	NAD
C2146	Commercial	36.09	South	Dwaraka Nagar
C2147	Commercial	36.73	Central	Seethammadhara
C2148	Domestic	3.94	West	NAD
C2149	Commercial	9.15	South	Akkayyapalem
C2150	Commercial	16.39	West	Dwaraka Nagar
C2151	Commercial	24.79	Central	MVP Colony
C2152	Commercial	15.04	South	MVP Colony
C2153	Domestic	3.15	Central	NAD
C2154	Domestic	4.83	North	NAD
C2155	Domestic	9.68	East	Seethammadhara
C2156	Commercial	40.1	South	Dwaraka Nagar
C2157	Domestic	4.22	East	Rushikonda
C2158	Commercial	47.97	North	Seethammadhara
C2159	Commercial	35.12	South	Rushikonda
C2160	Domestic	5.37	East	Dwaraka Nagar
C2161	Commercial	27.67	East	Akkayyapalem
C2162	Domestic	4.99	South	Gajuwaka
C2163	Domestic	3.48	East	MVP Colony
C2164	Commercial	24.24	East	Gajuwaka
C2165	Domestic	5.99	South	Gajuwaka
C2166	Commercial	30.18	East	Madhurawada
C2167	Commercial	39.99	East	Dwaraka Nagar
C2168	Domestic	4.55	West	Madhurawada
C2169	Domestic	7.59	West	Rushikonda
C2170	Domestic	6.41	North	Madhurawada
C2171	Domestic	9.68	West	Rushikonda
C2172	Industrial	56.97	West	Gajuwaka
C2173	Domestic	9.16	North	Madhurawada
C2174	Domestic	8.48	East	Akkayyapalem
C2175	Domestic	6.92	East	Dwaraka Nagar
C2176	Domestic	7.06	West	Gajuwaka
C2177	Commercial	11.56	North	Dwaraka Nagar
C2178	Domestic	9.58	East	Akkayyapalem
C2179	Commercial	12.49	Central	NAD
C2180	Domestic	6.29	South	Madhurawada
C2181	Industrial	53.1	South	Gajuwaka
C2182	Domestic	5.15	South	Rushikonda
C2183	Domestic	6.69	West	MVP Colony
C2184	Commercial	46.17	South	Dwaraka Nagar
C2185	Domestic	5.39	South	Seethammadhara
C2186	Commercial	49.48	Central	Akkayyapalem
C2187	Domestic	6.54	East	Madhurawada
C2188	Domestic	2.86	Central	Dwaraka Nagar
C2189	Domestic	3.12	West	Akkayyapalem
C2190	Commercial	38.08	South	Dwaraka Nagar
C2191	Domestic	1.93	East	NAD
C2192	Domestic	5.58	South	Seethammadhara
C2193	Domestic	2.76	South	Akkayyapalem
C2194	Domestic	5.18	West	Dwaraka Nagar
C2195	Domestic	7.87	South	Rushikonda
C2196	Commercial	27.27	North	Seethammadhara
C2197	Industrial	41.44	East	NAD
C2198	Industrial	47.63	East	NAD
C2199	Commercial	23.44	North	NAD
C2200	Domestic	2.09	West	Madhurawada
C2201	Commercial	32.54	South	Akkayyapalem
C2202	Domestic	6.66	South	Dwaraka Nagar
C2203	Domestic	2.03	East	Dwaraka Nagar
C2204	Domestic	4.92	West	Seethammadhara
C2205	Domestic	5.02	West	Seethammadhara
C2206	Commercial	22.02	West	Akkayyapalem
C2207	Domestic	6.24	South	NAD
C2208	Domestic	4.44	West	Dwaraka Nagar
C2209	Domestic	5.04	North	Dwaraka Nagar
C2210	Industrial	85.83	Central	NAD
C2211	Domestic	2.88	West	MVP Colony
C2212	Domestic	6.76	Central	MVP Colony
C2213	Domestic	5.8	South	NAD
C2214	Commercial	20.81	West	Seethammadhara
C2215	Domestic	7.68	East	Madhurawada
C2216	Domestic	6.19	South	Seethammadhara
C2217	Domestic	5.56	North	Seethammadhara
C2218	Domestic	7.18	North	Rushikonda
C2219	Domestic	8.32	Central	Rushikonda
C2220	Domestic	9.77	Central	Dwaraka Nagar
C2221	Industrial	74.05	East	Seethammadhara
C2222	Domestic	8.93	East	Dwaraka Nagar
C2223	Domestic	1.51	North	MVP Colony
C2224	Commercial	30.27	West	Seethammadhara
C2225	Domestic	3.32	North	NAD
C2226	Domestic	2.3	North	Akkayyapalem
C2227	Domestic	6.02	East	Akkayyapalem
C2228	Domestic	7.85	Central	Seethammadhara
C2229	Industrial	58.86	East	Madhurawada
C2230	Domestic	7.2	East	Seethammadhara
C2231	Commercial	28.57	East	NAD
C2232	Domestic	5.22	North	MVP Colony
C2233	Domestic	3.97	West	MVP Colony
C2234	Domestic	4.75	North	Seethammadhara
C2235	Domestic	4.47	South	Rushikonda
C2236	Domestic	6.99	East	Dwaraka Nagar
C2237	Commercial	12.87	East	Gajuwaka
C2238	Domestic	2.29	South	Madhurawada
C2239	Industrial	76.2	East	Madhurawada
C2240	Domestic	6.14	East	Gajuwaka
C2241	Commercial	26.07	East	Akkayyapalem
C2242	Commercial	14.4	South	Akkayyapalem
C2243	Commercial	25.26	North	Akkayyapalem
C2244	Commercial	41.17	East	MVP Colony
C2245	Commercial	45.36	West	NAD
C2246	Domestic	7.47	South	Madhurawada
C2247	Domestic	2.01	Central	Gajuwaka
C2248	Domestic	7.2	South	Dwaraka Nagar
C2249	Commercial	18.12	North	Seethammadhara
C2250	Domestic	4.18	South	Dwaraka Nagar
C2251	Commercial	16.23	Central	Seethammadhara
C2252	Domestic	8.09	West	MVP Colony
C2253	Domestic	7.01	Central	Madhurawada
C2254	Domestic	6.7	South	NAD
C2255	Domestic	7.18	Central	Madhurawada
C2256	Domestic	3.51	South	Seethammadhara
C2257	Domestic	5.28	West	Akkayyapalem
C2258	Domestic	6.88	West	Dwaraka Nagar
C2259	Domestic	6.91	North	Madhurawada
C2260	Domestic	8.23	West	Dwaraka Nagar
C2261	Domestic	3.94	East	Gajuwaka
C2262	Commercial	40.35	Central	Gajuwaka
C2263	Domestic	5.24	Central	Dwaraka Nagar
C2264	Domestic	7.2	South	NAD
C2265	Domestic	5.37	West	Rushikonda
C2266	Domestic	9.56	North	NAD
C2267	Domestic	3.02	North	Rushikonda
C2268	Domestic	7.24	North	Madhurawada
C2269	Domestic	6.4	East	Dwaraka Nagar
C2270	Domestic	2.97	West	MVP Colony
C2271	Domestic	2.06	North	NAD
C2272	Commercial	41.56	East	Seethammadhara
C2273	Commercial	14.61	Central	NAD
C2274	Domestic	3.09	South	Akkayyapalem
C2275	Domestic	9.82	West	Gajuwaka
C2276	Domestic	7.6	West	NAD
C2277	Domestic	3.63	Central	Seethammadhara
C2278	Industrial	71.37	West	NAD
C2279	Domestic	6.04	West	Seethammadhara
C2280	Domestic	8.68	West	Rushikonda
C2281	Domestic	7.7	West	Akkayyapalem
C2282	Commercial	42.93	East	Rushikonda
C2283	Domestic	3.3	East	Seethammadhara
C2284	Domestic	6.94	South	NAD
C2285	Domestic	1.84	West	Akkayyapalem
C2286	Domestic	2.09	Central	Dwaraka Nagar
C2287	Domestic	7.56	North	Dwaraka Nagar
C2288	Domestic	1.71	South	Gajuwaka
C2289	Domestic	6.43	North	Madhurawada
C2290	Domestic	8.64	North	Akkayyapalem
C2291	Domestic	4.73	West	NAD
C2292	Domestic	1.88	Central	Madhurawada
C2293	Domestic	7.57	North	Dwaraka Nagar
C2294	Domestic	9.4	North	NAD
C2295	Commercial	38.12	South	Madhurawada
C2296	Domestic	6.42	Central	Akkayyapalem
C2297	Domestic	3.46	Central	Akkayyapalem
C2298	Domestic	1.63	North	Madhurawada
C2299	Domestic	7.4	Central	Seethammadhara
C2300	Commercial	17.7	South	Akkayyapalem
C2301	Domestic	8.79	South	MVP Colony
C2302	Commercial	27.59	South	Dwaraka Nagar
C2303	Domestic	6.01	West	Gajuwaka
C2304	Domestic	7.91	North	Gajuwaka
C2305	Commercial	40.74	Central	MVP Colony
C2306	Commercial	34.99	South	Madhurawada
C2307	Commercial	47.41	North	Akkayyapalem
C2308	Commercial	49.26	North	MVP Colony
C2309	Domestic	9.55	West	MVP Colony
C2310	Commercial	42.62	Central	Akkayyapalem
C2311	Domestic	7.5	Central	Dwaraka Nagar
C2312	Commercial	35.86	South	Akkayyapalem
C2313	Domestic	2.38	South	Rushikonda
C2314	Commercial	19.4	North	Akkayyapalem
C2315	Domestic	1.55	Central	Seethammadhara
C2316	Domestic	2.67	Central	NAD
C2317	Domestic	5.23	South	Madhurawada
C2318	Commercial	14.15	East	Gajuwaka
C2319	Domestic	9.16	North	Gajuwaka
C2320	Domestic	8.35	Central	MVP Colony
C2321	Domestic	2.11	West	Seethammadhara
C2322	Domestic	3.62	West	MVP Colony
C2323	Commercial	42.4	East	MVP Colony
C2324	Domestic	8.33	South	Madhurawada
C2325	Industrial	96.18	South	MVP Colony
C2326	Domestic	9.98	South	MVP Colony
C2327	Domestic	9.8	West	NAD
C2328	Commercial	25.23	South	Madhurawada
C2329	Domestic	3.63	West	Dwaraka Nagar
C2330	Domestic	7.95	East	Seethammadhara
C2331	Domestic	4.04	North	Dwaraka Nagar
C2332	Commercial	41.87	Central	Akkayyapalem
C2333	Domestic	6.04	East	NAD
C2334	Industrial	85.57	West	Gajuwaka
C2335	Industrial	49.31	East	Akkayyapalem
C2336	Domestic	5.82	Central	Dwaraka Nagar
C2337	Domestic	6.29	North	Madhurawada
C2338	Domestic	9.52	Central	Gajuwaka
C2339	Domestic	3.77	West	Rushikonda
C2340	Domestic	9.46	Central	MVP Colony
C2341	Domestic	8.34	East	Madhurawada
C2342	Domestic	7.71	South	Gajuwaka
C2343	Commercial	41.05	East	Dwaraka Nagar
C2344	Commercial	33.43	West	Akkayyapalem
C2345	Commercial	18.25	North	MVP Colony
C2346	Domestic	3.11	Central	MVP Colony
C2347	Domestic	8.86	North	Seethammadhara
C2348	Domestic	7.66	West	Madhurawada
C2349	Industrial	44.92	Central	Akkayyapalem
C2350	Domestic	6.73	East	MVP Colony
C2351	Commercial	26.8	East	Gajuwaka
C2352	Domestic	2.85	West	Seethammadhara
C2353	Domestic	6.02	Central	Seethammadhara
C2354	Commercial	19.82	East	NAD
C2355	Domestic	2.32	West	Dwaraka Nagar
C2356	Commercial	27.61	West	Madhurawada
C2357	Commercial	32.78	North	Akkayyapalem
C2358	Domestic	1.9	East	Rushikonda
C2359	Domestic	4.92	Central	Rushikonda
C2360	Domestic	3.69	East	NAD
C2361	Commercial	9.29	East	Rushikonda
C2362	Domestic	2.57	East	NAD
C2363	Domestic	2.68	West	Madhurawada
C2364	Domestic	3.05	South	Gajuwaka
C2365	Commercial	41.74	South	Akkayyapalem
C2366	Domestic	5.24	North	Dwaraka Nagar
C2367	Commercial	14.18	East	Madhurawada
C2368	Commercial	12.21	South	Akkayyapalem
C2369	Domestic	4.03	North	NAD
C2370	Domestic	8.28	West	NAD
C2371	Industrial	55.51	East	Madhurawada
C2372	Domestic	2.86	Central	Akkayyapalem
C2373	Commercial	24.97	West	NAD
C2374	Domestic	6.22	North	Madhurawada
C2375	Domestic	1.75	West	Seethammadhara
C2376	Commercial	34.36	Central	Madhurawada
C2377	Domestic	4.86	West	Dwaraka Nagar
C2378	Domestic	1.58	North	Madhurawada
C2379	Domestic	7.23	Central	Seethammadhara
C2380	Domestic	7.56	Central	Akkayyapalem
C2381	Domestic	6.85	West	Akkayyapalem
C2382	Domestic	4.41	Central	Rushikonda
C2383	Industrial	67.07	West	NAD
C2384	Domestic	4.79	East	Rushikonda
C2385	Domestic	7.46	Central	MVP Colony
C2386	Domestic	6.46	West	Dwaraka Nagar
C2387	Commercial	11.44	East	Akkayyapalem
C2388	Domestic	6.97	Central	NAD
C2389	Industrial	78.11	East	NAD
C2390	Domestic	4.65	Central	Dwaraka Nagar
C2391	Domestic	8.94	North	Rushikonda
C2392	Domestic	8.67	North	Dwaraka Nagar
C2393	Domestic	2.99	West	Rushikonda
C2394	Domestic	9.19	South	NAD
C2395	Domestic	5.25	North	Seethammadhara
C2396	Commercial	38.4	South	MVP Colony
C2397	Domestic	8.42	East	Seethammadhara
C2398	Domestic	5.79	East	Gajuwaka
C2399	Domestic	4.89	South	Seethammadhara
C2400	Commercial	46.45	West	NAD
C2401	Domestic	3.46	Central	Dwaraka Nagar
C2402	Domestic	3.68	South	Madhurawada
C2403	Domestic	4.57	South	Madhurawada
C2404	Commercial	44.1	South	Dwaraka Nagar
C2405	Domestic	9.48	South	Seethammadhara
C2406	Domestic	3.37	South	Dwaraka Nagar
C2407	Commercial	44.28	West	Gajuwaka
C2408	Commercial	18.84	North	Akkayyapalem
C2409	Domestic	9.75	Central	Rushikonda
C2410	Commercial	33.09	North	Dwaraka Nagar
C2411	Domestic	1.56	South	Rushikonda
C2412	Domestic	1.79	North	Rushikonda
C2413	Domestic	2.75	West	Madhurawada
C2414	Domestic	3.09	East	MVP Colony
C2415	Domestic	8.02	North	Dwaraka Nagar
C2416	Commercial	17.36	Central	Gajuwaka
C2417	Domestic	9.74	West	Rushikonda
C2418	Domestic	6.91	East	MVP Colony
C2419	Domestic	7.39	West	Gajuwaka
C2420	Commercial	17.15	South	MVP Colony
C2421	Domestic	9.09	East	Dwaraka Nagar
C2422	Domestic	7.18	Central	Rushikonda
C2423	Domestic	8.85	East	Madhurawada
C2424	Domestic	9.63	Central	MVP Colony
C2425	Industrial	38.79	South	NAD
C2426	Industrial	36.76	Central	Akkayyapalem
C2427	Domestic	8.33	West	Gajuwaka
C2428	Industrial	90.63	North	MVP Colony
C2429	Domestic	6.46	West	Rushikonda
C2430	Commercial	23.37	West	Gajuwaka
C2431	Domestic	7.05	East	Madhurawada
C2432	Domestic	4.1	South	Gajuwaka
C2433	Domestic	3.53	North	Gajuwaka
C2434	Domestic	5.65	Central	NAD
C2435	Domestic	3.34	East	Gajuwaka
C2436	Domestic	5.61	South	MVP Colony
C2437	Domestic	9.63	North	Rushikonda
C2438	Commercial	43.27	West	Gajuwaka
C2439	Domestic	9.5	South	Rushikonda
C2440	Domestic	8.35	South	Dwaraka Nagar
C2441	Industrial	54.83	South	Gajuwaka
C2442	Domestic	8.4	West	Dwaraka Nagar
C2443	Domestic	9.34	Central	Akkayyapalem
C2444	Domestic	9.55	East	Gajuwaka
C2445	Commercial	36.69	Central	Seethammadhara
C2446	Domestic	3.3	North	Akkayyapalem
C2447	Domestic	1.84	East	Rushikonda
C2448	Commercial	14.18	North	Seethammadhara
C2449	Commercial	48.55	West	Gajuwaka
C2450	Domestic	5.43	Central	MVP Colony
C2451	Domestic	8.77	South	Seethammadhara
C2452	Domestic	5.45	East	Dwaraka Nagar
C2453	Commercial	35.75	South	Rushikonda
C2454	Domestic	1.71	North	Akkayyapalem
C2455	Domestic	3.62	South	Akkayyapalem
C2456	Commercial	26.32	South	Dwaraka Nagar
C2457	Domestic	6.86	West	NAD
C2458	Domestic	2.96	West	Gajuwaka
C2459	Domestic	8	Central	Gajuwaka
C2460	Domestic	4.6	North	MVP Colony
C2461	Domestic	8.45	West	NAD
C2462	Domestic	2.33	West	NAD
C2463	Domestic	7.28	Central	Seethammadhara
C2464	Domestic	3.99	East	Rushikonda
C2465	Industrial	85.68	Central	MVP Colony
C2466	Domestic	4.92	South	Akkayyapalem
C2467	Industrial	76.57	South	Dwaraka Nagar
C2468	Domestic	9.44	West	Akkayyapalem
C2469	Commercial	8.87	West	Madhurawada
C2470	Commercial	8.47	Central	MVP Colony
C2471	Domestic	8.05	Central	Dwaraka Nagar
C2472	Commercial	35.15	North	Akkayyapalem
C2473	Commercial	20.31	South	Akkayyapalem
C2474	Domestic	5.7	Central	NAD
C2475	Domestic	1.86	East	MVP Colony
C2476	Domestic	3.14	North	Madhurawada
C2477	Commercial	25.83	Central	Gajuwaka
C2478	Commercial	43.03	West	MVP Colony
C2479	Commercial	28.15	Central	Rushikonda
C2480	Domestic	6.48	West	Madhurawada
C2481	Commercial	44.7	West	Rushikonda
C2482	Domestic	4.12	South	Madhurawada
C2483	Domestic	7.46	South	Rushikonda
C2484	Domestic	8.82	Central	MVP Colony
C2485	Domestic	3.22	Central	Dwaraka Nagar
C2486	Domestic	4.53	East	MVP Colony
C2487	Domestic	9.83	North	Akkayyapalem
C2488	Domestic	9.86	North	Seethammadhara
C2489	Domestic	3.4	Central	NAD
C2490	Domestic	2.06	South	Akkayyapalem
C2491	Domestic	3.8	East	Madhurawada
C2492	Domestic	4.88	North	Madhurawada
C2493	Domestic	5.25	Central	Gajuwaka
C2494	Domestic	6.76	South	Madhurawada
C2495	Domestic	9.15	South	Seethammadhara
C2496	Domestic	4.31	South	Gajuwaka
C2497	Domestic	8.72	West	Madhurawada
C2498	Domestic	2.29	South	Madhurawada
C2499	Domestic	1.86	Central	MVP Colony
C2500	Commercial	29.17	East	MVP Colony
C2501	Domestic	2.01	Central	NAD
C2502	Domestic	4.84	South	Akkayyapalem
C2503	Domestic	9.12	East	Dwaraka Nagar
C2504	Domestic	3.55	North	NAD
C2505	Domestic	7.5	North	Madhurawada
C2506	Domestic	4.07	Central	NAD
C2507	Domestic	1.88	East	MVP Colony
C2508	Domestic	6.23	Central	Akkayyapalem
C2509	Domestic	8.6	East	Madhurawada
C2510	Commercial	25.2	East	Rushikonda
C2511	Commercial	33.93	Central	Madhurawada
C2512	Commercial	45.8	East	NAD
C2513	Industrial	85.28	South	Akkayyapalem
C2514	Domestic	3.15	East	Rushikonda
C2515	Domestic	7.73	East	Seethammadhara
C2516	Domestic	5.77	Central	Gajuwaka
C2517	Domestic	7.84	North	Seethammadhara
C2518	Commercial	28.77	West	Rushikonda
C2519	Domestic	2.59	East	Rushikonda
C2520	Commercial	31.94	West	Dwaraka Nagar
C2521	Domestic	5.68	East	Rushikonda
C2522	Commercial	29.75	Central	Akkayyapalem
C2523	Domestic	8.97	Central	NAD
C2524	Domestic	9.11	East	Seethammadhara
C2525	Domestic	5.36	Central	NAD
C2526	Domestic	5.37	Central	Dwaraka Nagar
C2527	Domestic	5.88	East	Madhurawada
C2528	Domestic	5.92	North	Madhurawada
C2529	Commercial	47.92	East	Gajuwaka
C2530	Domestic	7.02	North	NAD
C2531	Domestic	3.86	Central	Dwaraka Nagar
C2532	Domestic	6.02	North	NAD
C2533	Commercial	34.34	Central	MVP Colony
C2534	Domestic	6.94	North	NAD
C2535	Domestic	6.47	North	NAD
C2536	Domestic	3.01	East	MVP Colony
C2537	Domestic	1.79	North	MVP Colony
C2538	Domestic	4.37	Central	Seethammadhara
C2539	Domestic	5.13	East	Rushikonda
C2540	Domestic	2.03	North	Rushikonda
C2541	Commercial	42.23	East	Dwaraka Nagar
C2542	Domestic	4.42	West	Seethammadhara
C2543	Domestic	9.27	East	Madhurawada
C2544	Domestic	2.81	West	Gajuwaka
C2545	Industrial	33.99	West	Seethammadhara
C2546	Domestic	5.6	East	MVP Colony
C2547	Commercial	15.94	Central	Madhurawada
C2548	Domestic	9.47	Central	Rushikonda
C2549	Domestic	1.59	Central	Dwaraka Nagar
C2550	Domestic	5.01	South	Akkayyapalem
C2551	Industrial	94.87	West	NAD
C2552	Domestic	4.77	East	Dwaraka Nagar
C2553	Commercial	11.91	Central	Dwaraka Nagar
C2554	Commercial	20.72	Central	MVP Colony
C2555	Domestic	5.73	East	Gajuwaka
C2556	Domestic	3.07	West	Seethammadhara
C2557	Domestic	5.47	East	MVP Colony
C2558	Domestic	8.61	South	NAD
C2559	Commercial	44.65	South	MVP Colony
C2560	Commercial	10.07	East	NAD
C2561	Domestic	2.87	West	MVP Colony
C2562	Domestic	3.84	Central	Akkayyapalem
C2563	Commercial	32.98	South	Rushikonda
C2564	Domestic	4.57	South	Gajuwaka
C2565	Commercial	43.45	West	Akkayyapalem
C2566	Domestic	7.59	South	Madhurawada
C2567	Domestic	2.35	South	Rushikonda
C2568	Domestic	6.81	West	Rushikonda
C2569	Domestic	2.46	East	Rushikonda
C2570	Domestic	3.67	Central	Gajuwaka
C2571	Domestic	3.01	Central	Seethammadhara
C2572	Domestic	2.97	South	MVP Colony
C2573	Commercial	33.89	Central	Rushikonda
C2574	Commercial	31.67	East	Dwaraka Nagar
C2575	Domestic	3	South	Madhurawada
C2576	Domestic	9.92	Central	Rushikonda
C2577	Domestic	5.09	North	Dwaraka Nagar
C2578	Domestic	2.33	North	Rushikonda
C2579	Domestic	2.52	North	Akkayyapalem
C2580	Domestic	6.46	North	Seethammadhara
C2581	Domestic	9.82	North	Gajuwaka
C2582	Domestic	6.36	South	Seethammadhara
C2583	Domestic	9.57	West	Madhurawada
C2584	Domestic	5.28	West	Akkayyapalem
C2585	Industrial	60.51	South	MVP Colony
C2586	Domestic	5.75	South	Dwaraka Nagar
C2587	Domestic	7.43	East	MVP Colony
C2588	Domestic	4.62	West	NAD
C2589	Domestic	8.84	North	Seethammadhara
C2590	Commercial	9.23	South	Madhurawada
C2591	Domestic	5.24	North	Dwaraka Nagar
C2592	Industrial	65.77	West	Gajuwaka
C2593	Domestic	6.66	Central	Rushikonda
C2594	Domestic	3.85	Central	Gajuwaka
C2595	Commercial	25.95	South	Gajuwaka
C2596	Domestic	5.62	East	Akkayyapalem
C2597	Domestic	7.34	North	Gajuwaka
C2598	Domestic	8.08	South	Dwaraka Nagar
C2599	Domestic	7.77	East	Rushikonda
C2600	Commercial	22.35	North	Seethammadhara
C2601	Domestic	10	West	Seethammadhara
C2602	Domestic	8.71	Central	Seethammadhara
C2603	Domestic	3.71	East	Akkayyapalem
C2604	Domestic	3.16	North	NAD
C2605	Domestic	4.17	South	Gajuwaka
C2606	Domestic	5.34	North	Seethammadhara
C2607	Domestic	8.73	South	Gajuwaka
C2608	Commercial	40.69	Central	Rushikonda
C2609	Domestic	8.74	Central	Rushikonda
C2610	Domestic	3.81	North	Akkayyapalem
C2611	Commercial	32.93	North	Gajuwaka
C2612	Domestic	3.91	South	NAD
C2613	Domestic	2.43	South	Akkayyapalem
C2614	Domestic	7.32	East	Akkayyapalem
C2615	Domestic	2.72	East	Madhurawada
C2616	Domestic	7.18	East	Akkayyapalem
C2617	Industrial	75.36	North	Gajuwaka
C2618	Domestic	8.39	East	Akkayyapalem
C2619	Domestic	2.69	North	Gajuwaka
C2620	Commercial	40.91	Central	Gajuwaka
C2621	Domestic	9.99	West	Seethammadhara
C2622	Domestic	8.73	Central	Akkayyapalem
C2623	Domestic	7.89	North	Madhurawada
C2624	Industrial	76.35	North	Gajuwaka
C2625	Domestic	5.09	West	Seethammadhara
C2626	Domestic	7.71	South	Madhurawada
C2627	Domestic	7.66	South	Madhurawada
C2628	Domestic	6.87	South	Akkayyapalem
C2629	Domestic	8.27	East	MVP Colony
C2630	Domestic	5.31	South	Seethammadhara
C2631	Commercial	13.09	East	MVP Colony
C2632	Domestic	6.25	East	Gajuwaka
C2633	Domestic	3.75	South	Dwaraka Nagar
C2634	Commercial	24.15	South	MVP Colony
C2635	Commercial	8.73	West	Seethammadhara
C2636	Domestic	4.75	West	Akkayyapalem
C2637	Domestic	8.37	East	Seethammadhara
C2638	Domestic	6.11	West	Akkayyapalem
C2639	Industrial	30.69	East	MVP Colony
C2640	Commercial	27.73	North	Dwaraka Nagar
C2641	Domestic	3.98	East	NAD
C2642	Commercial	28.06	East	Gajuwaka
C2643	Domestic	4.94	West	Seethammadhara
C2644	Domestic	9.42	North	NAD
C2645	Domestic	1.85	Central	NAD
C2646	Commercial	36.71	Central	Madhurawada
C2647	Domestic	8.73	Central	Madhurawada
C2648	Commercial	48.29	North	Gajuwaka
C2649	Commercial	15.46	South	Dwaraka Nagar
C2650	Commercial	30.31	North	Madhurawada
C2651	Domestic	1.87	West	Seethammadhara
C2652	Domestic	5.74	East	Seethammadhara
C2653	Domestic	2.57	East	MVP Colony
C2654	Domestic	8.62	West	Seethammadhara
C2655	Domestic	2.47	West	Gajuwaka
C2656	Commercial	29.56	East	Akkayyapalem
C2657	Domestic	5.93	South	NAD
C2658	Domestic	9.76	South	Seethammadhara
C2659	Domestic	7.07	South	Gajuwaka
C2660	Domestic	3.95	West	Akkayyapalem
C2661	Domestic	3.55	East	Akkayyapalem
C2662	Domestic	2.59	East	Madhurawada
C2663	Commercial	39.77	East	Akkayyapalem
C2664	Domestic	7.37	North	Dwaraka Nagar
C2665	Industrial	72.69	North	Akkayyapalem
C2666	Commercial	9.72	Central	Akkayyapalem
C2667	Domestic	7.98	North	NAD
C2668	Commercial	34.96	South	Dwaraka Nagar
C2669	Domestic	9.69	South	Gajuwaka
C2670	Commercial	32.66	South	Dwaraka Nagar
C2671	Domestic	4.08	South	Dwaraka Nagar
C2672	Commercial	24.02	Central	Gajuwaka
C2673	Commercial	15.39	South	NAD
C2674	Commercial	38.36	West	Seethammadhara
C2675	Commercial	37.72	West	Rushikonda
C2676	Domestic	3.21	West	Akkayyapalem
C2677	Domestic	2.85	North	Dwaraka Nagar
C2678	Domestic	2.15	East	Dwaraka Nagar
C2679	Domestic	9.25	Central	Seethammadhara
C2680	Domestic	3.48	West	Gajuwaka
C2681	Domestic	4.43	West	MVP Colony
C2682	Industrial	49.64	South	Seethammadhara
C2683	Domestic	5.02	West	Dwaraka Nagar
C2684	Commercial	37.99	South	Madhurawada
C2685	Domestic	8.9	South	Akkayyapalem
C2686	Commercial	15.67	East	Akkayyapalem
C2687	Commercial	36.83	North	Seethammadhara
C2688	Domestic	4.5	South	NAD
C2689	Domestic	9.83	South	Seethammadhara
C2690	Commercial	20.55	East	Dwaraka Nagar
C2691	Domestic	1.56	South	Gajuwaka
C2692	Domestic	5.88	Central	Madhurawada
C2693	Domestic	2.78	North	Seethammadhara
C2694	Domestic	1.88	Central	Gajuwaka
C2695	Domestic	7.44	West	Seethammadhara
C2696	Domestic	7.72	North	Dwaraka Nagar
C2697	Domestic	5.42	West	Madhurawada
C2698	Domestic	7.25	South	NAD
C2699	Industrial	67.68	East	NAD
C2700	Domestic	6.85	Central	Seethammadhara
C2701	Industrial	71.77	West	Rushikonda
C2702	Domestic	7.16	South	NAD
C2703	Domestic	3.2	Central	Rushikonda
C2704	Domestic	3.78	Central	Rushikonda
C2705	Domestic	5.24	West	MVP Colony
C2706	Domestic	5.29	South	Gajuwaka
C2707	Domestic	8.08	East	Dwaraka Nagar
C2708	Domestic	4.62	West	Madhurawada
C2709	Domestic	2.88	Central	Seethammadhara
C2710	Domestic	3.64	Central	Seethammadhara
C2711	Domestic	3.33	North	Akkayyapalem
C2712	Domestic	7.72	South	Akkayyapalem
C2713	Commercial	27.75	North	Gajuwaka
C2714	Domestic	7.52	East	Dwaraka Nagar
C2715	Domestic	5.04	West	MVP Colony
C2716	Industrial	92.28	Central	Dwaraka Nagar
C2717	Domestic	9.86	South	Gajuwaka
C2718	Domestic	7.19	Central	Dwaraka Nagar
C2719	Industrial	90.47	North	Akkayyapalem
C2720	Domestic	5.82	North	Akkayyapalem
C2721	Domestic	9.44	West	Madhurawada
C2722	Domestic	8.57	South	MVP Colony
C2723	Domestic	9.93	South	Akkayyapalem
C2724	Domestic	6.8	West	Madhurawada
C2725	Domestic	8.12	North	MVP Colony
C2726	Domestic	6.11	North	Akkayyapalem
C2727	Domestic	3.7	North	MVP Colony
C2728	Industrial	54.83	Central	Rushikonda
C2729	Commercial	45.55	East	Dwaraka Nagar
C2730	Domestic	1.98	North	Madhurawada
C2731	Domestic	6.53	East	MVP Colony
C2732	Domestic	4.67	East	Seethammadhara
C2733	Domestic	4.79	South	MVP Colony
C2734	Domestic	9.02	West	Dwaraka Nagar
C2735	Domestic	8.76	Central	Akkayyapalem
C2736	Commercial	33.15	East	Akkayyapalem
C2737	Domestic	3.82	Central	Seethammadhara
C2738	Domestic	5.54	South	Gajuwaka
C2739	Domestic	4.97	North	Gajuwaka
C2740	Domestic	4.51	East	Akkayyapalem
C2741	Commercial	12.32	West	Rushikonda
C2742	Commercial	30.81	South	Seethammadhara
C2743	Commercial	20.68	Central	NAD
C2744	Domestic	7.12	North	NAD
C2745	Domestic	4.21	Central	Seethammadhara
C2746	Domestic	5.16	West	MVP Colony
C2747	Domestic	1.95	East	Akkayyapalem
C2748	Domestic	9.94	West	Gajuwaka
C2749	Commercial	29.32	Central	MVP Colony
C2750	Domestic	1.71	Central	Madhurawada
C2751	Domestic	6.1	West	Seethammadhara
C2752	Domestic	8.9	West	Seethammadhara
C2753	Domestic	8.07	West	Rushikonda
C2754	Domestic	7.46	North	Gajuwaka
C2755	Industrial	39.76	Central	Gajuwaka
C2756	Commercial	35.62	South	Gajuwaka
C2757	Industrial	83.64	North	Seethammadhara
C2758	Domestic	6.37	North	NAD
C2759	Domestic	9.09	North	Dwaraka Nagar
C2760	Domestic	3.85	South	Rushikonda
C2761	Domestic	3.56	West	Dwaraka Nagar
C2762	Commercial	44.52	Central	Rushikonda
C2763	Domestic	6.82	East	Seethammadhara
C2764	Domestic	1.51	East	NAD
C2765	Domestic	4.5	Central	Rushikonda
C2766	Domestic	8.79	South	Akkayyapalem
C2767	Commercial	9.15	East	Akkayyapalem
C2768	Domestic	1.53	North	Seethammadhara
C2769	Domestic	3.89	East	Seethammadhara
C2770	Domestic	9.27	Central	NAD
C2771	Domestic	9.16	North	NAD
C2772	Commercial	29.79	East	Akkayyapalem
C2773	Commercial	31.24	Central	Dwaraka Nagar
C2774	Industrial	53.24	South	MVP Colony
C2775	Commercial	18.24	Central	NAD
C2776	Domestic	8.43	South	MVP Colony
C2777	Domestic	2.4	North	MVP Colony
C2778	Domestic	5.64	Central	Madhurawada
C2779	Domestic	6.89	West	Dwaraka Nagar
C2780	Commercial	12.35	West	Rushikonda
C2781	Domestic	5.92	West	Seethammadhara
C2782	Commercial	32.26	West	MVP Colony
C2783	Domestic	7.81	West	Seethammadhara
C2784	Domestic	3.5	South	Seethammadhara
C2785	Domestic	3.99	Central	Dwaraka Nagar
C2786	Commercial	31.92	North	Dwaraka Nagar
C2787	Domestic	9.86	West	Madhurawada
C2788	Domestic	3.35	West	Rushikonda
C2789	Domestic	9.88	North	Seethammadhara
C2790	Domestic	7.57	North	Akkayyapalem
C2791	Domestic	8.52	West	Rushikonda
C2792	Commercial	11.76	South	Rushikonda
C2793	Domestic	4.05	North	Dwaraka Nagar
C2794	Domestic	1.99	Central	MVP Colony
C2795	Domestic	4.66	Central	Akkayyapalem
C2796	Domestic	9.84	South	Akkayyapalem
C2797	Commercial	12.42	East	Gajuwaka
C2798	Domestic	6.28	South	MVP Colony
C2799	Domestic	1.55	West	MVP Colony
C2800	Domestic	7.56	East	Dwaraka Nagar
C2801	Industrial	43.8	West	MVP Colony
C2802	Commercial	13.44	Central	Rushikonda
C2803	Domestic	4.36	North	Seethammadhara
C2804	Domestic	8.05	West	Gajuwaka
C2805	Domestic	2.41	Central	Dwaraka Nagar
C2806	Commercial	17.65	South	NAD
C2807	Domestic	1.57	West	MVP Colony
C2808	Domestic	9.73	Central	MVP Colony
C2809	Domestic	6.53	North	Madhurawada
C2810	Domestic	7.62	West	NAD
C2811	Domestic	7.04	Central	NAD
C2812	Commercial	14.06	West	Seethammadhara
C2813	Domestic	6.56	North	Gajuwaka
C2814	Domestic	2.62	West	Seethammadhara
C2815	Domestic	4.91	West	NAD
C2816	Industrial	69.83	Central	Seethammadhara
C2817	Domestic	6.25	East	Rushikonda
C2818	Commercial	13	West	Seethammadhara
C2819	Domestic	1.79	East	Madhurawada
C2820	Domestic	8.28	South	Rushikonda
C2821	Domestic	7.67	West	Gajuwaka
C2822	Domestic	2.2	East	Seethammadhara
C2823	Domestic	2.58	South	Seethammadhara
C2824	Commercial	45.49	Central	NAD
C2825	Domestic	8.04	West	Gajuwaka
C2826	Domestic	9.97	Central	Rushikonda
C2827	Domestic	3.66	South	NAD
C2828	Industrial	64.15	Central	NAD
C2829	Commercial	17.93	Central	Seethammadhara
C2830	Domestic	6.79	North	Akkayyapalem
C2831	Industrial	38.08	South	NAD
C2832	Domestic	2.58	Central	Seethammadhara
C2833	Domestic	2.11	East	MVP Colony
C2834	Commercial	37.13	South	NAD
C2835	Commercial	28.75	North	MVP Colony
C2836	Domestic	6.75	West	Rushikonda
C2837	Domestic	8.97	Central	Dwaraka Nagar
C2838	Domestic	7.79	East	Akkayyapalem
C2839	Commercial	27.39	North	Rushikonda
C2840	Domestic	9.87	South	Madhurawada
C2841	Domestic	5.38	Central	Gajuwaka
C2842	Domestic	2.46	North	Gajuwaka
C2843	Domestic	9.94	North	Dwaraka Nagar
C2844	Domestic	1.69	East	NAD
C2845	Commercial	31.1	West	Madhurawada
C2846	Domestic	4.13	West	Dwaraka Nagar
C2847	Domestic	5.78	West	Dwaraka Nagar
C2848	Domestic	6.25	South	Gajuwaka
C2849	Commercial	18.08	North	MVP Colony
C2850	Domestic	6.23	South	Rushikonda
C2851	Domestic	7.93	North	Rushikonda
C2852	Commercial	19.19	East	MVP Colony
C2853	Commercial	24.1	East	NAD
C2854	Commercial	19.27	South	NAD
C2855	Commercial	42.46	South	Seethammadhara
C2856	Domestic	7.66	East	Seethammadhara
C2857	Commercial	44.59	Central	Rushikonda
C2858	Domestic	2.95	West	Dwaraka Nagar
C2859	Commercial	11.09	West	NAD
C2860	Commercial	13.01	East	MVP Colony
C2861	Commercial	14.76	West	Rushikonda
C2862	Domestic	6.03	Central	Madhurawada
C2863	Domestic	9.75	Central	Gajuwaka
C2864	Domestic	4.54	North	MVP Colony
C2865	Industrial	97.1	South	Seethammadhara
C2866	Commercial	9.6	West	Akkayyapalem
C2867	Domestic	9.38	Central	NAD
C2868	Domestic	3.04	South	Gajuwaka
C2869	Domestic	9.26	South	Akkayyapalem
C2870	Commercial	10.36	North	Rushikonda
C2871	Commercial	47.83	South	Gajuwaka
C2872	Domestic	3.21	South	Dwaraka Nagar
C2873	Domestic	4.07	East	Rushikonda
C2874	Commercial	28.62	North	NAD
C2875	Commercial	23.99	North	Dwaraka Nagar
C2876	Domestic	7.17	West	Rushikonda
C2877	Domestic	9.79	South	Gajuwaka
C2878	Domestic	6.65	West	Dwaraka Nagar
C2879	Domestic	7.63	Central	Rushikonda
C2880	Domestic	2.25	South	Rushikonda
C2881	Domestic	6.84	Central	NAD
C2882	Commercial	27.06	East	MVP Colony
C2883	Domestic	9.03	South	Madhurawada
C2884	Commercial	24.3	West	Akkayyapalem
C2885	Domestic	7.28	West	MVP Colony
C2886	Domestic	3.44	South	Rushikonda
C2887	Domestic	3.7	West	Gajuwaka
C2888	Domestic	4.7	South	Rushikonda
C2889	Commercial	20.77	North	MVP Colony
C2890	Industrial	47.77	West	Dwaraka Nagar
C2891	Domestic	1.92	South	NAD
C2892	Domestic	8.61	South	MVP Colony
C2893	Commercial	10.7	West	MVP Colony
C2894	Domestic	9.04	North	NAD
C2895	Domestic	2.57	West	Dwaraka Nagar
C2896	Commercial	10.74	South	Madhurawada
C2897	Domestic	6.29	North	MVP Colony
C2898	Domestic	5.77	Central	Akkayyapalem
C2899	Domestic	5.68	East	Gajuwaka
C2900	Commercial	32.13	West	Seethammadhara
C2901	Domestic	3.94	South	Dwaraka Nagar
C2902	Domestic	7.14	North	Rushikonda
C2903	Commercial	29.1	North	Dwaraka Nagar
C2904	Domestic	4.35	Central	MVP Colony
C2905	Commercial	42.71	West	Akkayyapalem
C2906	Domestic	7.69	North	Seethammadhara
C2907	Industrial	57.55	Central	Rushikonda
C2908	Domestic	8.7	South	NAD
C2909	Domestic	9.32	Central	Seethammadhara
C2910	Domestic	6.06	West	MVP Colony
C2911	Domestic	3.33	Central	MVP Colony
C2912	Commercial	46.46	North	NAD
C2913	Industrial	43.26	North	Gajuwaka
C2914	Domestic	1.91	East	NAD
C2915	Domestic	4.28	Central	MVP Colony
C2916	Commercial	38.53	South	Madhurawada
C2917	Commercial	46.78	West	NAD
C2918	Domestic	6.92	East	Rushikonda
C2919	Domestic	9.59	Central	Gajuwaka
C2920	Domestic	2.29	South	NAD
C2921	Domestic	2.02	East	NAD
C2922	Domestic	6.64	North	Dwaraka Nagar
C2923	Domestic	9.71	West	Dwaraka Nagar
C2924	Domestic	5.77	Central	MVP Colony
C2925	Commercial	10.16	South	Rushikonda
C2926	Domestic	3.38	North	MVP Colony
C2927	Domestic	3.58	East	Seethammadhara
C2928	Domestic	4.37	West	Rushikonda
C2929	Domestic	1.87	East	NAD
C2930	Domestic	9.19	East	Madhurawada
C2931	Domestic	5.88	South	Akkayyapalem
C2932	Domestic	7.2	North	MVP Colony
C2933	Domestic	2.07	Central	NAD
C2934	Domestic	1.96	South	NAD
C2935	Domestic	6.48	West	Akkayyapalem
C2936	Commercial	45.27	East	NAD
C2937	Domestic	5.99	West	Akkayyapalem
C2938	Commercial	44.87	South	Akkayyapalem
C2939	Domestic	8.39	South	Seethammadhara
C2940	Domestic	2.14	Central	NAD
C2941	Domestic	3.22	East	Seethammadhara
C2942	Domestic	7.09	South	NAD
C2943	Commercial	26.63	West	Dwaraka Nagar
C2944	Commercial	20.21	Central	Akkayyapalem
C2945	Commercial	25.58	West	Gajuwaka
C2946	Domestic	5.28	East	Akkayyapalem
C2947	Domestic	9.24	Central	Gajuwaka
C2948	Domestic	2.38	Central	NAD
C2949	Domestic	3.88	Central	MVP Colony
C2950	Domestic	6.07	North	Madhurawada
C2951	Domestic	7.44	Central	Seethammadhara
C2952	Domestic	6.86	West	NAD
C2953	Domestic	9.5	West	Madhurawada
C2954	Commercial	41.42	East	Dwaraka Nagar
C2955	Industrial	69	South	Gajuwaka
C2956	Commercial	17.02	South	Seethammadhara
C2957	Domestic	5.33	North	Dwaraka Nagar
C2958	Domestic	7.39	Central	MVP Colony
C2959	Domestic	8.62	North	MVP Colony
C2960	Commercial	48.31	East	Akkayyapalem
C2961	Domestic	6.65	East	Seethammadhara
C2962	Domestic	5.98	South	Seethammadhara
C2963	Commercial	8.74	East	Seethammadhara
C2964	Domestic	2.11	Central	NAD
C2965	Domestic	2.83	West	Rushikonda
C2966	Domestic	1.97	East	Rushikonda
C2967	Domestic	4.91	North	Akkayyapalem
C2968	Domestic	4.36	Central	MVP Colony
C2969	Domestic	6.92	East	MVP Colony
C2970	Domestic	6.05	East	Akkayyapalem
C2971	Domestic	6.57	Central	Dwaraka Nagar
C2972	Commercial	27.82	East	Madhurawada
C2973	Domestic	3.86	West	Gajuwaka
C2974	Domestic	9.6	South	MVP Colony
C2975	Domestic	2.23	Central	Akkayyapalem
C2976	Commercial	47.43	North	MVP Colony
C2977	Domestic	4.15	East	Dwaraka Nagar
C2978	Domestic	5.86	South	Seethammadhara
C2979	Commercial	12.57	North	Seethammadhara
C2980	Commercial	10.98	North	Rushikonda
C2981	Domestic	5.15	West	Gajuwaka
C2982	Commercial	39.15	South	Rushikonda
C2983	Domestic	3.79	Central	Seethammadhara
C2984	Domestic	6.28	South	Seethammadhara
C2985	Domestic	3.87	South	Dwaraka Nagar
C2986	Domestic	4.8	North	Rushikonda
C2987	Commercial	46.07	West	Madhurawada
C2988	Domestic	8.77	West	Dwaraka Nagar
C2989	Domestic	5.89	South	Gajuwaka
C2990	Commercial	18	South	Seethammadhara
C2991	Commercial	16.11	East	Rushikonda
C2992	Domestic	9.61	North	Gajuwaka
C2993	Domestic	3.22	Central	MVP Colony
C2994	Domestic	8.37	Central	Madhurawada
C2995	Commercial	23.5	West	NAD
C2996	Domestic	9.88	North	MVP Colony
C2997	Industrial	55.77	West	Seethammadhara
C2998	Domestic	4.49	Central	Akkayyapalem
C2999	Domestic	6.92	South	Dwaraka Nagar
C3000	Domestic	9.67	North	Rushikonda
C3001	Domestic	9.8	North	Rushikonda
C3002	Domestic	7.51	East	Dwaraka Nagar
C3003	Commercial	39.69	South	Gajuwaka
C3004	Domestic	6.29	South	Akkayyapalem
C3005	Domestic	7.92	West	Gajuwaka
C3006	Commercial	44.11	North	Akkayyapalem
C3007	Domestic	5.63	West	Gajuwaka
C3008	Commercial	34.03	South	NAD
C3009	Domestic	6.07	East	NAD
C3010	Domestic	6.28	North	MVP Colony
C3011	Domestic	9.07	South	NAD
C3012	Domestic	4.52	East	Akkayyapalem
C3013	Commercial	16.74	Central	Gajuwaka
C3014	Domestic	5.38	South	Akkayyapalem
C3015	Domestic	3.27	Central	MVP Colony
C3016	Domestic	5.74	West	MVP Colony
C3017	Domestic	9.18	Central	Seethammadhara
C3018	Commercial	33.93	South	Madhurawada
C3019	Domestic	8.77	Central	NAD
C3020	Domestic	2.91	North	Dwaraka Nagar
C3021	Industrial	93.06	South	Dwaraka Nagar
C3022	Domestic	6.62	East	Madhurawada
C3023	Commercial	9.33	Central	Gajuwaka
C3024	Domestic	6.88	North	Madhurawada
C3025	Domestic	9.59	West	Gajuwaka
C3026	Domestic	2.17	West	Rushikonda
C3027	Commercial	32.46	Central	NAD
C3028	Industrial	94.08	West	NAD
C3029	Domestic	1.58	East	MVP Colony
C3030	Domestic	6.86	South	MVP Colony
C3031	Domestic	5.54	North	MVP Colony
C3032	Domestic	4.45	Central	Rushikonda
C3033	Domestic	6.83	West	MVP Colony
C3034	Industrial	33.69	South	Dwaraka Nagar
C3035	Domestic	7.9	East	Seethammadhara
C3036	Domestic	1.54	West	MVP Colony
C3037	Domestic	4.11	West	Rushikonda
C3038	Domestic	5.78	North	MVP Colony
C3039	Domestic	4.7	East	MVP Colony
C3040	Domestic	4.11	East	Gajuwaka
C3041	Commercial	42.9	Central	Akkayyapalem
C3042	Domestic	9.45	North	MVP Colony
C3043	Domestic	8.93	Central	Rushikonda
C3044	Domestic	5.94	North	Madhurawada
C3045	Commercial	45.13	East	MVP Colony
C3046	Commercial	46.68	North	MVP Colony
C3047	Domestic	4.98	North	Dwaraka Nagar
C3048	Commercial	19.9	North	Akkayyapalem
C3049	Domestic	2.34	South	MVP Colony
C3050	Domestic	5.57	South	Akkayyapalem
C3051	Domestic	9.54	East	Gajuwaka
C3052	Domestic	6.27	North	NAD
C3053	Domestic	7.17	East	Akkayyapalem
C3054	Commercial	12.74	South	Akkayyapalem
C3055	Commercial	14.03	North	MVP Colony
C3056	Domestic	5.45	Central	Seethammadhara
C3057	Domestic	9.59	South	MVP Colony
C3058	Domestic	4.57	South	MVP Colony
C3059	Domestic	8.96	South	Dwaraka Nagar
C3060	Domestic	2.52	North	Seethammadhara
C3061	Domestic	6.74	West	NAD
C3062	Domestic	6.61	Central	Dwaraka Nagar
C3063	Commercial	44.11	Central	Rushikonda
C3064	Domestic	1.53	East	Dwaraka Nagar
C3065	Domestic	3.11	North	Dwaraka Nagar
C3066	Commercial	17.23	South	Seethammadhara
C3067	Domestic	9.57	West	Gajuwaka
C3068	Domestic	2.81	North	NAD
C3069	Domestic	1.81	North	Gajuwaka
C3070	Domestic	6.04	West	Gajuwaka
C3071	Commercial	30.2	South	NAD
C3072	Domestic	8.67	North	Gajuwaka
C3073	Domestic	9.57	Central	Seethammadhara
C3074	Commercial	30.62	Central	NAD
C3075	Commercial	47.06	West	Akkayyapalem
C3076	Commercial	38.46	South	Rushikonda
C3077	Domestic	3.75	West	Akkayyapalem
C3078	Domestic	9.39	North	MVP Colony
C3079	Industrial	76.72	Central	Dwaraka Nagar
C3080	Commercial	25.39	East	Rushikonda
C3081	Domestic	7.28	West	Akkayyapalem
C3082	Domestic	4.91	East	Akkayyapalem
C3083	Domestic	2.47	East	Gajuwaka
C3084	Commercial	38.2	Central	NAD
C3085	Domestic	8.5	West	Madhurawada
C3086	Domestic	7.69	East	Gajuwaka
C3087	Domestic	3.45	North	Gajuwaka
C3088	Domestic	9.63	South	Seethammadhara
C3089	Commercial	9.06	South	NAD
C3090	Domestic	4.33	Central	Madhurawada
C3091	Commercial	18.92	West	Madhurawada
C3092	Industrial	33.37	West	MVP Colony
C3093	Domestic	4.95	South	Gajuwaka
C3094	Domestic	6.8	North	Seethammadhara
C3095	Domestic	9	South	Dwaraka Nagar
C3096	Commercial	49.57	South	Akkayyapalem
C3097	Domestic	8.37	West	Gajuwaka
C3098	Domestic	5.48	East	Dwaraka Nagar
C3099	Commercial	38.4	North	Rushikonda
C3100	Domestic	8.67	West	Dwaraka Nagar
C3101	Commercial	27.54	South	Rushikonda
C3102	Domestic	8.17	East	Rushikonda
C3103	Domestic	5.6	North	NAD
C3104	Domestic	4.79	Central	Gajuwaka
C3105	Commercial	30.1	North	NAD
C3106	Domestic	7.24	North	MVP Colony
C3107	Commercial	38.53	South	Dwaraka Nagar
C3108	Commercial	22.98	South	Madhurawada
C3109	Domestic	6.36	Central	Dwaraka Nagar
C3110	Industrial	93.69	Central	MVP Colony
C3111	Domestic	9.8	Central	Dwaraka Nagar
C3112	Domestic	3.43	West	NAD
C3113	Domestic	3.14	West	Rushikonda
C3114	Commercial	36.42	South	Gajuwaka
C3115	Domestic	5.02	South	Madhurawada
C3116	Domestic	1.71	Central	NAD
C3117	Domestic	4.45	West	Akkayyapalem
C3118	Domestic	8.36	East	Rushikonda
C3119	Domestic	8.28	West	Gajuwaka
C3120	Commercial	28.78	South	Madhurawada
C3121	Commercial	27.85	West	MVP Colony
C3122	Domestic	6.43	South	Dwaraka Nagar
C3123	Industrial	45.36	Central	Madhurawada
C3124	Domestic	5.97	Central	Seethammadhara
C3125	Industrial	30.77	Central	Akkayyapalem
C3126	Domestic	5.54	East	MVP Colony
C3127	Domestic	4.36	East	Gajuwaka
C3128	Domestic	7.24	South	Seethammadhara
C3129	Commercial	34.81	North	Madhurawada
C3130	Domestic	4.74	East	MVP Colony
C3131	Domestic	1.56	South	Gajuwaka
C3132	Domestic	3.64	West	Seethammadhara
C3133	Domestic	6.88	Central	Seethammadhara
C3134	Domestic	2.12	Central	NAD
C3135	Commercial	12.52	Central	Dwaraka Nagar
C3136	Commercial	35.18	South	MVP Colony
C3137	Domestic	7.92	Central	Seethammadhara
C3138	Commercial	21.51	East	NAD
C3139	Domestic	5.66	West	Akkayyapalem
C3140	Commercial	47.72	Central	Rushikonda
C3141	Commercial	47.71	South	Akkayyapalem
C3142	Domestic	4.11	West	Gajuwaka
C3143	Commercial	42.02	Central	Seethammadhara
C3144	Domestic	6.55	North	Seethammadhara
C3145	Domestic	9.79	Central	Madhurawada
C3146	Commercial	28.06	East	Seethammadhara
C3147	Domestic	8.09	West	Dwaraka Nagar
C3148	Domestic	8.03	East	Gajuwaka
C3149	Domestic	5.73	North	MVP Colony
C3150	Commercial	41.42	North	Seethammadhara
C3151	Domestic	3.72	East	Rushikonda
C3152	Domestic	2.54	West	Dwaraka Nagar
C3153	Commercial	25.86	North	Seethammadhara
C3154	Commercial	47.63	North	NAD
C3155	Domestic	5.76	Central	Dwaraka Nagar
C3156	Domestic	6.9	South	NAD
C3157	Domestic	6.81	North	Gajuwaka
C3158	Domestic	2.63	West	Rushikonda
C3159	Domestic	4.82	West	Seethammadhara
C3160	Commercial	37.69	Central	Madhurawada
C3161	Domestic	9.76	West	Akkayyapalem
C3162	Domestic	2.93	Central	Dwaraka Nagar
C3163	Domestic	4.99	North	Madhurawada
C3164	Commercial	11.99	North	Madhurawada
C3165	Domestic	3.56	North	Akkayyapalem
C3166	Industrial	56.37	North	Dwaraka Nagar
C3167	Domestic	6.1	South	Seethammadhara
C3168	Domestic	3.46	South	Rushikonda
C3169	Domestic	3.43	North	Dwaraka Nagar
C3170	Domestic	8.11	West	Madhurawada
C3171	Domestic	9.68	Central	MVP Colony
C3172	Domestic	4.25	East	MVP Colony
C3173	Domestic	7.35	Central	Dwaraka Nagar
C3174	Commercial	18.84	East	Rushikonda
C3175	Domestic	9.39	East	Madhurawada
C3176	Commercial	36.26	North	Madhurawada
C3177	Domestic	8.32	East	Gajuwaka
C3178	Domestic	1.92	North	Madhurawada
C3179	Domestic	6.59	South	Akkayyapalem
C3180	Domestic	5.98	West	MVP Colony
C3181	Domestic	3.99	East	Gajuwaka
C3182	Domestic	3.73	West	Seethammadhara
C3183	Domestic	6.43	North	Akkayyapalem
C3184	Domestic	7.51	East	Seethammadhara
C3185	Domestic	1.78	Central	MVP Colony
C3186	Commercial	31.83	South	Akkayyapalem
C3187	Commercial	15.16	South	NAD
C3188	Commercial	13.9	East	Dwaraka Nagar
C3189	Commercial	34.17	South	Rushikonda
C3190	Domestic	4.14	Central	NAD
C3191	Domestic	5.25	West	Dwaraka Nagar
C3192	Commercial	23.12	Central	MVP Colony
C3193	Domestic	7.01	South	MVP Colony
C3194	Domestic	5.5	West	NAD
C3195	Domestic	9.69	Central	Rushikonda
C3196	Domestic	4.5	North	Akkayyapalem
C3197	Domestic	7.79	North	Rushikonda
C3198	Commercial	18.81	West	Seethammadhara
C3199	Domestic	5.82	West	Dwaraka Nagar
C3200	Domestic	6.2	West	Dwaraka Nagar
C3201	Industrial	53.04	North	Gajuwaka
C3202	Domestic	5.51	Central	Madhurawada
C3203	Domestic	3.87	West	Akkayyapalem
C3204	Domestic	1.55	North	Akkayyapalem
C3205	Commercial	17.06	West	Gajuwaka
C3206	Commercial	37.4	West	MVP Colony
C3207	Domestic	8.05	West	NAD
C3208	Commercial	19.77	North	Rushikonda
C3209	Domestic	4.97	Central	Akkayyapalem
C3210	Commercial	9.57	North	Dwaraka Nagar
C3211	Commercial	17.96	North	Gajuwaka
C3212	Commercial	40.73	West	NAD
C3213	Domestic	6.65	East	Seethammadhara
C3214	Industrial	44.4	East	NAD
C3215	Commercial	18.81	East	Akkayyapalem
C3216	Domestic	8.44	North	Madhurawada
C3217	Commercial	16.78	West	Rushikonda
C3218	Domestic	4.34	East	Dwaraka Nagar
C3219	Commercial	35.9	South	NAD
C3220	Domestic	6.27	South	Seethammadhara
C3221	Commercial	27.36	South	Dwaraka Nagar
C3222	Domestic	9.15	Central	Akkayyapalem
C3223	Domestic	3.37	West	Gajuwaka
C3224	Domestic	7.8	North	Seethammadhara
C3225	Domestic	2.85	North	NAD
C3226	Domestic	6.73	West	Seethammadhara
C3227	Domestic	8.9	Central	Akkayyapalem
C3228	Domestic	5.39	West	NAD
C3229	Domestic	7.66	Central	Seethammadhara
C3230	Domestic	8.47	East	Gajuwaka
C3231	Commercial	13.71	East	Seethammadhara
C3232	Domestic	7.5	Central	Dwaraka Nagar
C3233	Commercial	46.63	West	Dwaraka Nagar
C3234	Commercial	32.21	East	NAD
C3235	Domestic	3.08	West	Akkayyapalem
C3236	Domestic	2.58	East	Gajuwaka
C3237	Commercial	18.91	West	MVP Colony
C3238	Domestic	2.38	West	Dwaraka Nagar
C3239	Domestic	5.86	South	Seethammadhara
C3240	Domestic	2.09	Central	MVP Colony
C3241	Commercial	17.38	North	Seethammadhara
C3242	Domestic	5.24	Central	NAD
C3243	Domestic	5.53	West	MVP Colony
C3244	Industrial	69.58	West	Akkayyapalem
C3245	Commercial	37.64	Central	Seethammadhara
C3246	Domestic	1.9	West	Akkayyapalem
C3247	Domestic	2.19	East	Seethammadhara
C3248	Commercial	10.56	West	MVP Colony
C3249	Domestic	5.1	Central	Akkayyapalem
C3250	Domestic	1.86	Central	Dwaraka Nagar
C3251	Domestic	7.84	Central	NAD
C3252	Commercial	17.37	South	MVP Colony
C3253	Domestic	9.48	South	Seethammadhara
C3254	Commercial	28.43	South	Dwaraka Nagar
C3255	Commercial	26.75	South	Seethammadhara
C3256	Domestic	8.13	South	MVP Colony
C3257	Domestic	7.56	South	Seethammadhara
C3258	Domestic	6.66	South	Dwaraka Nagar
C3259	Domestic	9.45	Central	Akkayyapalem
C3260	Domestic	5.09	North	Akkayyapalem
C3261	Commercial	41.96	South	Rushikonda
C3262	Domestic	4.73	Central	Rushikonda
C3263	Commercial	43.21	North	NAD
C3264	Domestic	3.71	South	Seethammadhara
C3265	Domestic	3.96	North	Akkayyapalem
C3266	Domestic	7.26	North	Gajuwaka
C3267	Domestic	3.31	East	Dwaraka Nagar
C3268	Commercial	17.62	West	Dwaraka Nagar
C3269	Domestic	4.09	East	MVP Colony
C3270	Domestic	7.27	North	NAD
C3271	Domestic	9.06	Central	Madhurawada
C3272	Domestic	7.23	South	Rushikonda
C3273	Domestic	8.54	West	Rushikonda
C3274	Domestic	6.12	South	Akkayyapalem
C3275	Industrial	34.82	Central	Rushikonda
C3276	Domestic	2.35	West	Madhurawada
C3277	Commercial	31.28	East	Gajuwaka
C3278	Domestic	4.29	North	NAD
C3279	Domestic	3.37	Central	Dwaraka Nagar
C3280	Domestic	5.46	North	Madhurawada
C3281	Domestic	7.17	North	Gajuwaka
C3282	Domestic	4.77	South	NAD
C3283	Domestic	8.32	Central	Gajuwaka
C3284	Domestic	7.78	North	Akkayyapalem
C3285	Domestic	7.75	East	Rushikonda
C3286	Domestic	9.87	West	Madhurawada
C3287	Industrial	50.67	Central	MVP Colony
C3288	Domestic	6.98	South	MVP Colony
C3289	Domestic	8.77	Central	NAD
C3290	Domestic	6.43	South	Gajuwaka
C3291	Domestic	8.21	West	Dwaraka Nagar
C3292	Domestic	5.02	East	Madhurawada
C3293	Domestic	6.52	North	MVP Colony
C3294	Domestic	1.97	Central	MVP Colony
C3295	Domestic	9.88	South	Gajuwaka
C3296	Domestic	8.3	West	MVP Colony
C3297	Domestic	8.88	North	Seethammadhara
C3298	Domestic	7.4	West	Rushikonda
C3299	Domestic	3.08	East	Gajuwaka
C3300	Domestic	1.76	North	Madhurawada
C3301	Commercial	44.32	North	Gajuwaka
C3302	Domestic	4.87	North	MVP Colony
C3303	Domestic	3.74	South	Gajuwaka
C3304	Domestic	6.27	North	MVP Colony
C3305	Commercial	25.68	West	Akkayyapalem
C3306	Domestic	7.04	South	NAD
C3307	Domestic	5.61	North	MVP Colony
C3308	Domestic	7.43	West	Seethammadhara
C3309	Domestic	8.75	West	Seethammadhara
C3310	Domestic	3.16	Central	Seethammadhara
C3311	Domestic	4.3	West	Seethammadhara
C3312	Commercial	26.35	East	MVP Colony
C3313	Domestic	9.68	North	MVP Colony
C3314	Commercial	23.34	North	NAD
C3315	Industrial	56.68	North	Akkayyapalem
C3316	Domestic	7.05	West	Rushikonda
C3317	Domestic	5.06	West	Dwaraka Nagar
C3318	Domestic	9.59	North	MVP Colony
C3319	Domestic	9.1	South	Dwaraka Nagar
C3320	Domestic	5.86	South	Madhurawada
C3321	Commercial	35.08	East	Akkayyapalem
C3322	Commercial	10.44	Central	Rushikonda
C3323	Domestic	7.41	East	Gajuwaka
C3324	Domestic	7.51	North	Dwaraka Nagar
C3325	Commercial	23.09	North	Seethammadhara
C3326	Industrial	45.38	North	Akkayyapalem
C3327	Commercial	46.43	Central	Madhurawada
C3328	Domestic	5.13	West	Akkayyapalem
C3329	Domestic	7.06	Central	Gajuwaka
C3330	Domestic	1.78	East	MVP Colony
C3331	Domestic	5.02	West	MVP Colony
C3332	Domestic	8.45	West	Seethammadhara
C3333	Domestic	4.79	East	MVP Colony
C3334	Domestic	6.63	West	NAD
C3335	Domestic	3.28	South	NAD
C3336	Domestic	5.04	East	NAD
C3337	Domestic	9.38	East	Seethammadhara
C3338	Domestic	6.31	South	NAD
C3339	Domestic	9.17	Central	Madhurawada
C3340	Domestic	9.17	Central	Rushikonda
C3341	Commercial	47.65	Central	Seethammadhara
C3342	Domestic	9.11	West	Akkayyapalem
C3343	Domestic	1.53	South	Madhurawada
C3344	Domestic	9.44	East	MVP Colony
C3345	Commercial	13.77	East	Gajuwaka
C3346	Domestic	1.84	East	NAD
C3347	Domestic	1.97	West	Akkayyapalem
C3348	Domestic	4.47	West	Gajuwaka
C3349	Domestic	6.78	Central	Seethammadhara
C3350	Domestic	4.92	West	Seethammadhara
C3351	Domestic	1.72	Central	Madhurawada
C3352	Commercial	28.01	Central	NAD
C3353	Domestic	5.26	East	Seethammadhara
C3354	Commercial	39.79	West	Madhurawada
C3355	Commercial	19.74	Central	Madhurawada
C3356	Domestic	3.35	South	Dwaraka Nagar
C3357	Commercial	18.75	South	Akkayyapalem
C3358	Domestic	4.08	West	Madhurawada
C3359	Domestic	6.59	East	MVP Colony
C3360	Domestic	5.51	East	Seethammadhara
C3361	Domestic	4.36	Central	Madhurawada
C3362	Domestic	4.68	West	NAD
C3363	Domestic	4.65	South	Seethammadhara
C3364	Domestic	9.77	Central	Rushikonda
C3365	Domestic	3.48	Central	Rushikonda
C3366	Domestic	8.45	North	Seethammadhara
C3367	Domestic	7.52	West	MVP Colony
C3368	Domestic	1.55	Central	Madhurawada
C3369	Domestic	9.94	South	MVP Colony
C3370	Commercial	39.77	North	Madhurawada
C3371	Domestic	7.3	South	Akkayyapalem
C3372	Commercial	25.02	East	MVP Colony
C3373	Domestic	6.22	North	Gajuwaka
C3374	Domestic	3.65	North	Dwaraka Nagar
C3375	Domestic	1.8	Central	MVP Colony
C3376	Domestic	8.61	East	NAD
C3377	Domestic	9.12	Central	Rushikonda
C3378	Commercial	14.82	West	Dwaraka Nagar
C3379	Domestic	8.19	South	Dwaraka Nagar
C3380	Commercial	39.13	South	Madhurawada
C3381	Commercial	15.49	Central	MVP Colony
C3382	Commercial	25.72	South	Akkayyapalem
C3383	Commercial	25.76	South	Seethammadhara
C3384	Domestic	7.96	West	Dwaraka Nagar
C3385	Domestic	8.62	East	NAD
C3386	Domestic	2.31	North	Rushikonda
C3387	Domestic	6.29	Central	Akkayyapalem
C3388	Domestic	7.97	Central	Rushikonda
C3389	Commercial	41.02	West	Rushikonda
C3390	Domestic	2.76	West	Akkayyapalem
C3391	Domestic	5.97	North	NAD
C3392	Domestic	8.79	East	Seethammadhara
C3393	Domestic	4.21	Central	NAD
C3394	Domestic	5.11	West	Madhurawada
C3395	Commercial	41.78	Central	Rushikonda
C3396	Domestic	2.26	South	Gajuwaka
C3397	Domestic	8.81	Central	Seethammadhara
C3398	Domestic	4.14	East	MVP Colony
C3399	Domestic	1.51	East	Dwaraka Nagar
C3400	Domestic	3.49	Central	MVP Colony
C3401	Domestic	2.26	South	Akkayyapalem
C3402	Domestic	2.29	East	Dwaraka Nagar
C3403	Domestic	7.39	West	Seethammadhara
C3404	Domestic	3.32	Central	Madhurawada
C3405	Domestic	9.45	South	Rushikonda
C3406	Domestic	5.89	West	Rushikonda
C3407	Domestic	5.41	Central	MVP Colony
C3408	Domestic	5.19	South	Madhurawada
C3409	Industrial	78.48	West	Madhurawada
C3410	Domestic	5.34	East	Seethammadhara
C3411	Domestic	2.59	Central	MVP Colony
C3412	Domestic	8.98	Central	MVP Colony
C3413	Domestic	5.14	East	Seethammadhara
C3414	Domestic	2.13	North	Seethammadhara
C3415	Domestic	6	West	Dwaraka Nagar
C3416	Industrial	75.31	East	Akkayyapalem
C3417	Domestic	3.84	Central	Akkayyapalem
C3418	Domestic	8.3	West	Seethammadhara
C3419	Domestic	7.19	West	NAD
C3420	Domestic	7.03	North	Madhurawada
C3421	Domestic	5.08	Central	Rushikonda
C3422	Domestic	9.68	South	Akkayyapalem
C3423	Commercial	19.52	North	Gajuwaka
C3424	Domestic	6.41	North	Seethammadhara
C3425	Domestic	4.13	South	Seethammadhara
C3426	Commercial	39.28	South	Dwaraka Nagar
C3427	Domestic	1.91	North	Seethammadhara
C3428	Industrial	33.21	West	Dwaraka Nagar
C3429	Domestic	8.39	East	NAD
C3430	Commercial	26.24	East	NAD
C3431	Domestic	4.4	North	Seethammadhara
C3432	Commercial	33.52	West	Madhurawada
C3433	Industrial	79.13	South	Dwaraka Nagar
C3434	Domestic	3.21	North	Dwaraka Nagar
C3435	Industrial	42.98	Central	Gajuwaka
C3436	Domestic	9.64	West	Madhurawada
C3437	Domestic	6.51	Central	Madhurawada
C3438	Domestic	4.82	Central	Akkayyapalem
C3439	Domestic	8.31	North	NAD
C3440	Domestic	5.96	West	Akkayyapalem
C3441	Domestic	3.55	Central	Rushikonda
C3442	Domestic	3.26	West	Madhurawada
C3443	Commercial	24.67	East	Seethammadhara
C3444	Commercial	44.12	Central	Gajuwaka
C3445	Domestic	2.02	Central	Seethammadhara
C3446	Domestic	3.36	West	Seethammadhara
C3447	Domestic	9.09	East	Madhurawada
C3448	Domestic	2.53	Central	Akkayyapalem
C3449	Domestic	6.85	North	MVP Colony
C3450	Domestic	3.31	West	Seethammadhara
C3451	Domestic	6.65	West	Seethammadhara
C3452	Industrial	56.82	Central	MVP Colony
C3453	Domestic	2.36	East	Gajuwaka
C3454	Domestic	6.45	Central	NAD
C3455	Domestic	7.31	South	Dwaraka Nagar
C3456	Domestic	7.28	Central	Madhurawada
C3457	Domestic	6.91	South	Akkayyapalem
C3458	Domestic	5.75	North	Rushikonda
C3459	Domestic	5.92	West	NAD
C3460	Domestic	6.9	West	Akkayyapalem
C3461	Industrial	78.32	East	NAD
C3462	Commercial	35.5	Central	Madhurawada
C3463	Domestic	6.49	North	Dwaraka Nagar
C3464	Domestic	2.82	South	Madhurawada
C3465	Domestic	3.29	East	Dwaraka Nagar
C3466	Domestic	3.71	North	Akkayyapalem
C3467	Domestic	9.32	North	Gajuwaka
C3468	Domestic	7.95	South	Dwaraka Nagar
C3469	Domestic	6.2	South	Rushikonda
C3470	Domestic	3.64	West	NAD
C3471	Domestic	2.44	Central	Gajuwaka
C3472	Industrial	92.91	East	Akkayyapalem
C3473	Commercial	45.49	Central	MVP Colony
C3474	Commercial	12.65	East	Gajuwaka
C3475	Domestic	8.28	North	Dwaraka Nagar
C3476	Commercial	26.76	South	Rushikonda
C3477	Domestic	4.25	South	Gajuwaka
C3478	Commercial	39.04	North	Rushikonda
C3479	Domestic	6.72	North	Rushikonda
C3480	Commercial	40.76	East	Akkayyapalem
C3481	Domestic	2.13	North	Gajuwaka
C3482	Commercial	21.38	East	Akkayyapalem
C3483	Commercial	21.41	Central	MVP Colony
C3484	Domestic	4.3	South	Dwaraka Nagar
C3485	Domestic	5.77	South	Seethammadhara
C3486	Industrial	49.81	South	NAD
C3487	Domestic	5.28	Central	Gajuwaka
C3488	Commercial	23.45	Central	Seethammadhara
C3489	Domestic	7.75	West	Madhurawada
C3490	Domestic	6.63	East	NAD
C3491	Domestic	7.06	East	Gajuwaka
C3492	Domestic	3.29	West	NAD
C3493	Commercial	21.67	South	Seethammadhara
C3494	Domestic	1.68	East	Madhurawada
C3495	Domestic	2.42	East	NAD
C3496	Domestic	3.75	South	Seethammadhara
C3497	Domestic	2.06	North	NAD
C3498	Commercial	33.31	North	Madhurawada
C3499	Industrial	99.87	West	Rushikonda
C3500	Domestic	2.36	Central	Madhurawada
C3501	Commercial	42.49	East	Madhurawada
C3502	Commercial	12.99	East	Rushikonda
C3503	Domestic	7.19	West	Rushikonda
C3504	Industrial	75.02	West	MVP Colony
C3505	Domestic	9.17	East	Akkayyapalem
C3506	Domestic	2.47	South	Akkayyapalem
C3507	Commercial	21.25	South	Seethammadhara
C3508	Domestic	2.27	Central	Madhurawada
C3509	Commercial	25.11	East	Seethammadhara
C3510	Commercial	46.29	East	Akkayyapalem
C3511	Domestic	8.14	East	NAD
C3512	Commercial	38.36	East	Madhurawada
C3513	Domestic	6.03	West	Rushikonda
C3514	Domestic	9.01	North	Gajuwaka
C3515	Domestic	5.32	East	Madhurawada
C3516	Commercial	14.29	North	Rushikonda
C3517	Domestic	8.62	South	Madhurawada
C3518	Domestic	3.88	Central	Akkayyapalem
C3519	Domestic	1.96	South	Seethammadhara
C3520	Commercial	13.29	East	Dwaraka Nagar
C3521	Domestic	6.68	South	NAD
C3522	Domestic	6.66	West	Rushikonda
C3523	Domestic	3.71	North	Rushikonda
C3524	Domestic	7.68	East	Rushikonda
C3525	Commercial	40.49	West	Akkayyapalem
C3526	Domestic	9.32	North	Seethammadhara
C3527	Domestic	6.47	West	Seethammadhara
C3528	Industrial	84.56	South	NAD
C3529	Domestic	7.9	East	Seethammadhara
C3530	Industrial	48.05	South	Rushikonda
C3531	Domestic	4.14	Central	Gajuwaka
C3532	Commercial	28.1	East	Rushikonda
C3533	Domestic	1.66	South	MVP Colony
C3534	Domestic	4.03	East	Dwaraka Nagar
C3535	Commercial	27.9	North	Gajuwaka
C3536	Commercial	12.54	East	Gajuwaka
C3537	Commercial	13.3	East	Rushikonda
C3538	Domestic	5.44	North	NAD
C3539	Commercial	38.7	South	Dwaraka Nagar
C3540	Commercial	43.02	East	NAD
C3541	Domestic	6.14	West	MVP Colony
C3542	Commercial	27.94	East	Seethammadhara
C3543	Commercial	24.14	South	NAD
C3544	Domestic	3.14	North	Madhurawada
C3545	Domestic	2.75	South	NAD
C3546	Domestic	8.23	Central	Seethammadhara
C3547	Domestic	5.45	East	Madhurawada
C3548	Domestic	8.22	East	Gajuwaka
C3549	Domestic	7.48	North	MVP Colony
C3550	Domestic	3.15	East	Seethammadhara
C3551	Domestic	5.84	West	Akkayyapalem
C3552	Domestic	5.27	West	Madhurawada
C3553	Commercial	25.8	South	MVP Colony
C3554	Commercial	30.79	North	NAD
C3555	Domestic	9.85	Central	Akkayyapalem
C3556	Industrial	86.9	South	NAD
C3557	Domestic	9.18	North	Seethammadhara
C3558	Domestic	1.75	North	Gajuwaka
C3559	Domestic	2.69	South	Seethammadhara
C3560	Domestic	2.22	South	Rushikonda
C3561	Commercial	19.06	East	Seethammadhara
C3562	Commercial	26.56	Central	Seethammadhara
C3563	Domestic	6.96	West	NAD
C3564	Domestic	5.76	East	Madhurawada
C3565	Domestic	9.18	North	Gajuwaka
C3566	Domestic	9.49	Central	MVP Colony
C3567	Domestic	2.89	Central	Gajuwaka
C3568	Domestic	8.75	South	Rushikonda
C3569	Commercial	28.23	Central	MVP Colony
C3570	Commercial	27.04	Central	Dwaraka Nagar
C3571	Domestic	8.17	North	Madhurawada
C3572	Commercial	11.91	East	Rushikonda
C3573	Domestic	9	Central	Madhurawada
C3574	Domestic	7.2	South	MVP Colony
C3575	Domestic	8.94	East	NAD
C3576	Domestic	9.95	South	Akkayyapalem
C3577	Industrial	66.26	Central	NAD
C3578	Domestic	2.29	East	Dwaraka Nagar
C3579	Domestic	2.92	Central	MVP Colony
C3580	Domestic	4.25	North	Dwaraka Nagar
C3581	Domestic	2.38	East	MVP Colony
C3582	Commercial	42.24	South	Dwaraka Nagar
C3583	Domestic	4.02	North	MVP Colony
C3584	Domestic	9.8	West	Madhurawada
C3585	Domestic	7.47	South	Rushikonda
C3586	Domestic	2.97	Central	Dwaraka Nagar
C3587	Domestic	5.55	South	Dwaraka Nagar
C3588	Domestic	5.47	West	Rushikonda
C3589	Domestic	5.69	South	MVP Colony
C3590	Commercial	30.5	North	Gajuwaka
C3591	Commercial	9.31	South	Gajuwaka
C3592	Commercial	36.82	East	Madhurawada
C3593	Domestic	5.64	West	NAD
C3594	Domestic	8.22	South	NAD
C3595	Domestic	8.43	West	Madhurawada
C3596	Commercial	17.68	North	NAD
C3597	Domestic	1.91	East	Rushikonda
C3598	Domestic	7.48	Central	Akkayyapalem
C3599	Domestic	9.81	South	Rushikonda
C3600	Domestic	5.3	North	Akkayyapalem
C3601	Domestic	3.71	West	Akkayyapalem
C3602	Domestic	2.83	West	Seethammadhara
C3603	Commercial	20.07	North	Seethammadhara
C3604	Domestic	4.29	South	Akkayyapalem
C3605	Domestic	5.1	Central	MVP Colony
C3606	Domestic	7.07	South	Gajuwaka
C3607	Domestic	3.82	East	Madhurawada
C3608	Domestic	1.93	South	Rushikonda
C3609	Commercial	23.68	East	MVP Colony
C3610	Domestic	8.77	West	Akkayyapalem
C3611	Commercial	28.93	East	Madhurawada
C3612	Domestic	9.7	Central	Gajuwaka
C3613	Domestic	5.78	North	NAD
C3614	Commercial	19.59	East	MVP Colony
C3615	Domestic	3.14	South	Gajuwaka
C3616	Domestic	7.4	East	Madhurawada
C3617	Domestic	6.06	West	Dwaraka Nagar
C3618	Domestic	6.63	East	MVP Colony
C3619	Commercial	39.72	Central	Rushikonda
C3620	Domestic	7.67	East	Seethammadhara
C3621	Commercial	9.82	Central	Madhurawada
C3622	Commercial	41.71	South	Rushikonda
C3623	Domestic	6.03	West	Madhurawada
C3624	Commercial	24.45	North	Seethammadhara
C3625	Domestic	6.07	South	Gajuwaka
C3626	Industrial	72.87	South	Rushikonda
C3627	Domestic	2.77	North	Rushikonda
C3628	Domestic	5.05	East	Madhurawada
C3629	Domestic	4.35	East	MVP Colony
C3630	Domestic	4.48	East	Akkayyapalem
C3631	Domestic	2.28	West	Seethammadhara
C3632	Commercial	14.71	South	MVP Colony
C3633	Domestic	2.88	Central	Seethammadhara
C3634	Domestic	4.67	North	Madhurawada
C3635	Commercial	45.57	South	Gajuwaka
C3636	Domestic	3.25	East	MVP Colony
C3637	Industrial	59.13	North	Dwaraka Nagar
C3638	Commercial	21.09	Central	Akkayyapalem
C3639	Industrial	85.12	South	Seethammadhara
C3640	Commercial	10.11	South	NAD
C3641	Domestic	3.17	West	Gajuwaka
C3642	Domestic	3.29	South	Gajuwaka
C3643	Commercial	49.7	South	NAD
C3644	Domestic	6.35	Central	NAD
C3645	Domestic	2.68	Central	MVP Colony
C3646	Domestic	3.81	North	Madhurawada
C3647	Industrial	41.75	East	Madhurawada
C3648	Domestic	2.56	Central	Dwaraka Nagar
C3649	Domestic	8.28	North	Akkayyapalem
C3650	Domestic	5.71	South	Seethammadhara
C3651	Domestic	6.87	North	Madhurawada
C3652	Domestic	4.32	North	Rushikonda
C3653	Domestic	6.21	North	Dwaraka Nagar
C3654	Domestic	3.69	North	Dwaraka Nagar
C3655	Commercial	20.94	Central	Gajuwaka
C3656	Domestic	7.04	East	Gajuwaka
C3657	Commercial	14.31	North	Akkayyapalem
C3658	Commercial	33.92	West	MVP Colony
C3659	Domestic	8.74	South	Rushikonda
C3660	Domestic	2.52	South	NAD
C3661	Domestic	9.13	South	NAD
C3662	Commercial	11.34	South	Akkayyapalem
C3663	Domestic	4.47	South	Dwaraka Nagar
C3664	Domestic	6.69	North	Akkayyapalem
C3665	Domestic	6.26	East	NAD
C3666	Domestic	2.32	West	Dwaraka Nagar
C3667	Domestic	8.29	Central	NAD
C3668	Domestic	9.77	West	MVP Colony
C3669	Commercial	15.61	Central	Gajuwaka
C3670	Domestic	9.11	Central	Gajuwaka
C3671	Domestic	6.23	West	Dwaraka Nagar
C3672	Domestic	9.46	North	Akkayyapalem
C3673	Commercial	15.4	South	NAD
C3674	Domestic	8.23	North	Madhurawada
C3675	Commercial	10.51	South	MVP Colony
C3676	Domestic	9.01	East	NAD
C3677	Domestic	7.23	Central	Seethammadhara
C3678	Domestic	4.65	West	Madhurawada
C3679	Domestic	3.12	East	MVP Colony
C3680	Domestic	8.44	South	MVP Colony
C3681	Domestic	6.63	North	Gajuwaka
C3682	Commercial	23.14	West	Dwaraka Nagar
C3683	Domestic	5.27	Central	NAD
C3684	Domestic	8.53	East	MVP Colony
C3685	Domestic	4.38	Central	NAD
C3686	Domestic	2.26	South	MVP Colony
C3687	Domestic	9.25	Central	Akkayyapalem
C3688	Domestic	4.79	North	Rushikonda
C3689	Domestic	4.46	East	Gajuwaka
C3690	Domestic	3.24	East	Dwaraka Nagar
C3691	Domestic	9.13	North	Madhurawada
C3692	Domestic	3.35	Central	Madhurawada
C3693	Domestic	6.91	North	Akkayyapalem
C3694	Domestic	8.99	West	Seethammadhara
C3695	Industrial	32.44	North	Gajuwaka
C3696	Domestic	8.54	Central	MVP Colony
C3697	Domestic	4.99	North	Gajuwaka
C3698	Domestic	7.09	South	Dwaraka Nagar
C3699	Commercial	23.64	North	Rushikonda
C3700	Commercial	37.21	North	Madhurawada
C3701	Domestic	3.66	Central	NAD
C3702	Industrial	31.54	West	Madhurawada
C3703	Domestic	9.56	West	Seethammadhara
C3704	Domestic	1.64	Central	Seethammadhara
C3705	Commercial	42.61	Central	Seethammadhara
C3706	Commercial	15.1	Central	Seethammadhara
C3707	Domestic	4.83	South	Dwaraka Nagar
C3708	Domestic	8.49	East	MVP Colony
C3709	Domestic	3.25	North	Gajuwaka
C3710	Domestic	8.86	Central	Madhurawada
C3711	Commercial	28.91	Central	Seethammadhara
C3712	Domestic	4.61	Central	Madhurawada
C3713	Domestic	7.13	West	Seethammadhara
C3714	Domestic	4.4	Central	NAD
C3715	Domestic	4.45	North	Gajuwaka
C3716	Domestic	7.73	Central	NAD
C3717	Domestic	4.13	North	NAD
C3718	Industrial	44.05	South	Seethammadhara
C3719	Commercial	41.92	East	Rushikonda
C3720	Domestic	8.35	West	MVP Colony
C3721	Commercial	28.9	North	Madhurawada
C3722	Commercial	30.12	South	Rushikonda
C3723	Commercial	37.24	East	Akkayyapalem
C3724	Domestic	5.83	East	Gajuwaka
C3725	Domestic	5.04	East	Rushikonda
C3726	Domestic	9.96	North	MVP Colony
C3727	Domestic	2.75	South	Akkayyapalem
C3728	Domestic	6.54	Central	MVP Colony
C3729	Domestic	9.03	South	Rushikonda
C3730	Domestic	7.34	South	Seethammadhara
C3731	Commercial	45	South	Seethammadhara
C3732	Domestic	4.36	North	MVP Colony
C3733	Domestic	3.81	North	Rushikonda
C3734	Industrial	89.59	North	Dwaraka Nagar
C3735	Commercial	24.55	South	Dwaraka Nagar
C3736	Commercial	37.81	North	MVP Colony
C3737	Industrial	40.34	East	Dwaraka Nagar
C3738	Domestic	7.92	North	Gajuwaka
C3739	Industrial	68.43	West	Madhurawada
C3740	Domestic	3.78	North	Akkayyapalem
C3741	Domestic	5.7	North	Seethammadhara
C3742	Domestic	7.42	North	Gajuwaka
C3743	Domestic	1.6	North	Madhurawada
C3744	Domestic	6.92	West	Dwaraka Nagar
C3745	Domestic	6.1	Central	Akkayyapalem
C3746	Commercial	17.25	North	Gajuwaka
C3747	Domestic	7.9	East	NAD
C3748	Domestic	4.08	West	Seethammadhara
C3749	Commercial	19.63	Central	MVP Colony
C3750	Domestic	5.51	North	Seethammadhara
C3751	Domestic	7.25	Central	Madhurawada
C3752	Domestic	9.4	East	Madhurawada
C3753	Domestic	2.7	West	NAD
C3754	Domestic	4.87	West	NAD
C3755	Commercial	10.81	Central	MVP Colony
C3756	Domestic	7.95	North	Dwaraka Nagar
C3757	Domestic	5.31	South	Seethammadhara
C3758	Commercial	37.69	West	Gajuwaka
C3759	Commercial	21.53	South	Rushikonda
C3760	Domestic	8.68	West	Rushikonda
C3761	Domestic	6.05	North	Gajuwaka
C3762	Domestic	9.52	North	Gajuwaka
C3763	Domestic	2.17	West	Dwaraka Nagar
C3764	Domestic	5.87	Central	Seethammadhara
C3765	Domestic	8.01	North	Seethammadhara
C3766	Industrial	72.01	North	Rushikonda
C3767	Domestic	1.7	East	MVP Colony
C3768	Domestic	9.76	North	Gajuwaka
C3769	Domestic	4.04	East	Madhurawada
C3770	Domestic	3.62	North	Madhurawada
C3771	Domestic	5.63	North	Madhurawada
C3772	Domestic	6.11	Central	NAD
C3773	Commercial	40.18	Central	NAD
C3774	Domestic	4.84	North	Dwaraka Nagar
C3775	Domestic	5.24	West	Gajuwaka
C3776	Domestic	6.05	West	NAD
C3777	Domestic	4.85	North	Madhurawada
C3778	Domestic	9.27	West	NAD
C3779	Domestic	8.74	North	Seethammadhara
C3780	Domestic	5.37	Central	Madhurawada
C3781	Domestic	1.5	South	Gajuwaka
C3782	Commercial	45.84	East	Seethammadhara
C3783	Industrial	38.7	West	Dwaraka Nagar
C3784	Commercial	18.27	West	MVP Colony
C3785	Commercial	14.4	Central	MVP Colony
C3786	Domestic	3.03	West	Seethammadhara
C3787	Industrial	86.2	North	Madhurawada
C3788	Domestic	6.43	North	NAD
C3789	Industrial	96.93	South	NAD
C3790	Industrial	46.2	South	Madhurawada
C3791	Commercial	28.4	South	Rushikonda
C3792	Industrial	98.42	North	Gajuwaka
C3793	Domestic	8.52	South	Seethammadhara
C3794	Domestic	7.69	South	Madhurawada
C3795	Domestic	3.11	North	Rushikonda
C3796	Domestic	8.04	Central	Gajuwaka
C3797	Domestic	4.45	West	Dwaraka Nagar
C3798	Domestic	6.01	East	Dwaraka Nagar
C3799	Industrial	72.64	North	Seethammadhara
C3800	Domestic	6.68	North	Madhurawada
C3801	Commercial	38.51	East	Dwaraka Nagar
C3802	Commercial	35.79	East	NAD
C3803	Commercial	10.87	South	Gajuwaka
C3804	Industrial	62.01	East	MVP Colony
C3805	Domestic	7.14	West	Rushikonda
C3806	Industrial	50.72	West	MVP Colony
C3807	Commercial	21.15	West	Dwaraka Nagar
C3808	Domestic	2.56	West	Rushikonda
C3809	Domestic	5.06	West	Gajuwaka
C3810	Commercial	49.45	South	NAD
C3811	Domestic	3.93	North	MVP Colony
C3812	Domestic	6.02	East	NAD
C3813	Domestic	7.82	North	NAD
C3814	Domestic	1.61	East	MVP Colony
C3815	Domestic	9.15	South	MVP Colony
C3816	Commercial	24.24	South	Rushikonda
C3817	Domestic	8.89	Central	Dwaraka Nagar
C3818	Domestic	1.83	Central	Rushikonda
C3819	Domestic	2.74	South	Seethammadhara
C3820	Domestic	4.24	South	Gajuwaka
C3821	Commercial	22.51	East	Madhurawada
C3822	Domestic	8.71	South	Gajuwaka
C3823	Domestic	1.6	North	Rushikonda
C3824	Domestic	6.95	East	Madhurawada
C3825	Domestic	2.62	South	Rushikonda
C3826	Commercial	42.58	East	MVP Colony
C3827	Commercial	40.7	East	NAD
C3828	Domestic	5.75	West	Gajuwaka
C3829	Domestic	3.31	Central	Rushikonda
C3830	Domestic	6.89	East	NAD
C3831	Domestic	2.83	East	Gajuwaka
C3832	Domestic	3.12	West	Seethammadhara
C3833	Domestic	6.83	South	Akkayyapalem
C3834	Domestic	9.93	East	Gajuwaka
C3835	Domestic	9.07	West	NAD
C3836	Commercial	32.91	North	Akkayyapalem
C3837	Industrial	67.7	West	Dwaraka Nagar
C3838	Domestic	9.99	Central	Seethammadhara
C3839	Commercial	30.99	Central	MVP Colony
C3840	Domestic	5.07	South	Dwaraka Nagar
C3841	Domestic	9.23	South	Rushikonda
C3842	Commercial	17.84	Central	Dwaraka Nagar
C3843	Commercial	12.1	Central	Gajuwaka
C3844	Industrial	74.39	East	MVP Colony
C3845	Domestic	2.31	Central	Seethammadhara
C3846	Domestic	4.67	South	Akkayyapalem
C3847	Commercial	25.79	Central	Gajuwaka
C3848	Domestic	6.15	South	Rushikonda
C3849	Domestic	9.93	North	Madhurawada
C3850	Domestic	3.38	Central	Gajuwaka
C3851	Domestic	4.69	South	Akkayyapalem
C3852	Domestic	2.62	West	NAD
C3853	Domestic	6.66	East	Rushikonda
C3854	Commercial	38.56	South	Seethammadhara
C3855	Domestic	5.6	Central	Seethammadhara
C3856	Domestic	3.59	Central	Gajuwaka
C3857	Domestic	6.78	North	Madhurawada
C3858	Domestic	6.08	West	Gajuwaka
C3859	Domestic	2.96	South	Rushikonda
C3860	Domestic	4.95	West	Akkayyapalem
C3861	Commercial	26.28	North	Seethammadhara
C3862	Domestic	9.85	East	Madhurawada
C3863	Industrial	89.45	West	MVP Colony
C3864	Domestic	7.74	North	Akkayyapalem
C3865	Domestic	9.05	South	Seethammadhara
C3866	Domestic	7.75	East	Gajuwaka
C3867	Domestic	9.18	Central	Seethammadhara
C3868	Commercial	10.29	North	Madhurawada
C3869	Domestic	5.38	Central	Rushikonda
C3870	Domestic	7.85	East	Akkayyapalem
C3871	Commercial	32.5	North	MVP Colony
C3872	Commercial	15.36	North	NAD
C3873	Commercial	22.3	East	Dwaraka Nagar
C3874	Domestic	4.2	South	Madhurawada
C3875	Commercial	18.98	North	NAD
C3876	Domestic	4.42	East	MVP Colony
C3877	Domestic	5.88	West	NAD
C3878	Domestic	8.77	Central	Gajuwaka
C3879	Domestic	7.81	North	Dwaraka Nagar
C3880	Domestic	8.6	West	Madhurawada
C3881	Domestic	9.01	North	Akkayyapalem
C3882	Commercial	25.48	South	Seethammadhara
C3883	Domestic	4.44	East	MVP Colony
C3884	Domestic	1.99	North	Dwaraka Nagar
C3885	Domestic	9.41	East	MVP Colony
C3886	Commercial	10.76	North	Seethammadhara
C3887	Domestic	7.8	South	NAD
C3888	Domestic	4.71	South	MVP Colony
C3889	Commercial	47.85	West	Rushikonda
C3890	Commercial	25.62	South	MVP Colony
C3891	Domestic	8.44	East	NAD
C3892	Domestic	3.9	South	NAD
C3893	Commercial	20.56	North	Seethammadhara
C3894	Domestic	6.56	South	Dwaraka Nagar
C3895	Domestic	9.98	East	Madhurawada
C3896	Commercial	29.74	North	NAD
C3897	Domestic	9.46	West	Rushikonda
C3898	Domestic	8.18	West	Dwaraka Nagar
C3899	Domestic	8.26	West	Seethammadhara
C3900	Domestic	5.21	North	MVP Colony
C3901	Domestic	4.79	West	Rushikonda
C3902	Commercial	16.06	South	MVP Colony
C3903	Domestic	9.69	North	Akkayyapalem
C3904	Domestic	9.65	North	Gajuwaka
C3905	Domestic	7.85	North	NAD
C3906	Domestic	4.02	Central	Seethammadhara
C3907	Industrial	47.16	East	Rushikonda
C3908	Domestic	9.9	Central	Rushikonda
C3909	Domestic	2.07	Central	Dwaraka Nagar
C3910	Domestic	8.67	Central	Akkayyapalem
C3911	Domestic	4.52	East	Dwaraka Nagar
C3912	Domestic	5.06	Central	Madhurawada
C3913	Commercial	42.94	West	Akkayyapalem
C3914	Industrial	36.34	North	Seethammadhara
C3915	Domestic	4.51	North	Dwaraka Nagar
C3916	Domestic	9.59	South	NAD
C3917	Commercial	37.36	West	Dwaraka Nagar
C3918	Commercial	39.71	East	Gajuwaka
C3919	Domestic	7.94	North	MVP Colony
C3920	Domestic	2.01	Central	MVP Colony
C3921	Domestic	3.23	South	Rushikonda
C3922	Commercial	28.63	South	Akkayyapalem
C3923	Commercial	23.46	North	Dwaraka Nagar
C3924	Domestic	4.99	West	Dwaraka Nagar
C3925	Domestic	8.14	South	Dwaraka Nagar
C3926	Commercial	8.62	North	Dwaraka Nagar
C3927	Commercial	35.74	West	Rushikonda
C3928	Industrial	30.01	North	Gajuwaka
C3929	Commercial	10.65	North	NAD
C3930	Domestic	4.97	West	Gajuwaka
C3931	Domestic	8.65	West	Seethammadhara
C3932	Domestic	2.73	West	Seethammadhara
C3933	Domestic	6.21	North	Gajuwaka
C3934	Domestic	7.27	South	Gajuwaka
C3935	Commercial	17.64	East	MVP Colony
C3936	Domestic	5.85	East	Seethammadhara
C3937	Commercial	46.28	North	Gajuwaka
C3938	Domestic	5.85	North	Dwaraka Nagar
C3939	Industrial	41.01	South	Gajuwaka
C3940	Domestic	6.84	West	Dwaraka Nagar
C3941	Domestic	6.53	North	Akkayyapalem
C3942	Domestic	1.73	Central	Seethammadhara
C3943	Domestic	2.27	West	NAD
C3944	Commercial	14.58	North	MVP Colony
C3945	Commercial	13.72	Central	NAD
C3946	Domestic	3.71	South	Rushikonda
C3947	Domestic	5.36	Central	Rushikonda
C3948	Domestic	4.66	North	Akkayyapalem
C3949	Domestic	9.07	East	NAD
C3950	Commercial	33.71	North	MVP Colony
C3951	Commercial	44.8	East	Dwaraka Nagar
C3952	Domestic	5.98	South	Akkayyapalem
C3953	Commercial	11.77	South	Akkayyapalem
C3954	Domestic	5.44	West	Dwaraka Nagar
C3955	Commercial	42.53	West	Dwaraka Nagar
C3956	Domestic	3.15	East	MVP Colony
C3957	Commercial	11.83	East	Seethammadhara
C3958	Commercial	21.84	South	Gajuwaka
C3959	Domestic	4.81	Central	Seethammadhara
C3960	Commercial	20.86	East	Madhurawada
C3961	Domestic	2.65	East	Gajuwaka
C3962	Domestic	3.63	Central	Seethammadhara
C3963	Domestic	7.3	West	Gajuwaka
C3964	Industrial	57.01	West	Rushikonda
C3965	Commercial	34.57	East	NAD
C3966	Commercial	30.52	West	Rushikonda
C3967	Commercial	31.06	West	Madhurawada
C3968	Domestic	3.61	West	Dwaraka Nagar
C3969	Commercial	29.9	South	Gajuwaka
C3970	Domestic	1.7	North	Seethammadhara
C3971	Domestic	5.17	East	MVP Colony
C3972	Domestic	6.37	East	Gajuwaka
C3973	Commercial	15.64	South	Dwaraka Nagar
C3974	Commercial	18.78	North	Seethammadhara
C3975	Domestic	3.37	North	Gajuwaka
C3976	Domestic	2.1	South	Akkayyapalem
C3977	Commercial	22.61	Central	Rushikonda
C3978	Domestic	9.82	Central	NAD
C3979	Commercial	22.86	North	NAD
C3980	Industrial	62.24	Central	Gajuwaka
C3981	Domestic	7.05	Central	NAD
C3982	Domestic	7.01	Central	MVP Colony
C3983	Commercial	47.9	North	Madhurawada
C3984	Commercial	44.02	Central	Gajuwaka
C3985	Domestic	8.25	East	MVP Colony
C3986	Industrial	96.61	North	Akkayyapalem
C3987	Domestic	3.46	South	MVP Colony
C3988	Domestic	6.74	Central	MVP Colony
C3989	Commercial	45.26	West	Akkayyapalem
C3990	Commercial	34.21	North	Dwaraka Nagar
C3991	Domestic	9.81	South	Gajuwaka
C3992	Commercial	12.21	East	Rushikonda
C3993	Domestic	5.23	South	Gajuwaka
C3994	Domestic	9.81	Central	Gajuwaka
C3995	Domestic	4.73	West	Rushikonda
C3996	Commercial	39.06	Central	Madhurawada
C3997	Domestic	1.76	South	MVP Colony
C3998	Domestic	7.41	North	Gajuwaka
C3999	Domestic	9.44	West	Rushikonda
C4000	Commercial	24.07	West	Rushikonda
C4001	Domestic	1.68	South	NAD
C4002	Commercial	9.17	Central	Dwaraka Nagar
C4003	Domestic	9.08	South	Akkayyapalem
C4004	Domestic	7.64	West	Akkayyapalem
C4005	Domestic	2.41	South	Madhurawada
C4006	Commercial	10.29	West	Rushikonda
C4007	Commercial	41.8	Central	Seethammadhara
C4008	Domestic	8.38	North	Akkayyapalem
C4009	Domestic	2.52	North	Dwaraka Nagar
C4010	Domestic	4.06	South	Seethammadhara
C4011	Domestic	8.13	West	Rushikonda
C4012	Domestic	5.97	North	Rushikonda
C4013	Domestic	9.63	West	MVP Colony
C4014	Domestic	5.59	Central	Akkayyapalem
C4015	Domestic	7.25	South	Seethammadhara
C4016	Domestic	5.83	West	Seethammadhara
C4017	Commercial	47.6	South	Akkayyapalem
C4018	Domestic	4.89	West	NAD
C4019	Domestic	3.45	West	MVP Colony
C4020	Commercial	21.72	Central	Gajuwaka
C4021	Domestic	8.75	South	Rushikonda
C4022	Domestic	5.73	East	Dwaraka Nagar
C4023	Domestic	4.51	West	Akkayyapalem
C4024	Domestic	6.13	West	NAD
C4025	Domestic	2.63	North	Rushikonda
C4026	Domestic	1.55	South	Dwaraka Nagar
C4027	Commercial	19.78	East	Seethammadhara
C4028	Domestic	6.64	Central	Madhurawada
C4029	Domestic	7.55	East	NAD
C4030	Domestic	8.53	Central	Rushikonda
C4031	Domestic	9.38	East	Seethammadhara
C4032	Domestic	5	East	Madhurawada
C4033	Commercial	39.1	South	Akkayyapalem
C4034	Domestic	2.13	North	NAD
C4035	Domestic	1.99	East	Gajuwaka
C4036	Domestic	2.56	West	Seethammadhara
C4037	Domestic	5.31	West	Rushikonda
C4038	Industrial	44.79	West	Dwaraka Nagar
C4039	Domestic	3.94	North	Dwaraka Nagar
C4040	Domestic	7.01	East	Seethammadhara
C4041	Domestic	4.55	Central	Seethammadhara
C4042	Industrial	69.02	Central	MVP Colony
C4043	Domestic	5.01	South	NAD
C4044	Domestic	2.94	North	Rushikonda
C4045	Commercial	11.11	East	Rushikonda
C4046	Commercial	17.92	West	Rushikonda
C4047	Domestic	1.99	North	Rushikonda
C4048	Domestic	6.76	North	NAD
C4049	Domestic	8.26	East	Seethammadhara
C4050	Domestic	4.39	South	Madhurawada
C4051	Domestic	4.79	South	NAD
C4052	Domestic	8.44	South	Dwaraka Nagar
C4053	Domestic	3.39	West	NAD
C4054	Domestic	2.51	West	MVP Colony
C4055	Domestic	5.76	East	MVP Colony
C4056	Industrial	75.23	South	Seethammadhara
C4057	Domestic	6.6	East	Dwaraka Nagar
C4058	Domestic	7.57	South	Dwaraka Nagar
C4059	Domestic	1.98	North	Rushikonda
C4060	Industrial	59.97	Central	Dwaraka Nagar
C4061	Domestic	3.53	Central	NAD
C4062	Domestic	7.95	South	NAD
C4063	Domestic	8.92	East	Gajuwaka
C4064	Domestic	3.89	West	Akkayyapalem
C4065	Domestic	2.31	South	Seethammadhara
C4066	Domestic	3.65	South	Akkayyapalem
C4067	Domestic	2.38	West	Rushikonda
C4068	Industrial	52.57	South	Rushikonda
C4069	Domestic	6.07	North	Madhurawada
C4070	Domestic	9.78	West	NAD
C4071	Commercial	24.77	North	Gajuwaka
C4072	Domestic	3.37	Central	Gajuwaka
C4073	Domestic	2.92	West	MVP Colony
C4074	Domestic	2.97	West	NAD
C4075	Domestic	3.14	East	Gajuwaka
C4076	Commercial	40.02	East	MVP Colony
C4077	Commercial	10.56	West	Madhurawada
C4078	Domestic	9.98	Central	MVP Colony
C4079	Domestic	5.94	South	Rushikonda
C4080	Commercial	30.86	East	Madhurawada
C4081	Commercial	23.02	Central	Rushikonda
C4082	Commercial	36.99	Central	Akkayyapalem
C4083	Domestic	5.51	East	Rushikonda
C4084	Domestic	4.3	South	Akkayyapalem
C4085	Commercial	19.14	East	Dwaraka Nagar
C4086	Domestic	9.37	Central	Dwaraka Nagar
C4087	Domestic	3.97	North	Seethammadhara
C4088	Domestic	5.21	East	MVP Colony
C4089	Domestic	4.48	Central	Seethammadhara
C4090	Domestic	2.23	East	Dwaraka Nagar
C4091	Domestic	3.08	Central	Rushikonda
C4092	Industrial	43.27	South	NAD
C4093	Domestic	7.4	Central	MVP Colony
C4094	Commercial	25.08	West	Gajuwaka
C4095	Domestic	8.15	North	Rushikonda
C4096	Domestic	7.53	Central	NAD
C4097	Industrial	43.44	East	Seethammadhara
C4098	Domestic	6.28	East	MVP Colony
C4099	Domestic	7.81	Central	Seethammadhara
C4100	Domestic	6.88	West	Akkayyapalem
C4101	Domestic	6.6	Central	Madhurawada
C4102	Commercial	39.06	South	Seethammadhara
C4103	Commercial	10.38	West	Dwaraka Nagar
C4104	Domestic	7.72	Central	Dwaraka Nagar
C4105	Domestic	3.82	North	Dwaraka Nagar
C4106	Domestic	6.36	West	MVP Colony
C4107	Commercial	18.18	Central	NAD
C4108	Domestic	8.63	North	Madhurawada
C4109	Domestic	5.58	Central	Dwaraka Nagar
C4110	Domestic	6.97	South	NAD
C4111	Domestic	8.25	East	Seethammadhara
C4112	Domestic	9.11	Central	Gajuwaka
C4113	Commercial	38.75	West	Akkayyapalem
C4114	Domestic	2.76	Central	Gajuwaka
C4115	Domestic	8.76	Central	Madhurawada
C4116	Commercial	33.98	Central	Dwaraka Nagar
C4117	Commercial	33.6	Central	Rushikonda
C4118	Domestic	9.33	West	Rushikonda
C4119	Domestic	3.62	West	Gajuwaka
C4120	Domestic	3.54	Central	Akkayyapalem
C4121	Domestic	5.86	East	NAD
C4122	Domestic	7.88	Central	Rushikonda
C4123	Domestic	5.3	West	NAD
C4124	Domestic	6.89	South	Gajuwaka
C4125	Commercial	27.01	Central	Seethammadhara
C4126	Domestic	6.69	Central	Seethammadhara
C4127	Domestic	8.49	Central	Dwaraka Nagar
C4128	Domestic	3.03	Central	Akkayyapalem
C4129	Industrial	78.68	North	Madhurawada
C4130	Commercial	41.07	Central	Dwaraka Nagar
C4131	Commercial	26.78	West	Rushikonda
C4132	Commercial	21.58	West	MVP Colony
C4133	Commercial	8.57	North	Gajuwaka
C4134	Domestic	8.28	Central	MVP Colony
C4135	Domestic	4.29	East	Rushikonda
C4136	Domestic	4.54	Central	Gajuwaka
C4137	Commercial	22.11	West	Madhurawada
C4138	Commercial	28.95	South	Dwaraka Nagar
C4139	Domestic	7.47	South	Akkayyapalem
C4140	Domestic	8.06	East	Rushikonda
C4141	Domestic	4.84	Central	Seethammadhara
C4142	Commercial	35.85	North	Seethammadhara
C4143	Domestic	7.63	Central	Dwaraka Nagar
C4144	Domestic	4.02	East	Gajuwaka
C4145	Domestic	2.32	East	Seethammadhara
C4146	Domestic	9.1	East	NAD
C4147	Commercial	36.44	South	MVP Colony
C4148	Domestic	7.01	Central	Akkayyapalem
C4149	Commercial	10.47	Central	Akkayyapalem
C4150	Domestic	8.45	North	Seethammadhara
C4151	Domestic	6.31	East	Rushikonda
C4152	Domestic	8.71	East	Dwaraka Nagar
C4153	Commercial	48.93	West	Dwaraka Nagar
C4154	Domestic	9.64	West	Gajuwaka
C4155	Domestic	8.78	South	NAD
C4156	Domestic	1.59	Central	Rushikonda
C4157	Commercial	45.2	North	Rushikonda
C4158	Domestic	2.14	North	Rushikonda
C4159	Commercial	43.75	East	MVP Colony
C4160	Domestic	3.88	North	NAD
C4161	Domestic	6.69	East	Akkayyapalem
C4162	Domestic	1.82	Central	NAD
C4163	Domestic	8.06	North	Seethammadhara
C4164	Domestic	2.45	East	Gajuwaka
C4165	Domestic	4.99	Central	NAD
C4166	Domestic	8.45	Central	Rushikonda
C4167	Commercial	37.2	East	MVP Colony
C4168	Domestic	1.55	East	Akkayyapalem
C4169	Commercial	24.93	South	Madhurawada
C4170	Domestic	1.86	Central	Akkayyapalem
C4171	Domestic	7.22	East	Rushikonda
C4172	Domestic	9.74	Central	Madhurawada
C4173	Domestic	7.07	North	MVP Colony
C4174	Domestic	3.41	West	Akkayyapalem
C4175	Domestic	4.52	West	Akkayyapalem
C4176	Domestic	9.8	East	Akkayyapalem
C4177	Domestic	3.4	East	Akkayyapalem
C4178	Commercial	31.58	Central	Gajuwaka
C4179	Commercial	24.82	East	Dwaraka Nagar
C4180	Domestic	8.03	Central	Akkayyapalem
C4181	Domestic	8.87	East	Gajuwaka
C4182	Domestic	4.4	Central	MVP Colony
C4183	Domestic	7.11	East	Akkayyapalem
C4184	Domestic	6.17	South	NAD
C4185	Domestic	3.87	Central	Akkayyapalem
C4186	Domestic	3.81	South	Seethammadhara
C4187	Domestic	6.08	South	Akkayyapalem
C4188	Domestic	2.81	South	Rushikonda
C4189	Commercial	42.05	South	Madhurawada
C4190	Commercial	10.9	North	NAD
C4191	Domestic	2.3	West	Akkayyapalem
C4192	Commercial	22.37	North	Akkayyapalem
C4193	Industrial	38.27	East	Akkayyapalem
C4194	Domestic	5.54	East	Gajuwaka
C4195	Domestic	4.9	West	Rushikonda
C4196	Domestic	7.64	West	MVP Colony
C4197	Commercial	48.03	West	Madhurawada
C4198	Commercial	39.65	South	Akkayyapalem
C4199	Domestic	3.03	North	MVP Colony
C4200	Domestic	9.45	East	Rushikonda
C4201	Domestic	4.83	North	Madhurawada
C4202	Domestic	5.53	North	Madhurawada
C4203	Domestic	5.08	North	Seethammadhara
C4204	Commercial	19.78	West	Rushikonda
C4205	Domestic	9.11	West	Madhurawada
C4206	Commercial	21.95	East	Rushikonda
C4207	Commercial	32.3	East	Rushikonda
C4208	Commercial	18.08	East	Akkayyapalem
C4209	Domestic	8.28	North	Gajuwaka
C4210	Domestic	8.08	West	Akkayyapalem
C4211	Domestic	4.02	South	Akkayyapalem
C4212	Domestic	7.29	North	MVP Colony
C4213	Domestic	7.48	Central	Dwaraka Nagar
C4214	Domestic	6.28	North	Dwaraka Nagar
C4215	Domestic	6.61	West	Seethammadhara
C4216	Domestic	6.38	Central	Rushikonda
C4217	Domestic	2.2	North	Dwaraka Nagar
C4218	Domestic	7.2	West	MVP Colony
C4219	Commercial	27.73	West	NAD
C4220	Commercial	26.42	South	Seethammadhara
C4221	Domestic	8.81	North	MVP Colony
C4222	Domestic	1.7	West	Madhurawada
C4223	Domestic	3.64	East	Akkayyapalem
C4224	Domestic	2.53	West	NAD
C4225	Domestic	1.8	South	Madhurawada
C4226	Commercial	19.58	West	Seethammadhara
C4227	Domestic	9.9	North	Akkayyapalem
C4228	Domestic	3.8	North	Akkayyapalem
C4229	Domestic	7.14	Central	Seethammadhara
C4230	Domestic	2.51	North	Madhurawada
C4231	Domestic	6.62	Central	MVP Colony
C4232	Domestic	9.87	East	Dwaraka Nagar
C4233	Domestic	3.98	South	NAD
C4234	Domestic	8.71	East	Rushikonda
C4235	Domestic	9.98	Central	Seethammadhara
C4236	Domestic	6.5	West	Seethammadhara
C4237	Domestic	4.13	West	Akkayyapalem
C4238	Industrial	77.15	East	Gajuwaka
C4239	Domestic	8.68	West	Akkayyapalem
C4240	Domestic	2.96	Central	Rushikonda
C4241	Domestic	5.35	South	Dwaraka Nagar
C4242	Domestic	4.21	North	Akkayyapalem
C4243	Domestic	3.91	Central	Gajuwaka
C4244	Domestic	8.82	Central	Seethammadhara
C4245	Commercial	25.71	North	MVP Colony
C4246	Domestic	4.38	North	Akkayyapalem
C4247	Domestic	6.63	South	NAD
C4248	Domestic	3.36	South	MVP Colony
C4249	Commercial	17.66	South	Gajuwaka
C4250	Domestic	5.92	West	Madhurawada
C4251	Domestic	4.98	Central	Akkayyapalem
C4252	Domestic	4.01	North	Rushikonda
C4253	Domestic	1.96	Central	Seethammadhara
C4254	Domestic	5.93	Central	Seethammadhara
C4255	Domestic	8.44	South	MVP Colony
C4256	Domestic	8.74	South	Akkayyapalem
C4257	Domestic	3.5	Central	Rushikonda
C4258	Domestic	6.6	South	NAD
C4259	Domestic	8.77	West	Akkayyapalem
C4260	Commercial	25.17	North	MVP Colony
C4261	Domestic	9.42	Central	Dwaraka Nagar
C4262	Domestic	9.18	North	MVP Colony
C4263	Domestic	3.27	West	Gajuwaka
C4264	Domestic	3.7	South	MVP Colony
C4265	Commercial	15.58	East	Seethammadhara
C4266	Domestic	3.17	West	NAD
C4267	Domestic	9.22	East	MVP Colony
C4268	Domestic	9.41	North	MVP Colony
C4269	Domestic	1.94	Central	NAD
C4270	Domestic	6.55	South	MVP Colony
C4271	Domestic	6.3	West	Seethammadhara
C4272	Domestic	4.82	South	NAD
C4273	Commercial	34.53	East	Seethammadhara
C4274	Domestic	9.55	East	Seethammadhara
C4275	Commercial	15.15	Central	Seethammadhara
C4276	Commercial	13.06	East	Gajuwaka
C4277	Commercial	9.4	Central	NAD
C4278	Domestic	4.59	West	Gajuwaka
C4279	Domestic	4.37	Central	Gajuwaka
C4280	Commercial	26.09	East	Rushikonda
C4281	Domestic	5.78	North	NAD
C4282	Domestic	7.94	Central	MVP Colony
C4283	Commercial	24.47	South	Akkayyapalem
C4284	Commercial	21.89	North	Rushikonda
C4285	Domestic	8.53	Central	Dwaraka Nagar
C4286	Domestic	8.72	South	Akkayyapalem
C4287	Domestic	3.48	North	Seethammadhara
C4288	Commercial	21.22	Central	NAD
C4289	Commercial	42.65	West	MVP Colony
C4290	Domestic	2.17	South	Gajuwaka
C4291	Domestic	4.27	West	Madhurawada
C4292	Commercial	26.83	East	Dwaraka Nagar
C4293	Domestic	3.09	Central	Rushikonda
C4294	Domestic	3.03	Central	Rushikonda
C4295	Industrial	59.74	South	Akkayyapalem
C4296	Domestic	7.91	Central	Rushikonda
C4297	Domestic	8.64	East	MVP Colony
C4298	Domestic	9.82	Central	Seethammadhara
C4299	Domestic	2.13	North	Dwaraka Nagar
C4300	Commercial	17.1	West	Seethammadhara
C4301	Domestic	7.93	East	Madhurawada
C4302	Industrial	67.84	East	Madhurawada
C4303	Domestic	4.29	West	Rushikonda
C4304	Domestic	3.25	West	Madhurawada
C4305	Domestic	3.88	East	Akkayyapalem
C4306	Domestic	5.15	West	Seethammadhara
C4307	Domestic	3.01	South	NAD
C4308	Domestic	9.7	West	Rushikonda
C4309	Domestic	2.41	North	Dwaraka Nagar
C4310	Domestic	9.88	North	NAD
C4311	Commercial	43.36	South	Seethammadhara
C4312	Domestic	5.1	West	Madhurawada
C4313	Commercial	39.07	North	MVP Colony
C4314	Domestic	7.21	Central	Madhurawada
C4315	Domestic	3.31	West	NAD
C4316	Domestic	4.38	South	Madhurawada
C4317	Domestic	5.86	West	Seethammadhara
C4318	Domestic	6.92	East	Madhurawada
C4319	Commercial	30.8	East	NAD
C4320	Commercial	27.87	North	NAD
C4321	Domestic	5.27	East	Seethammadhara
C4322	Domestic	5.74	South	Rushikonda
C4323	Commercial	26.24	North	Rushikonda
C4324	Domestic	6.1	South	MVP Colony
C4325	Commercial	45.3	South	NAD
C4326	Commercial	34.58	East	Seethammadhara
C4327	Commercial	38.35	East	Rushikonda
C4328	Domestic	6.58	South	Rushikonda
C4329	Domestic	6.97	East	MVP Colony
C4330	Domestic	6.42	East	Gajuwaka
C4331	Domestic	1.73	East	Seethammadhara
C4332	Commercial	49.98	West	Gajuwaka
C4333	Domestic	1.79	South	NAD
C4334	Domestic	4.86	Central	Rushikonda
C4335	Commercial	12.41	South	Madhurawada
C4336	Commercial	12.07	North	Dwaraka Nagar
C4337	Commercial	41.33	East	Madhurawada
C4338	Commercial	25.89	East	NAD
C4339	Domestic	8.31	Central	MVP Colony
C4340	Domestic	3.82	North	Seethammadhara
C4341	Commercial	18.77	West	Madhurawada
C4342	Domestic	3.64	South	Gajuwaka
C4343	Domestic	6.74	West	Rushikonda
C4344	Domestic	8.43	North	Akkayyapalem
C4345	Domestic	5.34	Central	Rushikonda
C4346	Commercial	23.93	North	NAD
C4347	Domestic	9.78	Central	Rushikonda
C4348	Domestic	2.49	West	Madhurawada
C4349	Domestic	5.64	West	Akkayyapalem
C4350	Domestic	4.97	North	Madhurawada
C4351	Domestic	2.33	North	MVP Colony
C4352	Domestic	3.78	East	MVP Colony
C4353	Commercial	9.19	Central	MVP Colony
C4354	Domestic	8.95	East	Akkayyapalem
C4355	Domestic	6.67	South	Dwaraka Nagar
C4356	Domestic	8.43	South	Akkayyapalem
C4357	Domestic	5.93	North	NAD
C4358	Domestic	6.6	West	NAD
C4359	Commercial	37.44	South	Gajuwaka
C4360	Domestic	9.22	South	Gajuwaka
C4361	Commercial	11.85	East	NAD
C4362	Domestic	4.31	East	Madhurawada
C4363	Domestic	7.53	South	NAD
C4364	Domestic	9.65	North	Seethammadhara
C4365	Commercial	49.19	East	Dwaraka Nagar
C4366	Domestic	6.92	South	Gajuwaka
C4367	Domestic	3.15	West	Gajuwaka
C4368	Domestic	2.51	East	Seethammadhara
C4369	Domestic	9.54	South	Rushikonda
C4370	Domestic	5.19	Central	Seethammadhara
C4371	Domestic	3.16	East	Akkayyapalem
C4372	Domestic	9.44	Central	Seethammadhara
C4373	Domestic	2.39	East	Rushikonda
C4374	Domestic	7.7	East	Gajuwaka
C4375	Commercial	34.26	Central	NAD
C4376	Commercial	11.68	North	Gajuwaka
C4377	Commercial	22.23	South	Seethammadhara
C4378	Domestic	2.77	North	Seethammadhara
C4379	Domestic	6.64	North	Rushikonda
C4380	Domestic	5.56	South	Seethammadhara
C4381	Domestic	1.54	West	Rushikonda
C4382	Domestic	9.79	North	Gajuwaka
C4383	Domestic	4.47	North	Seethammadhara
C4384	Domestic	3.69	North	Akkayyapalem
C4385	Domestic	3.39	West	NAD
C4386	Commercial	14.67	East	Madhurawada
C4387	Domestic	9.99	Central	Rushikonda
C4388	Domestic	4.01	Central	Seethammadhara
C4389	Domestic	4.95	West	Gajuwaka
C4390	Domestic	8.91	North	Gajuwaka
C4391	Domestic	6.96	Central	Seethammadhara
C4392	Commercial	23.49	West	Gajuwaka
C4393	Commercial	45.73	South	Seethammadhara
C4394	Domestic	7.87	Central	Dwaraka Nagar
C4395	Commercial	17.57	South	NAD
C4396	Industrial	75.06	North	Seethammadhara
C4397	Commercial	46.74	Central	Gajuwaka
C4398	Commercial	28.85	West	Dwaraka Nagar
C4399	Domestic	7.74	East	Madhurawada
C4400	Domestic	9.75	Central	Madhurawada
C4401	Domestic	7.37	Central	Rushikonda
C4402	Domestic	2.37	Central	Akkayyapalem
C4403	Industrial	47.12	Central	Seethammadhara
C4404	Domestic	6.56	West	Akkayyapalem
C4405	Commercial	19.57	West	Akkayyapalem
C4406	Commercial	48.22	East	Dwaraka Nagar
C4407	Commercial	25.02	West	Madhurawada
C4408	Industrial	62.01	West	Akkayyapalem
C4409	Domestic	7.46	North	MVP Colony
C4410	Domestic	5.96	North	Akkayyapalem
C4411	Domestic	4.75	South	Madhurawada
C4412	Domestic	2.15	East	Rushikonda
C4413	Domestic	6.57	North	MVP Colony
C4414	Domestic	8.87	East	Rushikonda
C4415	Commercial	36.8	East	Rushikonda
C4416	Domestic	4.74	Central	Dwaraka Nagar
C4417	Domestic	2.59	East	Seethammadhara
C4418	Domestic	8.44	Central	Seethammadhara
C4419	Domestic	9.5	South	MVP Colony
C4420	Domestic	4.8	South	Madhurawada
C4421	Commercial	38.6	South	Gajuwaka
C4422	Domestic	4.99	Central	MVP Colony
C4423	Commercial	29.1	Central	Madhurawada
C4424	Domestic	8.61	South	Akkayyapalem
C4425	Commercial	11.5	Central	Rushikonda
C4426	Domestic	6.01	West	Gajuwaka
C4427	Domestic	3.32	West	Dwaraka Nagar
C4428	Domestic	4.39	Central	Seethammadhara
C4429	Commercial	35.07	Central	Dwaraka Nagar
C4430	Domestic	1.73	North	NAD
C4431	Domestic	6.55	North	Dwaraka Nagar
C4432	Industrial	49.84	East	NAD
C4433	Commercial	36.12	East	Dwaraka Nagar
C4434	Domestic	2.7	East	Dwaraka Nagar
C4435	Commercial	38.9	South	Dwaraka Nagar
C4436	Domestic	6.99	West	NAD
C4437	Domestic	9.76	South	Akkayyapalem
C4438	Domestic	9.25	Central	NAD
C4439	Commercial	19.9	North	Rushikonda
C4440	Commercial	9.15	Central	MVP Colony
C4441	Domestic	7.07	Central	Madhurawada
C4442	Domestic	6.62	North	Madhurawada
C4443	Domestic	1.73	Central	Akkayyapalem
C4444	Industrial	38.59	East	Madhurawada
C4445	Industrial	70.93	North	Dwaraka Nagar
C4446	Domestic	9.25	Central	Akkayyapalem
C4447	Commercial	46.07	East	Madhurawada
C4448	Commercial	14.36	East	NAD
C4449	Domestic	4.77	West	MVP Colony
C4450	Domestic	1.87	East	Gajuwaka
C4451	Domestic	5.49	South	MVP Colony
C4452	Domestic	7.9	North	Madhurawada
C4453	Domestic	8.21	North	Akkayyapalem
C4454	Domestic	5.74	North	Seethammadhara
C4455	Commercial	12.03	Central	Madhurawada
C4456	Domestic	4.74	Central	NAD
C4457	Domestic	9.42	South	MVP Colony
C4458	Domestic	3.45	East	Seethammadhara
C4459	Domestic	4.22	Central	NAD
C4460	Domestic	7.85	East	Rushikonda
C4461	Domestic	7.74	East	Rushikonda
C4462	Domestic	9.25	Central	NAD
C4463	Domestic	4.8	Central	Gajuwaka
C4464	Domestic	5.87	South	NAD
C4465	Domestic	5.47	West	Seethammadhara
C4466	Commercial	46.97	North	NAD
C4467	Domestic	8.04	Central	Gajuwaka
C4468	Domestic	8.57	Central	Rushikonda
C4469	Commercial	13.59	East	Dwaraka Nagar
C4470	Domestic	8.23	West	Seethammadhara
C4471	Domestic	5.18	Central	Dwaraka Nagar
C4472	Commercial	8.98	West	Seethammadhara
C4473	Domestic	2.01	North	Akkayyapalem
C4474	Domestic	7.26	East	Gajuwaka
C4475	Commercial	23.62	South	Akkayyapalem
C4476	Commercial	44.46	North	Akkayyapalem
C4477	Industrial	81.4	West	Rushikonda
C4478	Domestic	1.68	West	NAD
C4479	Domestic	7.34	North	Akkayyapalem
C4480	Domestic	3.13	West	Madhurawada
C4481	Domestic	5.09	South	Seethammadhara
C4482	Domestic	6.81	South	Rushikonda
C4483	Domestic	8.92	West	MVP Colony
C4484	Commercial	27.16	West	Madhurawada
C4485	Domestic	8.37	South	Madhurawada
C4486	Domestic	8.16	West	NAD
C4487	Domestic	5.02	Central	MVP Colony
C4488	Domestic	5.76	East	Akkayyapalem
C4489	Domestic	7.45	Central	MVP Colony
C4490	Domestic	1.76	West	Akkayyapalem
C4491	Domestic	9.07	West	Dwaraka Nagar
C4492	Domestic	8.04	East	Gajuwaka
C4493	Commercial	18.48	West	NAD
C4494	Commercial	49.21	East	Akkayyapalem
C4495	Domestic	3.02	South	Akkayyapalem
C4496	Domestic	9.27	East	MVP Colony
C4497	Commercial	21.63	East	NAD
C4498	Commercial	40.05	Central	Seethammadhara
C4499	Domestic	5.38	West	Akkayyapalem
C4500	Commercial	38.93	South	Dwaraka Nagar
C4501	Domestic	2.82	North	Madhurawada
C4502	Commercial	19.32	East	Akkayyapalem
C4503	Industrial	36.99	North	MVP Colony
C4504	Domestic	8.85	West	Seethammadhara
C4505	Commercial	20.44	East	Rushikonda
C4506	Domestic	7.4	North	Dwaraka Nagar
C4507	Industrial	87.42	Central	NAD
C4508	Domestic	9.16	North	Akkayyapalem
C4509	Commercial	12.46	Central	Dwaraka Nagar
C4510	Domestic	9.09	South	Rushikonda
C4511	Domestic	3.18	West	Dwaraka Nagar
C4512	Domestic	7.76	North	Seethammadhara
C4513	Industrial	81.02	East	Dwaraka Nagar
C4514	Commercial	8.36	West	Dwaraka Nagar
C4515	Commercial	17.27	North	Seethammadhara
C4516	Commercial	28.66	East	Seethammadhara
C4517	Domestic	5.07	East	Rushikonda
C4518	Domestic	9.31	East	Seethammadhara
C4519	Domestic	4.56	East	Dwaraka Nagar
C4520	Domestic	9.46	North	Dwaraka Nagar
C4521	Domestic	5.41	South	Gajuwaka
C4522	Domestic	9.7	Central	NAD
C4523	Domestic	7.77	Central	Madhurawada
C4524	Domestic	8.55	Central	NAD
C4525	Domestic	2.39	South	MVP Colony
C4526	Domestic	6.48	East	MVP Colony
C4527	Industrial	39.99	East	Rushikonda
C4528	Commercial	20.5	West	Seethammadhara
C4529	Industrial	73.65	Central	NAD
C4530	Domestic	7.67	Central	Dwaraka Nagar
C4531	Domestic	1.83	East	Gajuwaka
C4532	Commercial	30.3	Central	Madhurawada
C4533	Domestic	6.31	East	Akkayyapalem
C4534	Domestic	2.17	East	Akkayyapalem
C4535	Domestic	5.76	East	Dwaraka Nagar
C4536	Domestic	7.57	North	NAD
C4537	Domestic	1.95	North	Akkayyapalem
C4538	Domestic	7.96	North	NAD
C4539	Domestic	6.4	North	Gajuwaka
C4540	Domestic	8.58	South	Gajuwaka
C4541	Domestic	3.35	West	Seethammadhara
C4542	Commercial	43	West	NAD
C4543	Domestic	2.3	East	Seethammadhara
C4544	Domestic	4.93	Central	Dwaraka Nagar
C4545	Commercial	16.38	North	Seethammadhara
C4546	Domestic	8.95	West	Dwaraka Nagar
C4547	Domestic	7.49	West	Dwaraka Nagar
C4548	Domestic	1.72	North	Akkayyapalem
C4549	Domestic	1.58	South	Madhurawada
C4550	Domestic	3.98	South	Madhurawada
C4551	Commercial	14.02	West	Dwaraka Nagar
C4552	Domestic	6.86	South	NAD
C4553	Domestic	7.14	North	Gajuwaka
C4554	Domestic	9.51	West	Seethammadhara
C4555	Domestic	9.59	North	Rushikonda
C4556	Domestic	7.1	South	MVP Colony
C4557	Domestic	1.55	North	Gajuwaka
C4558	Domestic	4.55	South	Gajuwaka
C4559	Domestic	5.86	South	MVP Colony
C4560	Domestic	5.74	North	Dwaraka Nagar
C4561	Domestic	6.63	South	Gajuwaka
C4562	Commercial	48.34	East	MVP Colony
C4563	Domestic	9.02	North	Seethammadhara
C4564	Domestic	2.43	East	Akkayyapalem
C4565	Domestic	3.76	North	NAD
C4566	Commercial	42.99	South	NAD
C4567	Domestic	8.51	South	NAD
C4568	Domestic	3.84	West	Dwaraka Nagar
C4569	Commercial	38.68	West	Gajuwaka
C4570	Commercial	36.23	East	Rushikonda
C4571	Domestic	5.52	South	Gajuwaka
C4572	Domestic	3.21	West	Madhurawada
C4573	Commercial	45.32	South	NAD
C4574	Industrial	77.45	North	Dwaraka Nagar
C4575	Commercial	15.1	West	MVP Colony
C4576	Domestic	7.49	East	Dwaraka Nagar
C4577	Domestic	7.8	West	Rushikonda
C4578	Domestic	9.04	South	Gajuwaka
C4579	Commercial	17.36	Central	Seethammadhara
C4580	Domestic	9.9	Central	Seethammadhara
C4581	Domestic	2.8	South	Seethammadhara
C4582	Commercial	33.23	North	NAD
C4583	Domestic	7.09	West	Madhurawada
C4584	Commercial	25.6	Central	Rushikonda
C4585	Domestic	5.54	North	Akkayyapalem
C4586	Domestic	9.07	South	Dwaraka Nagar
C4587	Domestic	6.98	North	Madhurawada
C4588	Commercial	28.87	South	Seethammadhara
C4589	Domestic	2.59	West	Rushikonda
C4590	Domestic	1.56	North	Rushikonda
C4591	Industrial	38.75	West	Gajuwaka
C4592	Domestic	9.63	North	MVP Colony
C4593	Domestic	7.99	South	Dwaraka Nagar
C4594	Domestic	9.72	South	Akkayyapalem
C4595	Domestic	1.8	North	Gajuwaka
C4596	Domestic	7.28	South	NAD
C4597	Domestic	1.88	East	Dwaraka Nagar
C4598	Domestic	8.15	East	Rushikonda
C4599	Domestic	4.74	West	Madhurawada
C4600	Domestic	2.31	East	Seethammadhara
C4601	Domestic	6.33	East	Dwaraka Nagar
C4602	Domestic	3.88	Central	Gajuwaka
C4603	Domestic	7.11	Central	Gajuwaka
C4604	Domestic	7.09	Central	Seethammadhara
C4605	Domestic	7.49	Central	Madhurawada
C4606	Domestic	9.94	South	Akkayyapalem
C4607	Commercial	24.24	West	Gajuwaka
C4608	Domestic	5.46	West	Dwaraka Nagar
C4609	Commercial	41.79	East	Seethammadhara
C4610	Industrial	70.49	West	Akkayyapalem
C4611	Domestic	1.82	East	Madhurawada
C4612	Domestic	8.67	West	Gajuwaka
C4613	Domestic	1.94	North	Seethammadhara
C4614	Commercial	15.17	North	Gajuwaka
C4615	Domestic	2.37	West	Dwaraka Nagar
C4616	Domestic	2.16	South	Gajuwaka
C4617	Domestic	1.72	East	Seethammadhara
C4618	Commercial	10.31	West	Dwaraka Nagar
C4619	Commercial	26.58	East	NAD
C4620	Domestic	3.65	Central	Seethammadhara
C4621	Domestic	2.58	West	Akkayyapalem
C4622	Domestic	7.1	South	Dwaraka Nagar
C4623	Domestic	3.42	Central	MVP Colony
C4624	Commercial	8.8	West	Gajuwaka
C4625	Domestic	5.06	North	NAD
C4626	Domestic	4.14	West	Akkayyapalem
C4627	Domestic	4.21	North	Madhurawada
C4628	Commercial	26.7	North	MVP Colony
C4629	Commercial	36.09	West	Madhurawada
C4630	Domestic	6.74	West	Seethammadhara
C4631	Commercial	47.36	North	MVP Colony
C4632	Domestic	5.9	East	Rushikonda
C4633	Domestic	5.52	Central	NAD
C4634	Domestic	3.31	South	Akkayyapalem
C4635	Domestic	7.92	West	NAD
C4636	Domestic	2.7	Central	NAD
C4637	Commercial	28.63	Central	MVP Colony
C4638	Domestic	5.08	East	Dwaraka Nagar
C4639	Domestic	7.1	Central	Akkayyapalem
C4640	Domestic	9.3	West	Madhurawada
C4641	Domestic	9.55	Central	Dwaraka Nagar
C4642	Commercial	15.05	West	Dwaraka Nagar
C4643	Domestic	3.73	West	Gajuwaka
C4644	Domestic	8.4	North	Seethammadhara
C4645	Commercial	29.77	East	Madhurawada
C4646	Domestic	5.35	South	MVP Colony
C4647	Domestic	7.54	North	Seethammadhara
C4648	Domestic	6.62	South	Rushikonda
C4649	Domestic	9.75	West	Gajuwaka
C4650	Industrial	70.88	North	Gajuwaka
C4651	Commercial	27.57	Central	Seethammadhara
C4652	Domestic	6.11	Central	Rushikonda
C4653	Commercial	41.96	South	NAD
C4654	Domestic	6.71	West	MVP Colony
C4655	Domestic	7	South	Dwaraka Nagar
C4656	Domestic	9.76	East	Rushikonda
C4657	Domestic	6.76	Central	Rushikonda
C4658	Domestic	4.73	North	Akkayyapalem
C4659	Domestic	7.38	North	Dwaraka Nagar
C4660	Commercial	35.7	North	Rushikonda
C4661	Domestic	1.62	Central	Dwaraka Nagar
C4662	Domestic	5.47	West	NAD
C4663	Domestic	7.81	Central	Dwaraka Nagar
C4664	Domestic	5.74	Central	Madhurawada
C4665	Domestic	8.13	North	Dwaraka Nagar
C4666	Domestic	5.33	Central	Dwaraka Nagar
C4667	Commercial	49.3	North	Rushikonda
C4668	Domestic	3.99	West	Rushikonda
C4669	Domestic	2.28	East	Madhurawada
C4670	Domestic	5.16	North	NAD
C4671	Domestic	6.1	South	Gajuwaka
C4672	Domestic	4.47	East	MVP Colony
C4673	Commercial	18.18	West	NAD
C4674	Domestic	7.21	East	Rushikonda
C4675	Domestic	4.71	North	Dwaraka Nagar
C4676	Domestic	6.87	West	Gajuwaka
C4677	Domestic	8.12	South	MVP Colony
C4678	Domestic	7.97	North	MVP Colony
C4679	Commercial	23.76	North	MVP Colony
C4680	Domestic	6.33	West	Rushikonda
C4681	Commercial	26.89	West	Madhurawada
C4682	Domestic	8.9	East	Madhurawada
C4683	Commercial	44.91	South	Gajuwaka
C4684	Domestic	4.42	East	Dwaraka Nagar
C4685	Domestic	2.28	East	Seethammadhara
C4686	Domestic	2.92	North	Gajuwaka
C4687	Commercial	23.41	West	Dwaraka Nagar
C4688	Domestic	6.3	North	NAD
C4689	Domestic	7.08	South	Rushikonda
C4690	Domestic	4.32	East	Seethammadhara
C4691	Commercial	36.03	South	MVP Colony
C4692	Domestic	9.47	West	MVP Colony
C4693	Commercial	35.38	West	Madhurawada
C4694	Domestic	2.85	Central	Rushikonda
C4695	Domestic	6.43	South	Seethammadhara
C4696	Domestic	6.11	North	NAD
C4697	Industrial	90.95	South	Akkayyapalem
C4698	Domestic	4.48	East	NAD
C4699	Commercial	25.76	West	Dwaraka Nagar
C4700	Domestic	6.59	West	NAD
C4701	Domestic	5.96	South	Seethammadhara
C4702	Domestic	7.61	South	Seethammadhara
C4703	Domestic	1.84	South	Madhurawada
C4704	Commercial	31.67	East	Dwaraka Nagar
C4705	Commercial	13.11	East	Gajuwaka
C4706	Commercial	21.24	North	Dwaraka Nagar
C4707	Commercial	35.79	South	Gajuwaka
C4708	Domestic	2.84	North	Akkayyapalem
C4709	Domestic	4.13	Central	Dwaraka Nagar
C4710	Industrial	79.21	East	MVP Colony
C4711	Domestic	7.03	West	Akkayyapalem
C4712	Commercial	11.82	Central	Gajuwaka
C4713	Commercial	32.25	West	Madhurawada
C4714	Domestic	2.75	Central	Akkayyapalem
C4715	Industrial	47.66	North	Akkayyapalem
C4716	Domestic	5.4	North	Akkayyapalem
C4717	Domestic	2.43	East	Gajuwaka
C4718	Domestic	9.95	West	Rushikonda
C4719	Domestic	2.91	Central	Gajuwaka
C4720	Domestic	8.14	South	Dwaraka Nagar
C4721	Domestic	8.55	South	MVP Colony
C4722	Commercial	49.77	East	Akkayyapalem
C4723	Commercial	26	West	Dwaraka Nagar
C4724	Domestic	8.93	South	Dwaraka Nagar
C4725	Domestic	9.64	East	MVP Colony
C4726	Commercial	15.26	East	Rushikonda
C4727	Domestic	5.58	West	Dwaraka Nagar
C4728	Domestic	2.01	South	Rushikonda
C4729	Domestic	6.78	South	MVP Colony
C4730	Domestic	6.44	South	Madhurawada
C4731	Domestic	3.24	North	MVP Colony
C4732	Industrial	85.85	South	NAD
C4733	Domestic	1.82	Central	MVP Colony
C4734	Domestic	8.35	North	MVP Colony
C4735	Domestic	1.73	North	Seethammadhara
C4736	Domestic	7.08	North	NAD
C4737	Domestic	2.17	North	MVP Colony
C4738	Commercial	18.55	East	Gajuwaka
C4739	Commercial	38.32	Central	Rushikonda
C4740	Domestic	3.88	West	Seethammadhara
C4741	Commercial	29.47	South	Dwaraka Nagar
C4742	Commercial	46.44	North	Dwaraka Nagar
C4743	Commercial	10.08	West	Madhurawada
C4744	Domestic	8.39	East	Madhurawada
C4745	Domestic	2.05	West	NAD
C4746	Domestic	2.58	North	Gajuwaka
C4747	Domestic	2.51	Central	Madhurawada
C4748	Domestic	9.95	West	Dwaraka Nagar
C4749	Domestic	3.03	North	Madhurawada
C4750	Commercial	45.66	North	Madhurawada
C4751	Commercial	49.62	South	MVP Colony
C4752	Commercial	24.12	South	Madhurawada
C4753	Domestic	6.86	Central	Rushikonda
C4754	Domestic	8.12	South	NAD
C4755	Domestic	4.84	Central	Rushikonda
C4756	Domestic	2.88	East	Dwaraka Nagar
C4757	Domestic	5.19	East	NAD
C4758	Domestic	8.06	South	Seethammadhara
C4759	Domestic	8.14	East	NAD
C4760	Commercial	17.68	West	Akkayyapalem
C4761	Domestic	2.99	West	Gajuwaka
C4762	Commercial	46.66	West	Seethammadhara
C4763	Domestic	1.87	East	Seethammadhara
C4764	Domestic	7.75	West	Akkayyapalem
C4765	Domestic	1.89	Central	Akkayyapalem
C4766	Domestic	8.62	North	MVP Colony
C4767	Domestic	9.2	South	NAD
C4768	Domestic	4.03	Central	Gajuwaka
C4769	Domestic	2.13	West	Dwaraka Nagar
C4770	Domestic	5.59	North	Dwaraka Nagar
C4771	Domestic	4.04	South	Gajuwaka
C4772	Commercial	25.52	Central	Seethammadhara
C4773	Domestic	7.15	South	NAD
C4774	Commercial	16.81	East	Rushikonda
C4775	Domestic	4.53	West	NAD
C4776	Commercial	40.87	Central	MVP Colony
C4777	Commercial	35.04	Central	MVP Colony
C4778	Domestic	4.27	North	Akkayyapalem
C4779	Domestic	7.15	North	Dwaraka Nagar
C4780	Commercial	40.14	North	MVP Colony
C4781	Domestic	6.54	South	Gajuwaka
C4782	Domestic	3.54	West	Dwaraka Nagar
C4783	Domestic	1.5	South	Seethammadhara
C4784	Commercial	41.72	West	Rushikonda
C4785	Commercial	42.55	Central	Seethammadhara
C4786	Domestic	7.43	South	NAD
C4787	Domestic	2.15	South	Dwaraka Nagar
C4788	Domestic	6.47	South	Madhurawada
C4789	Domestic	8.48	East	Dwaraka Nagar
C4790	Industrial	57.28	West	MVP Colony
C4791	Domestic	3.18	West	Rushikonda
C4792	Domestic	6.49	South	Gajuwaka
C4793	Domestic	8.52	East	NAD
C4794	Commercial	10.05	South	NAD
C4795	Domestic	6.57	West	MVP Colony
C4796	Domestic	6.97	Central	MVP Colony
C4797	Domestic	6.62	East	MVP Colony
C4798	Domestic	7.03	East	Madhurawada
C4799	Domestic	6.87	South	Gajuwaka
C4800	Domestic	2.61	Central	Madhurawada
C4801	Domestic	3.5	West	MVP Colony
C4802	Commercial	34	North	Gajuwaka
C4803	Commercial	8.74	West	Seethammadhara
C4804	Industrial	74.43	West	Seethammadhara
C4805	Domestic	7.16	Central	MVP Colony
C4806	Industrial	46.74	East	Gajuwaka
C4807	Domestic	6.58	West	Rushikonda
C4808	Domestic	6.04	East	NAD
C4809	Domestic	3.72	Central	Madhurawada
C4810	Domestic	5.44	Central	Akkayyapalem
C4811	Domestic	9.23	South	MVP Colony
C4812	Domestic	5.13	North	MVP Colony
C4813	Domestic	6.85	Central	Dwaraka Nagar
C4814	Domestic	1.8	Central	Akkayyapalem
C4815	Domestic	2.16	East	Rushikonda
C4816	Domestic	2.19	Central	NAD
C4817	Domestic	8.12	West	MVP Colony
C4818	Commercial	22.71	South	Rushikonda
C4819	Commercial	17.56	South	Madhurawada
C4820	Domestic	7.85	West	NAD
C4821	Domestic	2.94	Central	MVP Colony
C4822	Domestic	3.6	North	Madhurawada
C4823	Commercial	26.1	Central	Dwaraka Nagar
C4824	Domestic	4.32	South	Dwaraka Nagar
C4825	Domestic	6.48	North	Seethammadhara
C4826	Domestic	4.37	East	Madhurawada
C4827	Domestic	4.84	East	NAD
C4828	Domestic	8.83	Central	Madhurawada
C4829	Commercial	45.15	Central	Akkayyapalem
C4830	Domestic	8.54	North	Madhurawada
C4831	Domestic	8.85	North	Dwaraka Nagar
C4832	Commercial	31.93	Central	Dwaraka Nagar
C4833	Commercial	35.14	South	Dwaraka Nagar
C4834	Domestic	6.24	East	Akkayyapalem
C4835	Domestic	8.18	North	MVP Colony
C4836	Domestic	6.18	South	Seethammadhara
C4837	Commercial	12.67	Central	Akkayyapalem
C4838	Domestic	8.38	West	MVP Colony
C4839	Commercial	39.94	North	Akkayyapalem
C4840	Domestic	8.47	West	Gajuwaka
C4841	Domestic	3.12	South	MVP Colony
C4842	Domestic	3.81	East	NAD
C4843	Domestic	4.01	South	NAD
C4844	Domestic	5.82	East	Seethammadhara
C4845	Domestic	2.64	South	Rushikonda
C4846	Domestic	4.78	North	Dwaraka Nagar
C4847	Industrial	42.75	North	Akkayyapalem
C4848	Domestic	3.75	West	Madhurawada
C4849	Commercial	37.67	South	Dwaraka Nagar
C4850	Domestic	8.77	South	Seethammadhara
C4851	Domestic	1.69	West	Madhurawada
C4852	Domestic	6.31	Central	Akkayyapalem
C4853	Domestic	1.81	South	Dwaraka Nagar
C4854	Commercial	11.58	South	Dwaraka Nagar
C4855	Domestic	7.49	South	Rushikonda
C4856	Domestic	7.75	Central	Rushikonda
C4857	Domestic	8.42	North	NAD
C4858	Domestic	5.53	West	Madhurawada
C4859	Domestic	8.81	Central	Gajuwaka
C4860	Commercial	15.01	East	Gajuwaka
C4861	Commercial	18.49	East	Dwaraka Nagar
C4862	Domestic	2.64	Central	Rushikonda
C4863	Domestic	8.28	Central	Akkayyapalem
C4864	Domestic	3.44	North	Dwaraka Nagar
C4865	Domestic	2.82	East	Seethammadhara
C4866	Domestic	6.8	West	NAD
C4867	Domestic	2.16	South	Rushikonda
C4868	Domestic	1.88	South	Seethammadhara
C4869	Domestic	2.41	North	Madhurawada
C4870	Domestic	1.5	North	Seethammadhara
C4871	Domestic	7.42	East	Rushikonda
C4872	Domestic	6.28	West	Dwaraka Nagar
C4873	Domestic	3.28	West	Seethammadhara
C4874	Commercial	17.79	Central	Akkayyapalem
C4875	Domestic	8.39	North	Gajuwaka
C4876	Domestic	5.77	South	Madhurawada
C4877	Domestic	7.44	South	Dwaraka Nagar
C4878	Commercial	27.02	East	Madhurawada
C4879	Domestic	3.52	South	Rushikonda
C4880	Domestic	9.75	West	NAD
C4881	Domestic	6.31	West	Seethammadhara
C4882	Commercial	13.5	North	Gajuwaka
C4883	Industrial	58.43	East	Akkayyapalem
C4884	Domestic	4.3	South	Madhurawada
C4885	Commercial	16.99	North	Gajuwaka
C4886	Commercial	47.2	Central	Seethammadhara
C4887	Commercial	45	Central	Dwaraka Nagar
C4888	Domestic	3.19	South	Rushikonda
C4889	Domestic	4.49	South	Akkayyapalem
C4890	Domestic	7.98	South	Akkayyapalem
C4891	Commercial	16.76	West	MVP Colony
C4892	Domestic	6.53	South	Madhurawada
C4893	Domestic	7.45	Central	Rushikonda
C4894	Domestic	7.06	South	Gajuwaka
C4895	Commercial	37.67	East	Madhurawada
C4896	Commercial	37.68	Central	Dwaraka Nagar
C4897	Domestic	9.7	East	Dwaraka Nagar
C4898	Commercial	22.55	Central	Rushikonda
C4899	Domestic	8.97	North	Seethammadhara
C4900	Commercial	8.92	Central	Akkayyapalem
C4901	Domestic	3.95	Central	Rushikonda
C4902	Domestic	1.91	East	Akkayyapalem
C4903	Commercial	35.35	East	Gajuwaka
C4904	Domestic	2.36	Central	NAD
C4905	Commercial	43.52	Central	Madhurawada
C4906	Domestic	7	West	Madhurawada
C4907	Domestic	1.74	North	Dwaraka Nagar
C4908	Domestic	7.58	North	Madhurawada
C4909	Domestic	8.83	South	Gajuwaka
C4910	Domestic	7.12	Central	MVP Colony
C4911	Domestic	1.76	Central	Rushikonda
C4912	Domestic	8.79	Central	Akkayyapalem
C4913	Domestic	7.73	Central	Dwaraka Nagar
C4914	Industrial	56.49	North	Rushikonda
C4915	Industrial	53	East	Akkayyapalem
C4916	Domestic	5.58	West	Akkayyapalem
C4917	Commercial	44.42	East	Akkayyapalem
C4918	Domestic	3.64	East	MVP Colony
C4919	Domestic	2.36	North	Rushikonda
C4920	Commercial	44.31	West	Madhurawada
C4921	Commercial	9.1	Central	NAD
C4922	Domestic	9.24	North	Akkayyapalem
C4923	Commercial	20.84	North	Gajuwaka
C4924	Domestic	5.82	West	Akkayyapalem
C4925	Industrial	39.26	South	Akkayyapalem
C4926	Domestic	9.17	North	Rushikonda
C4927	Domestic	7.87	East	Madhurawada
C4928	Domestic	9.36	East	Seethammadhara
C4929	Domestic	7.31	Central	Gajuwaka
C4930	Domestic	3.07	North	Madhurawada
C4931	Commercial	20.95	Central	Akkayyapalem
C4932	Domestic	5.64	North	Rushikonda
C4933	Domestic	6.66	West	Seethammadhara
C4934	Domestic	9.37	North	Madhurawada
C4935	Domestic	4.76	South	Madhurawada
C4936	Domestic	7.48	East	Dwaraka Nagar
C4937	Domestic	9.67	West	MVP Colony
C4938	Domestic	2.8	East	Seethammadhara
C4939	Domestic	8.83	Central	NAD
C4940	Domestic	5.08	West	Seethammadhara
C4941	Commercial	38.76	South	MVP Colony
C4942	Commercial	20.33	East	MVP Colony
C4943	Domestic	4.34	North	Gajuwaka
C4944	Domestic	1.73	North	Dwaraka Nagar
C4945	Domestic	9.76	North	Dwaraka Nagar
C4946	Domestic	8.41	West	Madhurawada
C4947	Domestic	2.3	South	MVP Colony
C4948	Domestic	10	South	Seethammadhara
C4949	Domestic	6.64	South	NAD
C4950	Domestic	8.76	East	Gajuwaka
C4951	Domestic	2.07	West	Seethammadhara
C4952	Commercial	24.36	North	Dwaraka Nagar
C4953	Industrial	76.88	East	Madhurawada
C4954	Domestic	2.4	South	NAD
C4955	Domestic	5.66	North	MVP Colony
C4956	Commercial	26.59	West	Rushikonda
C4957	Commercial	17.07	Central	Rushikonda
C4958	Domestic	4.05	South	Seethammadhara
C4959	Domestic	9.72	South	NAD
C4960	Domestic	3.95	South	Rushikonda
C4961	Domestic	3.31	South	Dwaraka Nagar
C4962	Domestic	6.06	North	Rushikonda
C4963	Domestic	7.2	West	Gajuwaka
C4964	Domestic	7.66	East	Seethammadhara
C4965	Domestic	7.91	North	Rushikonda
C4966	Commercial	9.55	West	MVP Colony
C4967	Domestic	4.85	East	Gajuwaka
C4968	Domestic	8.08	South	Akkayyapalem
C4969	Domestic	9.19	West	Rushikonda
C4970	Domestic	6.62	South	Rushikonda
C4971	Industrial	33.66	West	NAD
C4972	Domestic	4.87	Central	Rushikonda
C4973	Domestic	2.13	South	Rushikonda
C4974	Commercial	39.44	South	NAD
C4975	Domestic	2.04	South	Madhurawada
C4976	Commercial	15.8	North	MVP Colony
C4977	Domestic	5.04	East	NAD
C4978	Domestic	5.43	South	Dwaraka Nagar
C4979	Domestic	4.96	South	Akkayyapalem
C4980	Domestic	5.44	North	Dwaraka Nagar
C4981	Commercial	37.96	North	Gajuwaka
C4982	Commercial	23.51	Central	Akkayyapalem
C4983	Domestic	6.16	West	Rushikonda
C4984	Domestic	4.08	South	Akkayyapalem
C4985	Commercial	22.85	West	Dwaraka Nagar
C4986	Commercial	33.78	North	Rushikonda
C4987	Domestic	5.67	North	NAD
C4988	Domestic	7.65	Central	Dwaraka Nagar
C4989	Domestic	6.26	East	MVP Colony
C4990	Commercial	41.75	North	Gajuwaka
C4991	Domestic	5.27	South	Seethammadhara
C4992	Domestic	5.67	Central	Akkayyapalem
C4993	Commercial	36.14	East	Rushikonda
C4994	Domestic	3.38	Central	MVP Colony
C4995	Domestic	4.78	North	NAD
C4996	Domestic	6.81	East	NAD
C4997	Domestic	1.75	West	Dwaraka Nagar
C4998	Domestic	5.21	East	Madhurawada
C4999	Domestic	6.59	South	Akkayyapalem
C5000	Domestic	9.72	West	Akkayyapalem
C5001	Domestic	8.95	West	Madhurawada
C5002	Commercial	19.79	South	NAD
C5003	Commercial	29.3	West	NAD
C5004	Domestic	1.98	North	Seethammadhara
C5005	Domestic	3.55	East	Seethammadhara
C5006	Domestic	8.09	East	Akkayyapalem
C5007	Domestic	2.55	South	Seethammadhara
C5008	Domestic	3.69	North	Seethammadhara
C5009	Domestic	9.52	West	Rushikonda
C5010	Domestic	8.5	East	Gajuwaka
C5011	Domestic	8.15	East	Akkayyapalem
C5012	Domestic	8.85	East	NAD
C5013	Domestic	7.87	East	Rushikonda
C5014	Domestic	2.52	Central	NAD
C5015	Domestic	5.89	South	Seethammadhara
C5016	Domestic	5.28	West	Gajuwaka
C5017	Commercial	21.07	West	Seethammadhara
C5018	Commercial	43.03	South	Seethammadhara
C5019	Domestic	5.45	North	MVP Colony
C5020	Domestic	2.01	South	MVP Colony
C5021	Domestic	3.84	East	Gajuwaka
C5022	Domestic	3.44	East	Gajuwaka
C5023	Domestic	9.04	South	MVP Colony
C5024	Commercial	35.19	South	MVP Colony
C5025	Domestic	6.26	West	MVP Colony
C5026	Commercial	29.28	West	MVP Colony
C5027	Domestic	7.03	Central	Akkayyapalem
C5028	Domestic	7.92	Central	Akkayyapalem
C5029	Commercial	31.28	East	Seethammadhara
C5030	Domestic	9.48	Central	Dwaraka Nagar
C5031	Domestic	9.8	Central	Seethammadhara
C5032	Domestic	9.96	North	Gajuwaka
C5033	Domestic	7.19	South	Madhurawada
C5034	Industrial	95.28	West	Dwaraka Nagar
C5035	Domestic	4.94	Central	Madhurawada
C5036	Industrial	90.17	West	Madhurawada
C5037	Industrial	93.64	Central	NAD
C5038	Commercial	45.97	Central	Rushikonda
C5039	Domestic	8.56	East	Gajuwaka
C5040	Domestic	4.96	North	Akkayyapalem
C5041	Commercial	14.67	South	Dwaraka Nagar
C5042	Domestic	4.34	South	Seethammadhara
C5043	Domestic	8.02	East	Gajuwaka
C5044	Domestic	3.48	East	MVP Colony
C5045	Domestic	5.57	South	Gajuwaka
C5046	Domestic	6.31	South	Madhurawada
C5047	Domestic	6.63	North	Akkayyapalem
C5048	Domestic	9.45	Central	MVP Colony
C5049	Commercial	35.78	North	Gajuwaka
C5050	Domestic	8.18	South	Gajuwaka
C5051	Commercial	32.44	Central	Akkayyapalem
C5052	Domestic	8.59	South	Madhurawada
C5053	Commercial	19.07	North	Seethammadhara
C5054	Domestic	3.28	North	MVP Colony
C5055	Commercial	46.91	North	Madhurawada
C5056	Domestic	7.39	Central	Akkayyapalem
C5057	Commercial	36.2	West	Gajuwaka
C5058	Domestic	5.47	West	Seethammadhara
C5059	Commercial	23.82	South	Dwaraka Nagar
C5060	Industrial	68.9	Central	Dwaraka Nagar
C5061	Domestic	2.52	East	NAD
C5062	Domestic	5.37	West	Rushikonda
C5063	Commercial	27.13	Central	Dwaraka Nagar
C5064	Domestic	6.08	Central	Akkayyapalem
C5065	Commercial	34.66	West	Rushikonda
C5066	Domestic	9.64	Central	Akkayyapalem
C5067	Domestic	7.04	Central	Akkayyapalem
C5068	Industrial	91.86	West	MVP Colony
C5069	Domestic	6.23	North	NAD
C5070	Commercial	34.33	South	MVP Colony
C5071	Domestic	2.09	East	Seethammadhara
C5072	Domestic	2.63	South	Rushikonda
C5073	Domestic	6.43	North	Dwaraka Nagar
C5074	Domestic	4.86	North	Seethammadhara
C5075	Domestic	8.29	Central	Rushikonda
C5076	Domestic	6.12	South	Rushikonda
C5077	Domestic	9	North	Dwaraka Nagar
C5078	Domestic	9.76	South	Gajuwaka
C5079	Commercial	14.2	North	MVP Colony
C5080	Domestic	4.86	East	Madhurawada
C5081	Domestic	7.15	North	Seethammadhara
C5082	Domestic	4.1	South	Gajuwaka
C5083	Domestic	3.77	Central	MVP Colony
C5084	Commercial	42.18	South	Rushikonda
C5085	Domestic	9.83	West	Akkayyapalem
C5086	Domestic	8.08	South	NAD
C5087	Domestic	5.95	East	Seethammadhara
C5088	Domestic	5.26	East	MVP Colony
C5089	Commercial	30.67	East	NAD
C5090	Domestic	5.43	North	Seethammadhara
C5091	Commercial	29.12	East	NAD
C5092	Domestic	3.23	South	Seethammadhara
C5093	Domestic	9.18	Central	Dwaraka Nagar
C5094	Commercial	39.69	East	Madhurawada
C5095	Domestic	7.29	South	Seethammadhara
C5096	Domestic	9.57	North	Rushikonda
C5097	Domestic	3.92	North	MVP Colony
C5098	Domestic	2.19	Central	Madhurawada
C5099	Domestic	8.52	Central	NAD
C5100	Domestic	9.99	South	Dwaraka Nagar
C5101	Domestic	6.42	Central	Seethammadhara
C5102	Domestic	2	Central	Madhurawada
C5103	Domestic	8.13	North	Gajuwaka
C5104	Domestic	2.13	South	NAD
C5105	Domestic	6.09	Central	Gajuwaka
C5106	Domestic	3.86	South	Akkayyapalem
C5107	Industrial	94.05	East	Madhurawada
C5108	Domestic	5.34	North	Madhurawada
C5109	Commercial	45.74	North	Madhurawada
C5110	Domestic	4.04	North	Akkayyapalem
C5111	Domestic	4.79	West	Rushikonda
C5112	Domestic	9.55	South	MVP Colony
C5113	Domestic	3.21	East	NAD
C5114	Domestic	6.42	Central	NAD
C5115	Domestic	4.8	East	Seethammadhara
C5116	Domestic	8.08	South	Seethammadhara
C5117	Commercial	13.43	North	Seethammadhara
C5118	Domestic	5.22	West	NAD
C5119	Domestic	7.44	South	MVP Colony
C5120	Commercial	25.09	South	Rushikonda
C5121	Domestic	2	Central	Madhurawada
C5122	Domestic	7.49	East	Madhurawada
C5123	Domestic	5.78	East	Akkayyapalem
C5124	Commercial	8.47	Central	Gajuwaka
C5125	Commercial	33.73	West	MVP Colony
C5126	Domestic	9.32	North	Dwaraka Nagar
C5127	Domestic	2.44	North	MVP Colony
C5128	Commercial	32.81	West	Akkayyapalem
C5129	Domestic	7.69	Central	Rushikonda
C5130	Domestic	2.1	South	Gajuwaka
C5131	Domestic	1.69	East	Gajuwaka
C5132	Domestic	5.45	South	Seethammadhara
C5133	Domestic	8.23	East	Seethammadhara
C5134	Domestic	2.87	South	Gajuwaka
C5135	Domestic	8.61	Central	Madhurawada
C5136	Domestic	7.08	Central	Dwaraka Nagar
C5137	Commercial	21.95	West	Gajuwaka
C5138	Domestic	5.88	South	NAD
C5139	Domestic	9.71	South	Madhurawada
C5140	Domestic	3.34	West	Rushikonda
C5141	Domestic	5.75	West	Rushikonda
C5142	Domestic	6.81	Central	Dwaraka Nagar
C5143	Domestic	2.67	Central	NAD
C5144	Commercial	9.83	South	Dwaraka Nagar
C5145	Commercial	8.57	Central	Akkayyapalem
C5146	Domestic	4.26	Central	Dwaraka Nagar
C5147	Domestic	2.13	South	NAD
C5148	Domestic	8.33	West	MVP Colony
C5149	Commercial	49.89	South	Dwaraka Nagar
C5150	Commercial	10.57	North	MVP Colony
C5151	Domestic	5.18	South	Dwaraka Nagar
C5152	Domestic	1.72	North	Akkayyapalem
C5153	Commercial	13.63	South	NAD
C5154	Domestic	4.24	North	Dwaraka Nagar
C5155	Domestic	4.85	North	Gajuwaka
C5156	Domestic	9.49	South	Akkayyapalem
C5157	Domestic	4.86	Central	Gajuwaka
C5158	Commercial	28.84	East	Rushikonda
C5159	Industrial	47.19	Central	Rushikonda
C5160	Domestic	1.5	North	Akkayyapalem
C5161	Domestic	9.14	South	Akkayyapalem
C5162	Domestic	2.19	South	Seethammadhara
C5163	Domestic	9.7	South	Dwaraka Nagar
C5164	Domestic	2.61	South	NAD
C5165	Domestic	6.64	East	Seethammadhara
C5166	Domestic	9.99	West	NAD
C5167	Domestic	2.68	North	Madhurawada
C5168	Domestic	5.1	East	NAD
C5169	Domestic	8.13	Central	MVP Colony
C5170	Domestic	1.77	West	Dwaraka Nagar
C5171	Domestic	7.36	West	Gajuwaka
C5172	Industrial	35.63	South	NAD
C5173	Domestic	3.51	East	Gajuwaka
C5174	Domestic	2.86	Central	Madhurawada
C5175	Commercial	46.11	South	Dwaraka Nagar
C5176	Industrial	42.63	South	NAD
C5177	Domestic	1.84	North	Seethammadhara
C5178	Commercial	32.68	West	Gajuwaka
C5179	Domestic	4.44	Central	Seethammadhara
C5180	Domestic	4.95	West	Akkayyapalem
C5181	Domestic	2.51	East	Seethammadhara
C5182	Domestic	7.86	North	NAD
C5183	Domestic	6.61	South	Madhurawada
C5184	Domestic	4.6	North	Seethammadhara
C5185	Domestic	2.96	South	Akkayyapalem
C5186	Domestic	6.54	North	Gajuwaka
C5187	Domestic	8.12	South	Gajuwaka
C5188	Domestic	4.16	West	Dwaraka Nagar
C5189	Domestic	1.72	West	Seethammadhara
C5190	Commercial	17	West	Seethammadhara
C5191	Commercial	36.66	West	Dwaraka Nagar
C5192	Commercial	49.54	North	Gajuwaka
C5193	Domestic	1.61	South	Akkayyapalem
C5194	Commercial	20.86	West	Rushikonda
C5195	Domestic	2.03	North	Seethammadhara
C5196	Domestic	4.19	South	Rushikonda
C5197	Domestic	4.95	North	Dwaraka Nagar
C5198	Domestic	9.33	West	Rushikonda
C5199	Domestic	2.18	East	Gajuwaka
C5200	Domestic	8.11	North	Akkayyapalem
C5201	Commercial	24.61	West	MVP Colony
C5202	Domestic	8.4	Central	NAD
C5203	Domestic	5.86	South	Seethammadhara
C5204	Industrial	32.75	West	MVP Colony
C5205	Domestic	9.54	Central	MVP Colony
C5206	Domestic	2.2	North	NAD
C5207	Domestic	6.58	North	Gajuwaka
C5208	Domestic	8.96	Central	Rushikonda
C5209	Domestic	2.18	Central	Gajuwaka
C5210	Domestic	6.21	South	Dwaraka Nagar
C5211	Domestic	8.51	North	Madhurawada
C5212	Domestic	9.88	Central	Gajuwaka
C5213	Domestic	7.66	East	Rushikonda
C5214	Domestic	3.87	East	NAD
C5215	Domestic	7.45	Central	Madhurawada
C5216	Commercial	37.64	South	NAD
C5217	Domestic	7.45	North	NAD
C5218	Domestic	8.76	East	NAD
C5219	Domestic	2.24	Central	Seethammadhara
C5220	Domestic	2.42	Central	Seethammadhara
C5221	Domestic	6.95	West	Madhurawada
C5222	Domestic	9.61	Central	MVP Colony
C5223	Commercial	27.57	South	Rushikonda
C5224	Commercial	48.34	East	Seethammadhara
C5225	Domestic	9.47	West	Akkayyapalem
C5226	Commercial	45.92	East	NAD
C5227	Domestic	9.23	East	Rushikonda
C5228	Domestic	9.14	South	Seethammadhara
C5229	Domestic	8.47	Central	Dwaraka Nagar
C5230	Domestic	7.41	South	Gajuwaka
C5231	Commercial	9.03	Central	Akkayyapalem
C5232	Domestic	2.62	West	Rushikonda
C5233	Domestic	2.64	South	Gajuwaka
C5234	Commercial	8.99	South	Gajuwaka
C5235	Domestic	2.49	North	Madhurawada
C5236	Domestic	9.32	South	Dwaraka Nagar
C5237	Domestic	7.14	North	Dwaraka Nagar
C5238	Commercial	21.11	Central	Akkayyapalem
C5239	Commercial	41.32	Central	Dwaraka Nagar
C5240	Domestic	5.65	Central	Dwaraka Nagar
C5241	Domestic	2.71	North	Rushikonda
C5242	Domestic	9.02	Central	Dwaraka Nagar
C5243	Commercial	22.22	East	Akkayyapalem
C5244	Domestic	7.44	South	MVP Colony
C5245	Domestic	3.97	North	Dwaraka Nagar
C5246	Commercial	29	Central	Seethammadhara
C5247	Domestic	8.44	East	Rushikonda
C5248	Domestic	2.83	South	Rushikonda
C5249	Domestic	9.81	South	Dwaraka Nagar
C5250	Industrial	34.92	Central	Madhurawada
C5251	Domestic	6.04	East	Madhurawada
C5252	Domestic	9.29	North	Seethammadhara
C5253	Domestic	9.54	Central	Dwaraka Nagar
C5254	Domestic	3.47	South	MVP Colony
C5255	Domestic	2.72	South	Rushikonda
C5256	Domestic	7.66	South	Dwaraka Nagar
C5257	Industrial	32.94	Central	Seethammadhara
C5258	Domestic	5.62	West	Dwaraka Nagar
C5259	Domestic	8.27	West	Dwaraka Nagar
C5260	Domestic	6.26	West	NAD
C5261	Domestic	3.1	East	MVP Colony
C5262	Commercial	28.46	Central	Gajuwaka
C5263	Domestic	9.33	South	Seethammadhara
C5264	Domestic	6.75	East	Dwaraka Nagar
C5265	Domestic	7.63	West	Seethammadhara
C5266	Domestic	4.36	North	Gajuwaka
C5267	Domestic	3.1	East	MVP Colony
C5268	Domestic	3.67	East	Rushikonda
C5269	Commercial	30.39	Central	Seethammadhara
C5270	Commercial	19.77	East	Dwaraka Nagar
C5271	Domestic	6.11	Central	Rushikonda
C5272	Industrial	79.55	North	Gajuwaka
C5273	Domestic	7.74	South	Seethammadhara
C5274	Domestic	2.9	South	Akkayyapalem
C5275	Domestic	7.88	West	Gajuwaka
C5276	Domestic	7.22	West	MVP Colony
C5277	Domestic	1.6	North	Dwaraka Nagar
C5278	Domestic	2	South	NAD
C5279	Domestic	6.99	West	MVP Colony
C5280	Domestic	4.76	East	Rushikonda
C5281	Domestic	2.74	Central	NAD
C5282	Commercial	9.86	West	Dwaraka Nagar
C5283	Domestic	2.85	North	Gajuwaka
C5284	Domestic	9.64	South	Akkayyapalem
C5285	Domestic	7.68	North	Akkayyapalem
C5286	Domestic	5.99	Central	Seethammadhara
C5287	Commercial	47.54	Central	Rushikonda
C5288	Domestic	6.76	North	MVP Colony
C5289	Domestic	7.67	West	MVP Colony
C5290	Commercial	19.87	West	Rushikonda
C5291	Domestic	6.51	South	MVP Colony
C5292	Domestic	2.72	South	Madhurawada
C5293	Domestic	4.94	East	Akkayyapalem
C5294	Commercial	9.4	East	Akkayyapalem
C5295	Domestic	3.34	South	Dwaraka Nagar
C5296	Domestic	2.14	East	Madhurawada
C5297	Domestic	4.8	North	MVP Colony
C5298	Domestic	8.67	West	MVP Colony
C5299	Domestic	4.71	East	Rushikonda
C5300	Domestic	8.57	East	NAD
C5301	Domestic	7.08	North	Seethammadhara
C5302	Commercial	29.4	Central	Madhurawada
C5303	Commercial	17.95	South	Seethammadhara
C5304	Domestic	9.34	North	Gajuwaka
C5305	Commercial	10.28	Central	Seethammadhara
C5306	Domestic	7.36	North	Akkayyapalem
C5307	Domestic	6.78	West	Dwaraka Nagar
C5308	Domestic	5.25	North	Gajuwaka
C5309	Commercial	18.09	North	Gajuwaka
C5310	Commercial	26.09	West	Rushikonda
C5311	Domestic	8.92	South	Dwaraka Nagar
C5312	Commercial	43.14	Central	MVP Colony
C5313	Domestic	9.5	East	Akkayyapalem
C5314	Commercial	20.93	South	Rushikonda
C5315	Industrial	57.1	North	NAD
C5316	Domestic	1.66	East	MVP Colony
C5317	Commercial	47.6	West	Seethammadhara
C5318	Domestic	4.3	South	MVP Colony
C5319	Domestic	4.94	Central	Madhurawada
C5320	Domestic	9.22	South	Rushikonda
C5321	Domestic	5.98	South	Gajuwaka
C5322	Commercial	31.78	East	Gajuwaka
C5323	Domestic	3	West	Akkayyapalem
C5324	Domestic	5.74	West	Seethammadhara
C5325	Commercial	46.56	South	Rushikonda
C5326	Industrial	69.11	West	Gajuwaka
C5327	Domestic	3.67	East	Rushikonda
C5328	Industrial	32.18	East	NAD
C5329	Domestic	4.36	Central	NAD
C5330	Commercial	32.05	West	Seethammadhara
C5331	Domestic	1.86	Central	Rushikonda
C5332	Domestic	6.68	North	NAD
C5333	Domestic	5.95	East	Dwaraka Nagar
C5334	Domestic	8.16	South	Seethammadhara
C5335	Domestic	1.75	East	Akkayyapalem
C5336	Domestic	8.14	North	NAD
C5337	Domestic	5.93	South	Rushikonda
C5338	Commercial	23.56	West	Madhurawada
C5339	Domestic	9.71	West	Madhurawada
C5340	Domestic	2.86	East	MVP Colony
C5341	Domestic	6.1	South	MVP Colony
C5342	Domestic	4.23	South	Akkayyapalem
C5343	Commercial	30.15	Central	Seethammadhara
C5344	Commercial	31.2	North	MVP Colony
C5345	Domestic	2.26	West	MVP Colony
C5346	Domestic	7.12	East	Madhurawada
C5347	Commercial	34.65	South	MVP Colony
C5348	Domestic	8.04	West	Rushikonda
C5349	Commercial	11.81	East	Madhurawada
C5350	Domestic	4.03	West	NAD
C5351	Commercial	35.3	East	NAD
C5352	Domestic	2.66	West	Akkayyapalem
C5353	Domestic	7.26	Central	Dwaraka Nagar
C5354	Industrial	34.13	North	MVP Colony
C5355	Domestic	4.35	West	NAD
C5356	Domestic	8.7	North	NAD
C5357	Domestic	8.08	West	Seethammadhara
C5358	Domestic	6.98	South	Akkayyapalem
C5359	Domestic	8.9	Central	Rushikonda
C5360	Domestic	7.53	Central	Gajuwaka
C5361	Domestic	5.91	North	Gajuwaka
C5362	Domestic	9.83	South	Akkayyapalem
C5363	Commercial	37.18	East	Madhurawada
C5364	Domestic	6.61	Central	Dwaraka Nagar
C5365	Domestic	4.98	South	Seethammadhara
C5366	Domestic	9.17	South	Seethammadhara
C5367	Domestic	4.01	North	Akkayyapalem
C5368	Domestic	1.58	South	Rushikonda
C5369	Domestic	3.17	South	Gajuwaka
C5370	Domestic	2.43	East	Dwaraka Nagar
C5371	Domestic	4.21	North	NAD
C5372	Domestic	8.52	North	Akkayyapalem
C5373	Domestic	7.04	South	Madhurawada
C5374	Domestic	2.94	East	Dwaraka Nagar
C5375	Domestic	8.2	West	Gajuwaka
C5376	Domestic	5.79	Central	NAD
C5377	Domestic	5.86	North	Akkayyapalem
C5378	Commercial	23.21	East	Seethammadhara
C5379	Domestic	8.85	East	MVP Colony
C5380	Domestic	4.21	South	Seethammadhara
C5381	Domestic	2.3	Central	Rushikonda
C5382	Domestic	4.07	North	Rushikonda
C5383	Domestic	7.58	West	Seethammadhara
C5384	Domestic	7.09	South	NAD
C5385	Commercial	15.9	North	Gajuwaka
C5386	Domestic	2.45	North	Akkayyapalem
C5387	Industrial	76.26	East	Gajuwaka
C5388	Domestic	7.25	Central	MVP Colony
C5389	Domestic	4.61	West	Rushikonda
C5390	Domestic	8.66	Central	Seethammadhara
C5391	Domestic	9.81	East	NAD
C5392	Domestic	3.25	West	Dwaraka Nagar
C5393	Domestic	6.41	West	Dwaraka Nagar
C5394	Domestic	1.55	South	NAD
C5395	Commercial	37.95	West	Rushikonda
C5396	Commercial	25.4	North	Dwaraka Nagar
C5397	Domestic	3.14	Central	Seethammadhara
C5398	Domestic	7.89	Central	Rushikonda
C5399	Domestic	8.39	South	Akkayyapalem
C5400	Domestic	2.44	West	NAD
C5401	Domestic	1.85	East	NAD
C5402	Domestic	4.34	North	Gajuwaka
C5403	Domestic	6.82	South	Madhurawada
C5404	Domestic	8.24	West	Gajuwaka
C5405	Industrial	68.22	East	Dwaraka Nagar
C5406	Domestic	6.44	West	Madhurawada
C5407	Commercial	41.59	South	NAD
C5408	Domestic	6	East	Dwaraka Nagar
C5409	Domestic	6.69	East	Rushikonda
C5410	Domestic	5.89	East	MVP Colony
C5411	Domestic	8.98	East	Dwaraka Nagar
C5412	Domestic	3.5	West	Madhurawada
C5413	Domestic	3.74	East	Madhurawada
C5414	Domestic	2.59	West	NAD
C5415	Domestic	8.47	East	Akkayyapalem
C5416	Domestic	5	East	MVP Colony
C5417	Domestic	4.46	South	NAD
C5418	Domestic	9.84	West	MVP Colony
C5419	Domestic	9.38	West	MVP Colony
C5420	Domestic	9.76	Central	NAD
C5421	Domestic	2.71	South	Seethammadhara
C5422	Industrial	92.39	West	Dwaraka Nagar
C5423	Domestic	4.29	South	Rushikonda
C5424	Commercial	8.53	South	Gajuwaka
C5425	Domestic	4.83	South	MVP Colony
C5426	Domestic	5.83	North	Rushikonda
C5427	Domestic	2.42	West	Seethammadhara
C5428	Domestic	6.07	South	Madhurawada
C5429	Domestic	8.47	North	NAD
C5430	Commercial	23.86	North	Akkayyapalem
C5431	Domestic	4.5	East	Seethammadhara
C5432	Domestic	4.38	East	Dwaraka Nagar
C5433	Domestic	9.35	West	Rushikonda
C5434	Commercial	10.05	East	Seethammadhara
C5435	Domestic	5.28	West	MVP Colony
C5436	Domestic	3.75	North	Akkayyapalem
C5437	Domestic	9.1	North	Seethammadhara
C5438	Commercial	12.03	West	Dwaraka Nagar
C5439	Industrial	58.8	East	Rushikonda
C5440	Domestic	4.96	East	Seethammadhara
C5441	Commercial	45.31	West	NAD
C5442	Commercial	17.05	Central	Akkayyapalem
C5443	Domestic	6.98	East	Madhurawada
C5444	Domestic	2.64	South	MVP Colony
C5445	Domestic	9.61	East	Rushikonda
C5446	Industrial	71.51	Central	MVP Colony
C5447	Domestic	6.82	North	Akkayyapalem
C5448	Commercial	26.22	North	Dwaraka Nagar
C5449	Domestic	4.41	North	NAD
C5450	Commercial	16.93	East	Seethammadhara
C5451	Domestic	6.63	North	Rushikonda
C5452	Domestic	9.61	Central	Seethammadhara
C5453	Commercial	23.11	Central	Gajuwaka
C5454	Commercial	45.09	East	MVP Colony
C5455	Commercial	14.25	South	Seethammadhara
C5456	Domestic	9.46	East	Madhurawada
C5457	Domestic	4.48	North	MVP Colony
C5458	Domestic	4.73	East	MVP Colony
C5459	Domestic	5.43	Central	Gajuwaka
C5460	Domestic	7.61	East	Gajuwaka
C5461	Domestic	7.62	East	NAD
C5462	Domestic	5.58	South	Seethammadhara
C5463	Industrial	66.62	Central	Seethammadhara
C5464	Domestic	1.76	West	MVP Colony
C5465	Domestic	4.09	West	MVP Colony
C5466	Domestic	4.44	Central	Dwaraka Nagar
C5467	Domestic	6.25	West	Dwaraka Nagar
C5468	Domestic	6.25	North	Seethammadhara
C5469	Commercial	37.82	West	Rushikonda
C5470	Commercial	38.12	North	Akkayyapalem
C5471	Commercial	17.88	Central	Akkayyapalem
C5472	Industrial	83.91	West	Madhurawada
C5473	Domestic	1.67	West	Seethammadhara
C5474	Domestic	7.59	North	Seethammadhara
C5475	Domestic	2.37	North	Seethammadhara
C5476	Domestic	7.7	East	Madhurawada
C5477	Domestic	5.98	South	Dwaraka Nagar
C5478	Domestic	5.22	West	Akkayyapalem
C5479	Domestic	7.37	South	Seethammadhara
C5480	Domestic	1.81	South	Madhurawada
C5481	Domestic	3.4	West	MVP Colony
C5482	Domestic	6.74	North	Rushikonda
C5483	Domestic	8.7	East	Akkayyapalem
C5484	Domestic	4.74	Central	Gajuwaka
C5485	Domestic	3.7	West	Akkayyapalem
C5486	Commercial	29.79	West	MVP Colony
C5487	Domestic	6.79	Central	Dwaraka Nagar
C5488	Domestic	5.07	South	NAD
C5489	Commercial	44.82	East	NAD
C5490	Domestic	5.95	South	Dwaraka Nagar
C5491	Domestic	1.8	Central	Rushikonda
C5492	Domestic	3.4	Central	MVP Colony
C5493	Domestic	5.33	East	Madhurawada
C5494	Commercial	37.3	Central	Akkayyapalem
C5495	Commercial	17.23	Central	Akkayyapalem
C5496	Domestic	9.8	East	Madhurawada
C5497	Domestic	4.21	West	NAD
C5498	Domestic	6.03	South	Seethammadhara
C5499	Domestic	1.66	West	Seethammadhara
C5500	Domestic	9.02	West	Dwaraka Nagar
C5501	Domestic	8.21	South	Seethammadhara
C5502	Domestic	3.16	West	Dwaraka Nagar
C5503	Domestic	9.43	East	Seethammadhara
C5504	Domestic	4.18	South	Gajuwaka
C5505	Domestic	7.38	North	NAD
C5506	Domestic	8.46	West	Rushikonda
C5507	Commercial	39.12	Central	Dwaraka Nagar
C5508	Domestic	9.3	South	Gajuwaka
C5509	Domestic	8.85	North	Madhurawada
C5510	Commercial	49.77	Central	NAD
C5511	Domestic	3.05	North	NAD
C5512	Domestic	4.09	West	Dwaraka Nagar
C5513	Domestic	6.91	Central	Dwaraka Nagar
C5514	Domestic	7.73	West	MVP Colony
C5515	Domestic	6.04	Central	Seethammadhara
C5516	Domestic	2.13	South	Madhurawada
C5517	Domestic	8.65	East	Madhurawada
C5518	Commercial	48.36	East	Akkayyapalem
C5519	Domestic	4.95	North	Gajuwaka
C5520	Domestic	3.41	Central	Rushikonda
C5521	Commercial	8.81	West	Gajuwaka
C5522	Domestic	3.52	South	MVP Colony
C5523	Commercial	37.4	South	Akkayyapalem
C5524	Domestic	9.25	South	Madhurawada
C5525	Commercial	11.93	East	Seethammadhara
C5526	Domestic	6.2	West	Seethammadhara
C5527	Commercial	37.21	South	Rushikonda
C5528	Commercial	19.61	South	Seethammadhara
C5529	Domestic	6.34	North	Seethammadhara
C5530	Domestic	7.58	Central	Gajuwaka
C5531	Domestic	8.62	Central	Madhurawada
C5532	Domestic	5.35	Central	Seethammadhara
C5533	Domestic	7.86	North	Madhurawada
C5534	Domestic	4.07	East	Akkayyapalem
C5535	Domestic	3.31	North	Gajuwaka
C5536	Domestic	3.09	South	Dwaraka Nagar
C5537	Domestic	4.55	West	Dwaraka Nagar
C5538	Domestic	1.8	South	Akkayyapalem
C5539	Domestic	3.91	South	Gajuwaka
C5540	Domestic	7.04	West	Rushikonda
C5541	Domestic	7.01	Central	MVP Colony
C5542	Domestic	2.13	North	NAD
C5543	Domestic	3.94	East	Akkayyapalem
C5544	Domestic	6.34	South	Madhurawada
C5545	Domestic	4.21	South	Akkayyapalem
C5546	Commercial	25.56	East	NAD
C5547	Domestic	7.56	North	Rushikonda
C5548	Domestic	1.58	South	Akkayyapalem
C5549	Domestic	3.85	East	Gajuwaka
C5550	Commercial	13.98	South	Madhurawada
C5551	Commercial	13.36	Central	NAD
C5552	Domestic	9.65	Central	Seethammadhara
C5553	Domestic	4.7	South	Dwaraka Nagar
C5554	Commercial	30.14	South	MVP Colony
C5555	Domestic	7.74	Central	Akkayyapalem
C5556	Domestic	1.9	South	Akkayyapalem
C5557	Domestic	3.55	North	NAD
C5558	Domestic	8.57	North	MVP Colony
C5559	Commercial	44.2	West	Akkayyapalem
C5560	Industrial	56.11	North	Rushikonda
C5561	Commercial	23.74	South	Dwaraka Nagar
C5562	Domestic	7.93	South	NAD
C5563	Commercial	20.39	East	Gajuwaka
C5564	Domestic	2.5	North	Madhurawada
C5565	Domestic	3.69	Central	Dwaraka Nagar
C5566	Commercial	24.27	Central	MVP Colony
C5567	Domestic	1.94	West	MVP Colony
C5568	Domestic	5.57	East	Dwaraka Nagar
C5569	Domestic	7.79	Central	Seethammadhara
C5570	Commercial	29.58	West	Gajuwaka
C5571	Domestic	2.11	North	Akkayyapalem
C5572	Domestic	5.24	East	Gajuwaka
C5573	Domestic	7.53	East	Akkayyapalem
C5574	Commercial	10.44	South	Akkayyapalem
C5575	Commercial	10.51	North	MVP Colony
C5576	Domestic	4.65	East	Akkayyapalem
C5577	Domestic	3.16	West	Dwaraka Nagar
C5578	Domestic	9.45	Central	Seethammadhara
C5579	Industrial	70.69	North	Akkayyapalem
C5580	Domestic	3.94	North	Dwaraka Nagar
C5581	Commercial	37.6	East	Madhurawada
C5582	Domestic	4.69	East	MVP Colony
C5583	Commercial	13.55	East	Rushikonda
C5584	Commercial	17.96	West	Gajuwaka
C5585	Domestic	6.96	South	NAD
C5586	Industrial	33.63	East	Gajuwaka
C5587	Domestic	3.82	South	Gajuwaka
C5588	Domestic	3.27	South	Seethammadhara
C5589	Domestic	3.21	North	Rushikonda
C5590	Commercial	36.68	Central	NAD
C5591	Domestic	8.52	Central	Seethammadhara
C5592	Domestic	7.58	West	Rushikonda
C5593	Domestic	6.99	West	MVP Colony
C5594	Domestic	9.29	Central	Akkayyapalem
C5595	Domestic	2	Central	Madhurawada
C5596	Domestic	2.92	North	Gajuwaka
C5597	Commercial	25.41	North	Seethammadhara
C5598	Domestic	4.67	Central	Akkayyapalem
C5599	Domestic	5.05	East	Gajuwaka
C5600	Domestic	3.25	East	MVP Colony
C5601	Domestic	2.77	North	MVP Colony
C5602	Commercial	29.39	South	Dwaraka Nagar
C5603	Commercial	46.98	Central	MVP Colony
C5604	Domestic	4.83	West	Rushikonda
C5605	Commercial	9.82	East	MVP Colony
C5606	Commercial	37.66	South	Gajuwaka
C5607	Commercial	20.23	East	Madhurawada
C5608	Domestic	3.58	South	Seethammadhara
C5609	Industrial	52.7	Central	Gajuwaka
C5610	Domestic	7.65	Central	Seethammadhara
C5611	Domestic	8.46	Central	Akkayyapalem
C5612	Domestic	6.5	North	Seethammadhara
C5613	Domestic	4.24	South	MVP Colony
C5614	Domestic	4.14	West	Dwaraka Nagar
C5615	Domestic	2.56	West	Madhurawada
C5616	Domestic	9.43	Central	Dwaraka Nagar
C5617	Commercial	34.8	West	NAD
C5618	Commercial	9.13	East	Dwaraka Nagar
C5619	Domestic	7.13	South	Rushikonda
C5620	Commercial	26.78	South	Dwaraka Nagar
C5621	Commercial	48.85	South	Akkayyapalem
C5622	Commercial	42.4	East	MVP Colony
C5623	Domestic	2.96	North	Rushikonda
C5624	Domestic	7.62	East	Akkayyapalem
C5625	Commercial	28.39	South	MVP Colony
C5626	Domestic	3.09	South	Rushikonda
C5627	Domestic	7.44	South	Akkayyapalem
C5628	Domestic	6.15	West	MVP Colony
C5629	Domestic	1.76	North	Rushikonda
C5630	Domestic	7	East	Rushikonda
C5631	Domestic	6.9	South	Rushikonda
C5632	Domestic	2.72	Central	Seethammadhara
C5633	Commercial	22.66	North	MVP Colony
C5634	Commercial	32.61	Central	Rushikonda
C5635	Domestic	2.68	North	MVP Colony
C5636	Industrial	89.69	South	Dwaraka Nagar
C5637	Domestic	1.73	North	NAD
C5638	Domestic	2.37	North	MVP Colony
C5639	Commercial	12.88	South	NAD
C5640	Commercial	30.18	Central	NAD
C5641	Commercial	34.04	Central	Gajuwaka
C5642	Domestic	4.93	West	Gajuwaka
C5643	Commercial	20.12	Central	Madhurawada
C5644	Domestic	8.38	Central	Seethammadhara
C5645	Commercial	10.87	North	Rushikonda
C5646	Commercial	19.77	West	Rushikonda
C5647	Domestic	1.83	South	Rushikonda
C5648	Domestic	1.62	South	Akkayyapalem
C5649	Commercial	22.84	East	Gajuwaka
C5650	Domestic	3.16	West	MVP Colony
C5651	Domestic	3.78	North	NAD
C5652	Commercial	42.48	East	Akkayyapalem
C5653	Domestic	2.89	East	Rushikonda
C5654	Commercial	40.77	South	Madhurawada
C5655	Domestic	7.24	Central	Rushikonda
C5656	Domestic	4.27	North	Gajuwaka
C5657	Commercial	30.96	West	Dwaraka Nagar
C5658	Domestic	5.28	East	Seethammadhara
C5659	Domestic	2.59	North	Akkayyapalem
C5660	Commercial	46.1	South	Madhurawada
C5661	Domestic	6.34	East	MVP Colony
C5662	Domestic	8.98	East	Akkayyapalem
C5663	Domestic	8.5	South	NAD
C5664	Commercial	11.35	South	MVP Colony
C5665	Commercial	16.71	South	MVP Colony
C5666	Commercial	14.1	North	Akkayyapalem
C5667	Domestic	8.56	North	Rushikonda
C5668	Commercial	44.22	North	Dwaraka Nagar
C5669	Domestic	5.99	Central	Dwaraka Nagar
C5670	Domestic	2.39	East	Rushikonda
C5671	Domestic	2.65	North	Akkayyapalem
C5672	Commercial	42.17	Central	Rushikonda
C5673	Commercial	47.03	East	Akkayyapalem
C5674	Domestic	3.2	North	Akkayyapalem
C5675	Domestic	1.59	South	Seethammadhara
C5676	Commercial	21.9	West	Seethammadhara
C5677	Domestic	1.76	North	NAD
C5678	Industrial	87.96	West	Gajuwaka
C5679	Domestic	5.68	North	MVP Colony
C5680	Domestic	6.96	South	Akkayyapalem
C5681	Domestic	5	West	Seethammadhara
C5682	Domestic	4.44	Central	Gajuwaka
C5683	Commercial	17.33	South	NAD
C5684	Domestic	8.05	West	MVP Colony
C5685	Commercial	37.21	West	Gajuwaka
C5686	Domestic	4.57	South	MVP Colony
C5687	Domestic	4.23	South	Rushikonda
C5688	Domestic	1.51	South	Dwaraka Nagar
C5689	Domestic	2.04	East	Akkayyapalem
C5690	Industrial	73.63	Central	Rushikonda
C5691	Domestic	5.87	North	Dwaraka Nagar
C5692	Domestic	5.2	West	Madhurawada
C5693	Domestic	8.53	North	NAD
C5694	Domestic	5.78	South	Akkayyapalem
C5695	Domestic	4.77	Central	Rushikonda
C5696	Commercial	14.77	Central	Gajuwaka
C5697	Domestic	8.48	East	MVP Colony
C5698	Domestic	6.4	South	Seethammadhara
C5699	Domestic	2.29	West	Madhurawada
C5700	Industrial	75.42	East	NAD
C5701	Domestic	5.11	South	NAD
C5702	Domestic	8.4	East	NAD
C5703	Domestic	9.31	North	Gajuwaka
C5704	Domestic	6.6	South	Rushikonda
C5705	Domestic	7.72	West	Akkayyapalem
C5706	Domestic	1.98	West	Dwaraka Nagar
C5707	Commercial	31.53	South	Madhurawada
C5708	Domestic	7.92	East	Rushikonda
C5709	Commercial	28.86	Central	Gajuwaka
C5710	Domestic	6.55	South	MVP Colony
C5711	Domestic	9.14	West	Gajuwaka
C5712	Domestic	3.18	North	MVP Colony
C5713	Domestic	2.34	West	MVP Colony
C5714	Commercial	37.01	Central	NAD
C5715	Domestic	8.49	West	Gajuwaka
C5716	Domestic	8.73	Central	Dwaraka Nagar
C5717	Domestic	6.95	South	MVP Colony
C5718	Industrial	88.32	West	Seethammadhara
C5719	Domestic	7.46	East	NAD
C5720	Commercial	11.67	East	Dwaraka Nagar
C5721	Domestic	7.98	West	Rushikonda
C5722	Domestic	3.02	West	Rushikonda
C5723	Domestic	3.51	North	Rushikonda
C5724	Domestic	4.85	West	Gajuwaka
C5725	Domestic	4.17	North	Dwaraka Nagar
C5726	Domestic	4.23	North	Gajuwaka
C5727	Commercial	15.11	North	MVP Colony
C5728	Commercial	20.34	North	Rushikonda
C5729	Commercial	8.83	South	Madhurawada
C5730	Domestic	5.52	East	Madhurawada
C5731	Domestic	8.03	North	Rushikonda
C5732	Domestic	8.83	East	Akkayyapalem
C5733	Commercial	42.46	North	Akkayyapalem
C5734	Commercial	25.49	East	MVP Colony
C5735	Domestic	7.71	West	Dwaraka Nagar
C5736	Domestic	3.95	West	Gajuwaka
C5737	Domestic	1.97	East	Rushikonda
C5738	Domestic	7.25	North	Madhurawada
C5739	Domestic	7.01	South	Rushikonda
C5740	Domestic	8.31	East	Gajuwaka
C5741	Commercial	33.88	Central	MVP Colony
C5742	Domestic	2.83	South	Dwaraka Nagar
C5743	Domestic	8.75	Central	Seethammadhara
C5744	Industrial	73.91	East	Gajuwaka
C5745	Domestic	8.36	North	Rushikonda
C5746	Domestic	8.08	Central	Dwaraka Nagar
C5747	Domestic	4.03	East	Seethammadhara
C5748	Domestic	2.13	South	Madhurawada
C5749	Domestic	3	North	Gajuwaka
C5750	Commercial	11.9	Central	NAD
C5751	Domestic	3.57	East	Madhurawada
C5752	Domestic	5.41	North	Dwaraka Nagar
C5753	Domestic	9.21	North	MVP Colony
C5754	Domestic	8.91	West	NAD
C5755	Commercial	38.18	North	Akkayyapalem
C5756	Commercial	9.01	East	Gajuwaka
C5757	Domestic	4.4	South	Rushikonda
C5758	Commercial	36.66	West	Akkayyapalem
C5759	Domestic	2.6	East	Madhurawada
C5760	Industrial	86.08	East	Rushikonda
C5761	Domestic	9.27	East	Gajuwaka
C5762	Industrial	54.79	Central	Gajuwaka
C5763	Commercial	37.65	Central	NAD
C5764	Domestic	2.76	South	NAD
C5765	Domestic	7.37	East	NAD
C5766	Industrial	31.5	Central	NAD
C5767	Commercial	14.33	Central	MVP Colony
C5768	Domestic	7.53	Central	Rushikonda
C5769	Commercial	37.9	South	Rushikonda
C5770	Domestic	6.95	South	Dwaraka Nagar
C5771	Domestic	5.56	East	NAD
C5772	Domestic	7.24	West	Madhurawada
C5773	Domestic	8.08	East	Rushikonda
C5774	Commercial	48.59	Central	Gajuwaka
C5775	Domestic	9.05	Central	Akkayyapalem
C5776	Commercial	41.37	North	NAD
C5777	Domestic	7.41	East	Madhurawada
C5778	Domestic	6.38	Central	MVP Colony
C5779	Domestic	2.53	Central	Madhurawada
C5780	Domestic	2.91	West	Akkayyapalem
C5781	Domestic	8.47	North	Akkayyapalem
C5782	Domestic	8.33	East	Madhurawada
C5783	Domestic	6.72	South	MVP Colony
C5784	Domestic	5.23	East	Rushikonda
C5785	Domestic	1.72	East	Akkayyapalem
C5786	Domestic	4.28	West	MVP Colony
C5787	Commercial	25.67	East	Gajuwaka
C5788	Commercial	28.4	West	NAD
C5789	Domestic	9.4	West	Akkayyapalem
C5790	Domestic	2.42	Central	Madhurawada
C5791	Domestic	5.91	South	Rushikonda
C5792	Industrial	55.75	West	Dwaraka Nagar
C5793	Domestic	9.92	North	Dwaraka Nagar
C5794	Domestic	8.83	North	Seethammadhara
C5795	Domestic	5.23	South	Gajuwaka
C5796	Domestic	10	West	Dwaraka Nagar
C5797	Domestic	5.87	South	Gajuwaka
C5798	Commercial	15.02	Central	Rushikonda
C5799	Domestic	6.22	North	NAD
C5800	Domestic	3.42	East	Seethammadhara
C5801	Domestic	6.91	North	Gajuwaka
C5802	Domestic	9.47	West	MVP Colony
C5803	Commercial	41.02	South	MVP Colony
C5804	Domestic	3.82	North	Seethammadhara
C5805	Commercial	20.47	East	Rushikonda
C5806	Domestic	2.09	East	Rushikonda
C5807	Domestic	3.93	South	MVP Colony
C5808	Industrial	36.48	South	Akkayyapalem
C5809	Domestic	5.75	North	MVP Colony
C5810	Commercial	37.75	West	MVP Colony
C5811	Domestic	7.89	Central	Rushikonda
C5812	Commercial	10.5	East	MVP Colony
C5813	Domestic	4.39	South	MVP Colony
C5814	Domestic	3.95	Central	Akkayyapalem
C5815	Commercial	12.38	Central	MVP Colony
C5816	Commercial	23.22	Central	MVP Colony
C5817	Commercial	20.57	West	NAD
C5818	Commercial	34.65	South	Rushikonda
C5819	Commercial	45.1	East	Rushikonda
C5820	Domestic	5.37	South	Akkayyapalem
C5821	Domestic	7.85	North	MVP Colony
C5822	Domestic	2.74	East	Gajuwaka
C5823	Domestic	9.11	South	Seethammadhara
C5824	Domestic	2.8	East	Rushikonda
C5825	Domestic	3.13	North	NAD
C5826	Domestic	2.4	East	Akkayyapalem
C5827	Domestic	4.13	Central	Dwaraka Nagar
C5828	Domestic	6.2	West	Madhurawada
C5829	Domestic	9.9	North	Akkayyapalem
C5830	Domestic	8.24	East	Seethammadhara
C5831	Commercial	23.98	North	NAD
C5832	Commercial	32.19	Central	MVP Colony
C5833	Domestic	6.8	West	NAD
C5834	Domestic	8.49	North	Madhurawada
C5835	Domestic	7.76	Central	Madhurawada
C5836	Domestic	6.34	Central	Akkayyapalem
C5837	Domestic	7.19	Central	MVP Colony
C5838	Domestic	7.84	East	MVP Colony
C5839	Domestic	2.63	South	Gajuwaka
C5840	Domestic	3.2	North	Madhurawada
C5841	Industrial	78.2	South	MVP Colony
C5842	Industrial	89.53	Central	Madhurawada
C5843	Domestic	4.98	South	Rushikonda
C5844	Domestic	9.83	Central	Gajuwaka
C5845	Domestic	3.34	Central	Dwaraka Nagar
C5846	Domestic	5.04	West	Madhurawada
C5847	Commercial	23.9	West	Rushikonda
C5848	Domestic	9.41	South	Rushikonda
C5849	Commercial	19.99	North	Rushikonda
C5850	Domestic	5.5	South	Gajuwaka
C5851	Industrial	43.11	North	Gajuwaka
C5852	Domestic	5.93	South	Seethammadhara
C5853	Commercial	44.01	East	Gajuwaka
C5854	Domestic	4.08	East	NAD
C5855	Domestic	8.39	North	Akkayyapalem
C5856	Domestic	9.25	West	MVP Colony
C5857	Domestic	2.12	North	Madhurawada
C5858	Commercial	39.77	South	Akkayyapalem
C5859	Commercial	18.72	Central	NAD
C5860	Commercial	15.36	East	Madhurawada
C5861	Domestic	6.61	Central	Akkayyapalem
C5862	Commercial	37.64	East	NAD
C5863	Domestic	4.86	South	Rushikonda
C5864	Domestic	1.83	East	MVP Colony
C5865	Domestic	9.22	North	Gajuwaka
C5866	Domestic	7.71	Central	Akkayyapalem
C5867	Domestic	3.81	Central	Rushikonda
C5868	Domestic	5.72	South	Akkayyapalem
C5869	Domestic	1.74	Central	Rushikonda
C5870	Commercial	22.25	South	Madhurawada
C5871	Domestic	5.94	West	Gajuwaka
C5872	Domestic	5.9	North	Seethammadhara
C5873	Domestic	3.27	East	MVP Colony
C5874	Domestic	8.1	East	Rushikonda
C5875	Domestic	4.04	East	Madhurawada
C5876	Domestic	6.43	West	Dwaraka Nagar
C5877	Domestic	3.81	North	Dwaraka Nagar
C5878	Domestic	5.11	Central	Dwaraka Nagar
C5879	Domestic	3.26	Central	MVP Colony
C5880	Commercial	34.59	North	Rushikonda
C5881	Domestic	5.12	North	Dwaraka Nagar
C5882	Domestic	1.64	East	Akkayyapalem
C5883	Commercial	9.18	Central	Seethammadhara
C5884	Domestic	5.5	North	Madhurawada
C5885	Domestic	3.06	Central	Seethammadhara
C5886	Commercial	32.57	North	Seethammadhara
C5887	Domestic	4.97	South	Seethammadhara
C5888	Domestic	7.06	East	Akkayyapalem
C5889	Domestic	9.6	North	Dwaraka Nagar
C5890	Domestic	5.99	West	Seethammadhara
C5891	Domestic	8.19	North	Rushikonda
C5892	Domestic	7.9	South	Seethammadhara
C5893	Domestic	9.34	West	Madhurawada
C5894	Domestic	3.32	West	Rushikonda
C5895	Domestic	8.53	North	Akkayyapalem
C5896	Domestic	9.2	South	MVP Colony
C5897	Domestic	4.84	West	Gajuwaka
C5898	Domestic	4.17	East	Akkayyapalem
C5899	Domestic	9.59	East	NAD
C5900	Commercial	34.36	Central	Dwaraka Nagar
C5901	Domestic	4.74	Central	NAD
C5902	Domestic	8.23	South	Rushikonda
C5903	Domestic	4.09	West	Gajuwaka
C5904	Domestic	3	East	MVP Colony
C5905	Commercial	30.85	East	Akkayyapalem
C5906	Domestic	6.31	South	MVP Colony
C5907	Industrial	87.8	West	Gajuwaka
C5908	Domestic	5.38	South	NAD
C5909	Commercial	42.21	North	Akkayyapalem
C5910	Domestic	4.15	East	Dwaraka Nagar
C5911	Commercial	32.17	South	Madhurawada
C5912	Domestic	3.27	South	Seethammadhara
C5913	Domestic	4.78	North	MVP Colony
C5914	Domestic	8.79	Central	Rushikonda
C5915	Domestic	3.34	East	Gajuwaka
C5916	Commercial	42.03	South	Akkayyapalem
C5917	Domestic	3.9	East	Rushikonda
C5918	Domestic	1.79	Central	NAD
C5919	Commercial	12.62	South	Dwaraka Nagar
C5920	Domestic	7.84	North	Rushikonda
C5921	Industrial	48.34	East	NAD
C5922	Commercial	35.47	North	Dwaraka Nagar
C5923	Domestic	7.44	Central	Akkayyapalem
C5924	Commercial	22.49	Central	Madhurawada
C5925	Domestic	5.54	East	Madhurawada
C5926	Domestic	4.93	Central	Rushikonda
C5927	Domestic	9.55	West	Seethammadhara
C5928	Domestic	4.22	East	Rushikonda
C5929	Commercial	15.7	West	Gajuwaka
C5930	Commercial	23.35	Central	Gajuwaka
C5931	Domestic	7.19	East	Dwaraka Nagar
C5932	Domestic	7.43	West	Dwaraka Nagar
C5933	Industrial	94.68	Central	Dwaraka Nagar
C5934	Domestic	8.99	South	Rushikonda
C5935	Domestic	3.95	South	Dwaraka Nagar
C5936	Domestic	5.37	North	Seethammadhara
C5937	Commercial	39.39	South	Rushikonda
C5938	Domestic	9.29	West	Akkayyapalem
C5939	Commercial	22.16	South	Akkayyapalem
C5940	Commercial	26.67	East	Madhurawada
C5941	Domestic	9.15	East	Gajuwaka
C5942	Domestic	4.55	East	Seethammadhara
C5943	Commercial	28.18	South	Gajuwaka
C5944	Domestic	9.19	South	MVP Colony
C5945	Commercial	41.69	North	Gajuwaka
C5946	Commercial	18.22	Central	Gajuwaka
C5947	Domestic	4.26	North	NAD
C5948	Commercial	22.82	West	NAD
C5949	Commercial	46.34	East	Seethammadhara
C5950	Commercial	49.96	South	MVP Colony
C5951	Domestic	8.08	Central	Dwaraka Nagar
C5952	Domestic	5.62	Central	MVP Colony
C5953	Domestic	1.59	South	MVP Colony
C5954	Domestic	7.43	North	Madhurawada
C5955	Domestic	4.81	Central	Akkayyapalem
C5956	Commercial	34.59	North	Gajuwaka
C5957	Domestic	6.66	South	Madhurawada
C5958	Domestic	5.59	North	Seethammadhara
C5959	Domestic	9.53	East	Akkayyapalem
C5960	Commercial	8.97	South	Seethammadhara
C5961	Domestic	7.55	South	Gajuwaka
C5962	Domestic	4.98	Central	Seethammadhara
C5963	Domestic	7.57	Central	MVP Colony
C5964	Commercial	36.36	Central	Rushikonda
C5965	Domestic	1.59	East	Gajuwaka
C5966	Domestic	3.93	East	Dwaraka Nagar
C5967	Industrial	43.24	West	Dwaraka Nagar
C5968	Commercial	15.01	South	MVP Colony
C5969	Industrial	80.99	Central	Seethammadhara
C5970	Domestic	3.54	South	NAD
C5971	Domestic	5.54	North	Dwaraka Nagar
C5972	Commercial	18.37	East	MVP Colony
C5973	Domestic	6.43	West	Madhurawada
C5974	Commercial	38.26	North	NAD
C5975	Domestic	4.31	South	Dwaraka Nagar
C5976	Domestic	6.63	East	Rushikonda
C5977	Domestic	8.51	Central	MVP Colony
C5978	Domestic	2.3	North	MVP Colony
C5979	Domestic	7.54	East	Madhurawada
C5980	Domestic	4.25	South	Rushikonda
C5981	Industrial	38.59	South	Madhurawada
C5982	Domestic	6.14	North	NAD
C5983	Domestic	3.42	North	Akkayyapalem
C5984	Commercial	42.5	North	Dwaraka Nagar
C5985	Domestic	1.86	West	MVP Colony
C5986	Domestic	2.34	Central	NAD
C5987	Commercial	29.88	East	Seethammadhara
C5988	Domestic	6.51	South	NAD
C5989	Commercial	38.66	South	Seethammadhara
C5990	Commercial	18.89	Central	Madhurawada
C5991	Industrial	88.92	North	MVP Colony
C5992	Domestic	9.6	North	Gajuwaka
C5993	Domestic	5.74	South	Akkayyapalem
C5994	Domestic	7.96	Central	Akkayyapalem
C5995	Domestic	5.96	South	Madhurawada
C5996	Commercial	10.92	North	Seethammadhara
C5997	Domestic	4.27	East	MVP Colony
C5998	Domestic	2.24	North	Rushikonda
C5999	Commercial	49.53	East	NAD
C6000	Domestic	3.45	West	Akkayyapalem
C6001	Domestic	6.91	Central	NAD
C6002	Domestic	3.92	West	Dwaraka Nagar
C6003	Commercial	35.44	North	Gajuwaka
C6004	Domestic	3.29	Central	Madhurawada
C6005	Commercial	40.98	North	Seethammadhara
C6006	Domestic	2.44	Central	Akkayyapalem
C6007	Commercial	45.6	Central	Rushikonda
C6008	Commercial	43.3	North	Dwaraka Nagar
C6009	Domestic	7.27	North	Rushikonda
C6010	Domestic	2.07	Central	Dwaraka Nagar
C6011	Domestic	3.27	Central	Gajuwaka
C6012	Commercial	44.09	North	Madhurawada
C6013	Domestic	2.54	North	Madhurawada
C6014	Domestic	2.83	South	NAD
C6015	Domestic	6.12	South	Madhurawada
C6016	Domestic	3.83	South	Dwaraka Nagar
C6017	Domestic	3.39	West	NAD
C6018	Domestic	6.39	Central	Madhurawada
C6019	Domestic	4.67	East	Seethammadhara
C6020	Commercial	13.9	West	Seethammadhara
C6021	Domestic	6.05	Central	Gajuwaka
C6022	Domestic	4.79	East	Dwaraka Nagar
C6023	Industrial	81.42	South	MVP Colony
C6024	Commercial	12.32	East	Gajuwaka
C6025	Commercial	34.07	North	Gajuwaka
C6026	Domestic	5.21	North	Madhurawada
C6027	Domestic	4.95	Central	NAD
C6028	Domestic	3.47	West	Rushikonda
C6029	Commercial	9.28	South	NAD
C6030	Domestic	8.71	Central	Seethammadhara
C6031	Domestic	4.27	South	Dwaraka Nagar
C6032	Domestic	7.29	North	Madhurawada
C6033	Domestic	9.55	West	NAD
C6034	Domestic	6.3	West	Seethammadhara
C6035	Domestic	4.88	North	Akkayyapalem
C6036	Domestic	3.78	East	Rushikonda
C6037	Domestic	9.44	West	MVP Colony
C6038	Industrial	77.75	East	Akkayyapalem
C6039	Commercial	35.94	South	Rushikonda
C6040	Commercial	25.9	West	Madhurawada
C6041	Commercial	43.49	North	Madhurawada
C6042	Domestic	7.57	East	NAD
C6043	Domestic	3.91	South	Rushikonda
C6044	Domestic	6.6	South	Gajuwaka
C6045	Domestic	5.16	West	Madhurawada
C6046	Domestic	1.56	West	Gajuwaka
C6047	Domestic	8.36	Central	Dwaraka Nagar
C6048	Domestic	2.54	Central	Seethammadhara
C6049	Domestic	5.83	West	Dwaraka Nagar
C6050	Domestic	4.36	Central	Rushikonda
C6051	Domestic	4.41	North	Rushikonda
C6052	Commercial	28.05	North	NAD
C6053	Domestic	9.97	Central	Dwaraka Nagar
C6054	Domestic	4.97	West	Akkayyapalem
C6055	Domestic	3.05	North	Rushikonda
C6056	Domestic	6.72	South	Akkayyapalem
C6057	Domestic	3.51	West	Akkayyapalem
C6058	Domestic	2.4	East	NAD
C6059	Domestic	1.93	East	NAD
C6060	Domestic	1.69	West	Akkayyapalem
C6061	Commercial	26.11	Central	Gajuwaka
C6062	Commercial	25.92	North	Akkayyapalem
C6063	Domestic	3.08	North	Gajuwaka
C6064	Domestic	8.16	West	Dwaraka Nagar
C6065	Commercial	13.43	South	Gajuwaka
C6066	Domestic	9.28	Central	Rushikonda
C6067	Domestic	6.49	South	Madhurawada
C6068	Domestic	1.73	West	MVP Colony
C6069	Commercial	48.44	West	Madhurawada
C6070	Domestic	4.12	South	Madhurawada
C6071	Domestic	5.32	East	NAD
C6072	Commercial	19.94	West	MVP Colony
C6073	Domestic	7.69	Central	NAD
C6074	Domestic	5.63	South	Gajuwaka
C6075	Industrial	39.27	East	Akkayyapalem
C6076	Domestic	2.39	South	Seethammadhara
C6077	Domestic	7.67	East	Seethammadhara
C6078	Domestic	3.52	East	Seethammadhara
C6079	Domestic	2.67	Central	Gajuwaka
C6080	Domestic	5.75	West	MVP Colony
C6081	Domestic	8.32	East	Dwaraka Nagar
C6082	Domestic	3.87	West	Gajuwaka
C6083	Commercial	19.61	Central	Madhurawada
C6084	Domestic	8.59	West	MVP Colony
C6085	Domestic	2.76	North	MVP Colony
C6086	Domestic	6.74	East	Gajuwaka
C6087	Commercial	48.11	Central	Gajuwaka
C6088	Domestic	8.65	South	NAD
C6089	Domestic	2.03	Central	NAD
C6090	Domestic	4.22	East	Madhurawada
C6091	Domestic	2.71	Central	Rushikonda
C6092	Domestic	9.57	South	MVP Colony
C6093	Commercial	49.41	North	Seethammadhara
C6094	Domestic	3.5	East	Dwaraka Nagar
C6095	Domestic	7.19	East	Dwaraka Nagar
C6096	Domestic	8.65	Central	MVP Colony
C6097	Commercial	17.81	West	Madhurawada
C6098	Domestic	3.1	West	Seethammadhara
C6099	Domestic	1.6	South	NAD
C6100	Domestic	5	North	NAD
C6101	Domestic	9.15	North	NAD
C6102	Domestic	9.18	Central	Dwaraka Nagar
C6103	Domestic	2.59	Central	Dwaraka Nagar
C6104	Domestic	3.24	West	Madhurawada
C6105	Domestic	4.97	North	Dwaraka Nagar
C6106	Domestic	8.14	North	Gajuwaka
C6107	Domestic	6.7	North	Dwaraka Nagar
C6108	Domestic	5.87	South	NAD
C6109	Commercial	32.86	South	Madhurawada
C6110	Industrial	36.73	Central	MVP Colony
C6111	Industrial	63.44	West	MVP Colony
C6112	Commercial	49.67	East	Madhurawada
C6113	Domestic	2.25	West	Gajuwaka
C6114	Commercial	29.81	South	MVP Colony
C6115	Domestic	4.01	South	NAD
C6116	Domestic	6.09	Central	MVP Colony
C6117	Domestic	6.38	East	MVP Colony
C6118	Domestic	6.41	North	NAD
C6119	Commercial	43.79	East	Dwaraka Nagar
C6120	Domestic	4.81	East	Gajuwaka
C6121	Domestic	5.89	East	Seethammadhara
C6122	Commercial	8.46	Central	NAD
C6123	Domestic	8.21	South	NAD
C6124	Domestic	3.71	North	Akkayyapalem
C6125	Commercial	42.3	East	Madhurawada
C6126	Domestic	3.76	North	Rushikonda
C6127	Domestic	1.59	East	Gajuwaka
C6128	Domestic	2.82	South	Dwaraka Nagar
C6129	Domestic	9.88	North	Akkayyapalem
C6130	Commercial	21.43	West	Seethammadhara
C6131	Domestic	2.43	South	NAD
C6132	Domestic	2.51	North	Seethammadhara
C6133	Domestic	4.14	East	Seethammadhara
C6134	Domestic	1.82	East	Seethammadhara
C6135	Industrial	65.8	South	Akkayyapalem
C6136	Domestic	3.32	South	Rushikonda
C6137	Domestic	5.91	East	Dwaraka Nagar
C6138	Domestic	2.7	North	Akkayyapalem
C6139	Domestic	5.15	West	Akkayyapalem
C6140	Commercial	33.11	Central	Rushikonda
C6141	Domestic	2.03	South	Akkayyapalem
C6142	Domestic	4.89	East	NAD
C6143	Domestic	4.07	North	NAD
C6144	Commercial	18.1	South	Madhurawada
C6145	Domestic	6.64	North	MVP Colony
C6146	Commercial	32.72	South	Gajuwaka
C6147	Domestic	6.86	East	Madhurawada
C6148	Commercial	14.67	North	Dwaraka Nagar
C6149	Domestic	3.93	East	Akkayyapalem
C6150	Domestic	3.28	North	NAD
C6151	Domestic	6.09	South	Akkayyapalem
C6152	Domestic	5.42	Central	NAD
C6153	Commercial	21.87	Central	Seethammadhara
C6154	Commercial	41.01	West	Gajuwaka
C6155	Domestic	2.3	West	Madhurawada
C6156	Domestic	9.79	East	Madhurawada
C6157	Domestic	2.49	North	Dwaraka Nagar
C6158	Commercial	40.47	West	Seethammadhara
C6159	Domestic	4.63	South	Madhurawada
C6160	Domestic	8.85	Central	Madhurawada
C6161	Domestic	2.13	North	MVP Colony
C6162	Domestic	4.69	Central	Rushikonda
C6163	Domestic	4.35	North	Gajuwaka
C6164	Domestic	9.94	West	Akkayyapalem
C6165	Domestic	9.88	West	Rushikonda
C6166	Industrial	43.29	East	Madhurawada
C6167	Domestic	6.85	North	Dwaraka Nagar
C6168	Domestic	6.05	South	Akkayyapalem
C6169	Domestic	2.81	West	NAD
C6170	Commercial	15.05	East	Seethammadhara
C6171	Domestic	9.91	West	Seethammadhara
C6172	Domestic	5.35	Central	Madhurawada
C6173	Domestic	2.57	West	Madhurawada
C6174	Domestic	3.33	North	Akkayyapalem
C6175	Domestic	3.78	East	Rushikonda
C6176	Commercial	29.46	North	NAD
C6177	Commercial	22.09	South	MVP Colony
C6178	Domestic	5.37	South	Gajuwaka
C6179	Domestic	2.92	West	MVP Colony
C6180	Commercial	21.72	East	Rushikonda
C6181	Domestic	2.1	East	Dwaraka Nagar
C6182	Commercial	45.37	East	Akkayyapalem
C6183	Domestic	3.19	East	Madhurawada
C6184	Commercial	39.79	West	MVP Colony
C6185	Commercial	22.68	North	Gajuwaka
C6186	Commercial	27.92	West	Dwaraka Nagar
C6187	Domestic	3.98	North	Seethammadhara
C6188	Domestic	7.42	Central	Rushikonda
C6189	Commercial	43.47	Central	MVP Colony
C6190	Domestic	3.93	North	Madhurawada
C6191	Domestic	3.56	West	Gajuwaka
C6192	Commercial	36.62	South	Madhurawada
C6193	Commercial	16.2	West	Madhurawada
C6194	Commercial	34.87	South	Dwaraka Nagar
C6195	Domestic	2.3	West	Gajuwaka
C6196	Commercial	34.05	East	NAD
C6197	Commercial	29.56	East	Seethammadhara
C6198	Domestic	2.47	Central	Rushikonda
C6199	Domestic	7.02	Central	Madhurawada
C6200	Domestic	5.3	North	Rushikonda
C6201	Domestic	3.35	South	Gajuwaka
C6202	Industrial	54.74	East	Madhurawada
C6203	Domestic	5.68	West	MVP Colony
C6204	Commercial	11.85	North	MVP Colony
C6205	Industrial	97.03	West	Gajuwaka
C6206	Domestic	7.16	East	Seethammadhara
C6207	Commercial	12.31	East	Dwaraka Nagar
C6208	Domestic	8.49	East	NAD
C6209	Commercial	21.55	East	MVP Colony
C6210	Domestic	6.57	West	Dwaraka Nagar
C6211	Commercial	19.64	North	NAD
C6212	Domestic	7.73	East	MVP Colony
C6213	Domestic	7.65	Central	NAD
C6214	Commercial	31.19	North	Akkayyapalem
C6215	Domestic	3.55	Central	Madhurawada
C6216	Domestic	3.66	West	Gajuwaka
C6217	Domestic	4.75	East	MVP Colony
C6218	Commercial	14.09	North	MVP Colony
C6219	Domestic	4.37	East	Rushikonda
C6220	Domestic	7.32	East	Madhurawada
C6221	Domestic	8.56	North	MVP Colony
C6222	Domestic	4.33	East	MVP Colony
C6223	Domestic	3.49	East	Akkayyapalem
C6224	Domestic	8.58	South	MVP Colony
C6225	Domestic	9.07	South	MVP Colony
C6226	Domestic	4.99	North	MVP Colony
C6227	Domestic	1.73	North	Dwaraka Nagar
C6228	Commercial	37.19	East	MVP Colony
C6229	Domestic	8.16	Central	Madhurawada
C6230	Domestic	1.65	North	Akkayyapalem
C6231	Domestic	6.56	East	MVP Colony
C6232	Domestic	6.5	Central	NAD
C6233	Commercial	23.91	South	Akkayyapalem
C6234	Domestic	7.87	North	Akkayyapalem
C6235	Domestic	5.14	East	NAD
C6236	Domestic	7.25	South	Madhurawada
C6237	Domestic	5.9	West	Dwaraka Nagar
C6238	Domestic	3.61	South	Seethammadhara
C6239	Domestic	6.66	East	Rushikonda
C6240	Domestic	7.76	Central	Seethammadhara
C6241	Industrial	98.17	West	Madhurawada
C6242	Domestic	4.73	West	Dwaraka Nagar
C6243	Domestic	2.05	West	Gajuwaka
C6244	Commercial	49.49	North	NAD
C6245	Commercial	34.2	East	Rushikonda
C6246	Domestic	9.54	West	Akkayyapalem
C6247	Commercial	12.36	South	Akkayyapalem
C6248	Commercial	22.37	Central	Akkayyapalem
C6249	Domestic	2.64	East	NAD
C6250	Domestic	8.6	South	NAD
C6251	Domestic	8.98	North	Rushikonda
C6252	Industrial	65.09	West	Seethammadhara
C6253	Domestic	3.09	South	Seethammadhara
C6254	Domestic	2.58	East	Seethammadhara
C6255	Commercial	32.7	South	Dwaraka Nagar
C6256	Domestic	5.8	North	Akkayyapalem
C6257	Domestic	7.41	Central	Madhurawada
C6258	Domestic	4.09	West	Dwaraka Nagar
C6259	Domestic	4.92	East	Akkayyapalem
C6260	Commercial	8.9	West	NAD
C6261	Domestic	6.69	West	NAD
C6262	Commercial	25.77	West	NAD
C6263	Domestic	9.32	South	Akkayyapalem
C6264	Domestic	6.96	South	Seethammadhara
C6265	Industrial	57.91	Central	NAD
C6266	Domestic	3.74	North	Gajuwaka
C6267	Domestic	9.19	East	NAD
C6268	Domestic	1.64	South	Rushikonda
C6269	Commercial	21.73	West	Rushikonda
C6270	Domestic	9.52	North	Akkayyapalem
C6271	Domestic	7.06	East	Seethammadhara
C6272	Domestic	6.03	East	Dwaraka Nagar
C6273	Domestic	3.23	East	NAD
C6274	Commercial	43	East	Seethammadhara
C6275	Domestic	3.24	Central	Seethammadhara
C6276	Domestic	3.61	East	MVP Colony
C6277	Domestic	3.13	North	Gajuwaka
C6278	Domestic	2.84	South	Rushikonda
C6279	Commercial	48.04	North	Akkayyapalem
C6280	Domestic	6.62	West	NAD
C6281	Industrial	74.65	Central	MVP Colony
C6282	Domestic	9.61	Central	Akkayyapalem
C6283	Domestic	3.46	West	Dwaraka Nagar
C6284	Commercial	8.25	North	Gajuwaka
C6285	Domestic	6.59	North	Seethammadhara
C6286	Commercial	29.33	West	NAD
C6287	Industrial	63.44	East	Dwaraka Nagar
C6288	Domestic	2.03	East	Akkayyapalem
C6289	Domestic	5.36	South	MVP Colony
C6290	Commercial	20.08	North	Akkayyapalem
C6291	Domestic	3.83	North	Rushikonda
C6292	Domestic	3.39	West	Akkayyapalem
C6293	Domestic	4.33	West	Gajuwaka
C6294	Domestic	4.5	East	NAD
C6295	Commercial	20.97	North	Dwaraka Nagar
C6296	Domestic	9.82	North	Gajuwaka
C6297	Domestic	9.43	Central	MVP Colony
C6298	Domestic	6.38	South	Seethammadhara
C6299	Domestic	9.84	South	NAD
C6300	Domestic	9.93	East	Seethammadhara
C6301	Commercial	22.95	North	Gajuwaka
C6302	Domestic	5.28	Central	MVP Colony
C6303	Commercial	48.28	North	MVP Colony
C6304	Commercial	33.56	West	Dwaraka Nagar
C6305	Domestic	3.31	East	Rushikonda
C6306	Domestic	7.36	South	Akkayyapalem
C6307	Domestic	3.25	North	MVP Colony
C6308	Domestic	4.38	East	Rushikonda
C6309	Commercial	17.56	South	MVP Colony
C6310	Commercial	18.29	North	Akkayyapalem
C6311	Domestic	1.54	Central	Madhurawada
C6312	Domestic	8.99	East	MVP Colony
C6313	Commercial	20.43	North	NAD
C6314	Industrial	36.05	South	Seethammadhara
C6315	Domestic	2.24	South	Seethammadhara
C6316	Domestic	6.23	Central	Gajuwaka
C6317	Domestic	9.94	East	Akkayyapalem
C6318	Industrial	40.15	East	Akkayyapalem
C6319	Domestic	2.35	North	Akkayyapalem
C6320	Domestic	5.23	South	NAD
C6321	Domestic	6.29	South	Akkayyapalem
C6322	Domestic	4	Central	NAD
C6323	Domestic	4.07	Central	Rushikonda
C6324	Industrial	59.71	East	Rushikonda
C6325	Domestic	4.17	South	Seethammadhara
C6326	Domestic	9.28	North	Dwaraka Nagar
C6327	Domestic	1.86	West	Madhurawada
C6328	Domestic	3.49	North	Akkayyapalem
C6329	Domestic	8.37	Central	Seethammadhara
C6330	Domestic	8.59	North	Madhurawada
C6331	Domestic	2.45	South	Seethammadhara
C6332	Domestic	9.78	East	Akkayyapalem
C6333	Domestic	7.39	West	NAD
C6334	Domestic	3.82	East	Seethammadhara
C6335	Industrial	61.92	West	Gajuwaka
C6336	Commercial	20.48	West	Madhurawada
C6337	Domestic	2.78	South	Madhurawada
C6338	Domestic	3.98	South	NAD
C6339	Commercial	32.36	Central	Rushikonda
C6340	Domestic	8.52	Central	Madhurawada
C6341	Commercial	23.27	West	Dwaraka Nagar
C6342	Commercial	22.61	Central	NAD
C6343	Domestic	5.48	South	Madhurawada
C6344	Domestic	6.98	Central	Madhurawada
C6345	Industrial	82.61	West	Madhurawada
C6346	Domestic	4.28	East	NAD
C6347	Domestic	6.48	North	Rushikonda
C6348	Domestic	4.81	Central	Gajuwaka
C6349	Domestic	7.59	South	MVP Colony
C6350	Domestic	2.9	East	Seethammadhara
C6351	Commercial	18.79	South	Akkayyapalem
C6352	Industrial	59.82	Central	Seethammadhara
C6353	Domestic	9.06	West	Madhurawada
C6354	Domestic	6.37	North	Seethammadhara
C6355	Domestic	9.71	North	MVP Colony
C6356	Domestic	2.38	East	MVP Colony
C6357	Domestic	5.41	North	Madhurawada
C6358	Industrial	59.34	West	Madhurawada
C6359	Commercial	33.21	South	Akkayyapalem
C6360	Domestic	8.4	West	Rushikonda
C6361	Domestic	8.65	East	MVP Colony
C6362	Domestic	7.2	East	Gajuwaka
C6363	Domestic	6.95	North	MVP Colony
C6364	Domestic	9.57	West	Gajuwaka
C6365	Domestic	4.76	South	Rushikonda
C6366	Industrial	88.29	West	Seethammadhara
C6367	Domestic	9.33	South	Dwaraka Nagar
C6368	Domestic	5.68	South	Gajuwaka
C6369	Commercial	38.62	West	Akkayyapalem
C6370	Domestic	4.7	Central	NAD
C6371	Domestic	2.85	West	Rushikonda
C6372	Domestic	6.49	South	Seethammadhara
C6373	Domestic	3.17	East	Madhurawada
C6374	Commercial	27.22	East	Rushikonda
C6375	Domestic	8.92	North	Dwaraka Nagar
C6376	Commercial	11.61	East	MVP Colony
C6377	Domestic	1.76	Central	Gajuwaka
C6378	Domestic	6.66	South	Dwaraka Nagar
C6379	Commercial	21.9	West	Seethammadhara
C6380	Domestic	5.05	West	NAD
C6381	Domestic	4.95	Central	Rushikonda
C6382	Domestic	2.24	East	Gajuwaka
C6383	Domestic	1.53	South	Akkayyapalem
C6384	Domestic	9.14	East	MVP Colony
C6385	Domestic	3.35	North	MVP Colony
C6386	Domestic	5.12	East	Gajuwaka
C6387	Domestic	9.76	North	Rushikonda
C6388	Industrial	87.87	West	NAD
C6389	Domestic	2.42	South	Rushikonda
C6390	Commercial	29.36	North	Madhurawada
C6391	Domestic	7.71	East	Madhurawada
C6392	Domestic	7.44	East	MVP Colony
C6393	Commercial	39.96	West	Seethammadhara
C6394	Domestic	5.39	Central	Seethammadhara
C6395	Commercial	15.39	Central	NAD
C6396	Domestic	5.45	East	MVP Colony
C6397	Domestic	7.01	Central	Madhurawada
C6398	Domestic	6.67	South	MVP Colony
C6399	Domestic	2.1	Central	Rushikonda
C6400	Commercial	10.73	South	Gajuwaka
C6401	Domestic	9.7	East	Seethammadhara
C6402	Industrial	40.63	East	Seethammadhara
C6403	Industrial	50.61	East	Akkayyapalem
C6404	Domestic	8.02	West	Gajuwaka
C6405	Domestic	4.98	Central	Akkayyapalem
C6406	Commercial	15.62	North	NAD
C6407	Industrial	62.71	North	Madhurawada
C6408	Domestic	6.34	East	NAD
C6409	Domestic	5.35	Central	NAD
C6410	Domestic	9.31	South	Madhurawada
C6411	Domestic	3.92	North	Dwaraka Nagar
C6412	Domestic	7.12	East	Dwaraka Nagar
C6413	Commercial	12.72	North	MVP Colony
C6414	Domestic	4.83	North	Dwaraka Nagar
C6415	Domestic	7.8	North	Gajuwaka
C6416	Domestic	3.41	East	Seethammadhara
C6417	Domestic	6.51	East	Akkayyapalem
C6418	Domestic	2.8	West	Seethammadhara
C6419	Domestic	2.37	West	NAD
C6420	Domestic	5.95	West	Seethammadhara
C6421	Domestic	7.24	North	MVP Colony
C6422	Domestic	2.46	Central	NAD
C6423	Industrial	94.24	East	Madhurawada
C6424	Domestic	3.42	West	Rushikonda
C6425	Domestic	2.52	Central	Seethammadhara
C6426	Domestic	3.22	West	Dwaraka Nagar
C6427	Industrial	41.87	West	Rushikonda
C6428	Domestic	2.27	Central	Madhurawada
C6429	Domestic	8.28	West	MVP Colony
C6430	Commercial	28.81	North	Akkayyapalem
C6431	Domestic	4.8	North	Gajuwaka
C6432	Domestic	9.58	North	Dwaraka Nagar
C6433	Domestic	4.65	South	Madhurawada
C6434	Domestic	2.92	West	Akkayyapalem
C6435	Domestic	3.83	South	Rushikonda
C6436	Commercial	18.04	East	Seethammadhara
C6437	Domestic	5.74	Central	Dwaraka Nagar
C6438	Commercial	20.24	East	NAD
C6439	Domestic	5.89	South	Gajuwaka
C6440	Commercial	36.11	North	Seethammadhara
C6441	Domestic	8.11	West	Rushikonda
C6442	Domestic	7.54	West	Akkayyapalem
C6443	Domestic	3.25	North	Dwaraka Nagar
C6444	Industrial	38.11	West	Seethammadhara
C6445	Domestic	6.11	Central	Gajuwaka
C6446	Domestic	3.19	Central	Akkayyapalem
C6447	Domestic	2.22	Central	NAD
C6448	Domestic	5.98	East	Rushikonda
C6449	Domestic	4.28	North	NAD
C6450	Domestic	7.93	Central	Madhurawada
C6451	Domestic	4.17	South	Rushikonda
C6452	Domestic	9.82	Central	MVP Colony
C6453	Domestic	7.95	East	Madhurawada
C6454	Domestic	1.99	South	Gajuwaka
C6455	Commercial	29.37	North	Rushikonda
C6456	Domestic	6.28	North	Madhurawada
C6457	Domestic	7.41	Central	Akkayyapalem
C6458	Domestic	5.73	South	Dwaraka Nagar
C6459	Industrial	63.84	South	Akkayyapalem
C6460	Industrial	55.76	Central	Madhurawada
C6461	Commercial	19.4	Central	MVP Colony
C6462	Domestic	9.54	West	Akkayyapalem
C6463	Domestic	4.2	West	Akkayyapalem
C6464	Domestic	2.04	Central	Akkayyapalem
C6465	Domestic	2.92	East	MVP Colony
C6466	Domestic	8.79	West	Rushikonda
C6467	Commercial	32.64	Central	Akkayyapalem
C6468	Commercial	40.71	South	Gajuwaka
C6469	Commercial	41.97	West	NAD
C6470	Domestic	8.5	East	MVP Colony
C6471	Domestic	6.18	North	Gajuwaka
C6472	Domestic	3.01	South	MVP Colony
C6473	Domestic	2.76	East	MVP Colony
C6474	Commercial	32.11	East	Rushikonda
C6475	Domestic	4.62	East	NAD
C6476	Domestic	6.24	South	Dwaraka Nagar
C6477	Domestic	5.74	East	Rushikonda
C6478	Domestic	6.62	North	Rushikonda
C6479	Commercial	9.35	West	Gajuwaka
C6480	Domestic	1.78	South	MVP Colony
C6481	Commercial	38.31	East	Seethammadhara
C6482	Domestic	3.14	Central	MVP Colony
C6483	Domestic	7.04	West	Madhurawada
C6484	Commercial	30.96	South	Akkayyapalem
C6485	Domestic	9.85	Central	Dwaraka Nagar
C6486	Industrial	88.48	Central	NAD
C6487	Domestic	5.01	East	Seethammadhara
C6488	Domestic	6.74	South	Gajuwaka
C6489	Domestic	2.5	East	MVP Colony
C6490	Commercial	24.23	North	Akkayyapalem
C6491	Domestic	7.74	Central	Gajuwaka
C6492	Commercial	34.15	North	Rushikonda
C6493	Domestic	5.62	East	NAD
C6494	Domestic	3	West	Dwaraka Nagar
C6495	Domestic	8.33	Central	Madhurawada
C6496	Domestic	3.82	West	Rushikonda
C6497	Domestic	8.47	South	Dwaraka Nagar
C6498	Commercial	33.69	Central	Rushikonda
C6499	Domestic	4.67	North	Madhurawada
C6500	Domestic	1.85	West	Gajuwaka
C6501	Domestic	3.48	South	Dwaraka Nagar
C6502	Domestic	9.06	Central	Rushikonda
C6503	Domestic	8.45	South	Dwaraka Nagar
C6504	Domestic	6.39	North	Dwaraka Nagar
C6505	Domestic	5.46	Central	NAD
C6506	Domestic	7	South	Gajuwaka
C6507	Domestic	5.46	East	Seethammadhara
C6508	Domestic	6.98	Central	Madhurawada
C6509	Domestic	4.11	Central	Dwaraka Nagar
C6510	Domestic	8.63	Central	Gajuwaka
C6511	Domestic	7.47	Central	Seethammadhara
C6512	Commercial	21.86	East	Akkayyapalem
C6513	Commercial	42.89	North	NAD
C6514	Commercial	28.47	East	NAD
C6515	Domestic	2.98	East	Akkayyapalem
C6516	Commercial	11.26	South	Gajuwaka
C6517	Commercial	37.38	West	Madhurawada
C6518	Commercial	44.34	West	Gajuwaka
C6519	Domestic	8.36	South	Gajuwaka
C6520	Domestic	7.07	East	MVP Colony
C6521	Commercial	13.94	South	Seethammadhara
C6522	Domestic	2.3	Central	NAD
C6523	Domestic	4.43	South	Madhurawada
C6524	Domestic	8.77	South	MVP Colony
C6525	Domestic	9.67	Central	Akkayyapalem
C6526	Domestic	3.55	West	Gajuwaka
C6527	Domestic	7.98	Central	Akkayyapalem
C6528	Domestic	6.38	North	NAD
C6529	Domestic	1.77	South	MVP Colony
C6530	Domestic	6.11	South	Seethammadhara
C6531	Domestic	8.35	West	MVP Colony
C6532	Domestic	3.85	East	Madhurawada
C6533	Domestic	9.13	Central	Seethammadhara
C6534	Commercial	17.92	East	Gajuwaka
C6535	Domestic	2.15	North	Rushikonda
C6536	Domestic	2.86	Central	Rushikonda
C6537	Domestic	8.61	North	Madhurawada
C6538	Commercial	25.53	North	MVP Colony
C6539	Domestic	8.27	North	Seethammadhara
C6540	Domestic	6.02	Central	MVP Colony
C6541	Domestic	5.58	Central	Madhurawada
C6542	Domestic	8.36	West	MVP Colony
C6543	Commercial	25.79	South	Seethammadhara
C6544	Commercial	41.69	East	Dwaraka Nagar
C6545	Domestic	2.36	East	NAD
C6546	Domestic	6.91	North	Gajuwaka
C6547	Domestic	7.47	Central	NAD
C6548	Domestic	9.14	Central	Gajuwaka
C6549	Domestic	3.41	North	Seethammadhara
C6550	Domestic	6.64	South	MVP Colony
C6551	Domestic	5.18	East	Rushikonda
C6552	Domestic	4.75	West	Seethammadhara
C6553	Commercial	12.48	South	Madhurawada
C6554	Domestic	2.64	Central	Rushikonda
C6555	Commercial	43.15	North	Madhurawada
C6556	Commercial	39.49	East	MVP Colony
C6557	Domestic	4.75	North	Gajuwaka
C6558	Commercial	42.8	Central	MVP Colony
C6559	Domestic	2.19	North	Gajuwaka
C6560	Domestic	6.81	East	MVP Colony
C6561	Domestic	8.88	North	Rushikonda
C6562	Industrial	88.72	East	MVP Colony
C6563	Domestic	4.67	North	MVP Colony
C6564	Domestic	7.83	North	Rushikonda
C6565	Commercial	25.95	East	Madhurawada
C6566	Domestic	8.64	North	Gajuwaka
C6567	Domestic	6.01	South	Akkayyapalem
C6568	Commercial	40.12	West	MVP Colony
C6569	Commercial	11.3	South	NAD
C6570	Industrial	71.3	West	NAD
C6571	Industrial	68.52	South	Seethammadhara
C6572	Domestic	6.68	West	Seethammadhara
C6573	Commercial	37.22	North	Madhurawada
C6574	Domestic	9.3	East	Dwaraka Nagar
C6575	Domestic	8.18	East	Akkayyapalem
C6576	Domestic	3.37	Central	Madhurawada
C6577	Domestic	8.52	West	Dwaraka Nagar
C6578	Industrial	38.55	Central	Madhurawada
C6579	Commercial	34.13	Central	Seethammadhara
C6580	Domestic	9	West	NAD
C6581	Domestic	2.36	East	MVP Colony
C6582	Domestic	8.72	West	Gajuwaka
C6583	Commercial	41.54	North	Seethammadhara
C6584	Commercial	29.16	Central	MVP Colony
C6585	Domestic	4.13	Central	NAD
C6586	Domestic	4.95	West	Rushikonda
C6587	Domestic	9.73	Central	Gajuwaka
C6588	Domestic	3.21	East	Dwaraka Nagar
C6589	Commercial	32.34	Central	Dwaraka Nagar
C6590	Domestic	2.21	West	NAD
C6591	Domestic	3.35	East	Gajuwaka
C6592	Domestic	7.99	East	MVP Colony
C6593	Domestic	4.07	Central	NAD
C6594	Industrial	99	West	Dwaraka Nagar
C6595	Domestic	5.76	Central	Rushikonda
C6596	Domestic	5.89	North	NAD
C6597	Domestic	1.81	North	Rushikonda
C6598	Domestic	9.63	East	MVP Colony
C6599	Domestic	2.98	Central	Madhurawada
C6600	Commercial	30.61	North	Rushikonda
C6601	Domestic	4.86	South	Rushikonda
C6602	Domestic	5.03	North	Akkayyapalem
C6603	Domestic	6.97	Central	Akkayyapalem
C6604	Domestic	7.13	Central	Seethammadhara
C6605	Domestic	2.81	North	Akkayyapalem
C6606	Domestic	5.75	Central	Madhurawada
C6607	Commercial	41.2	Central	MVP Colony
C6608	Commercial	26.62	South	Seethammadhara
C6609	Domestic	2.91	East	Gajuwaka
C6610	Domestic	4.16	Central	Rushikonda
C6611	Domestic	3.31	West	NAD
C6612	Domestic	2.57	East	MVP Colony
C6613	Commercial	23.86	East	Madhurawada
C6614	Domestic	6.1	West	Rushikonda
C6615	Domestic	2.12	North	Seethammadhara
C6616	Commercial	33.36	South	Dwaraka Nagar
C6617	Commercial	49.71	Central	Akkayyapalem
C6618	Domestic	9.7	North	Akkayyapalem
C6619	Domestic	8.55	West	MVP Colony
C6620	Domestic	3.76	South	Rushikonda
C6621	Domestic	1.69	South	Akkayyapalem
C6622	Commercial	43.01	South	Akkayyapalem
C6623	Commercial	10.34	West	Rushikonda
C6624	Commercial	16.64	North	MVP Colony
C6625	Domestic	6.13	Central	MVP Colony
C6626	Commercial	15.49	South	Seethammadhara
C6627	Domestic	8.59	South	Madhurawada
C6628	Domestic	8.11	North	Madhurawada
C6629	Domestic	7.92	South	Akkayyapalem
C6630	Domestic	8.44	South	Seethammadhara
C6631	Commercial	17.23	West	MVP Colony
C6632	Domestic	7.7	East	MVP Colony
C6633	Domestic	4.52	North	Akkayyapalem
C6634	Domestic	7.17	North	Gajuwaka
C6635	Domestic	2.54	North	Dwaraka Nagar
C6636	Domestic	7.5	West	NAD
C6637	Domestic	9.76	West	NAD
C6638	Commercial	9.83	Central	Rushikonda
C6639	Domestic	2.3	West	Akkayyapalem
C6640	Domestic	2.55	North	Seethammadhara
C6641	Domestic	5.16	Central	Rushikonda
C6642	Commercial	20.21	East	NAD
C6643	Domestic	8.36	South	Madhurawada
C6644	Domestic	5.53	South	Seethammadhara
C6645	Domestic	5.62	Central	Rushikonda
C6646	Domestic	7.59	East	Seethammadhara
C6647	Domestic	4.58	South	Rushikonda
C6648	Commercial	22.83	Central	Madhurawada
C6649	Domestic	7.93	West	Gajuwaka
C6650	Domestic	8.13	North	Akkayyapalem
C6651	Commercial	8.6	East	Madhurawada
C6652	Domestic	2.72	South	Akkayyapalem
C6653	Domestic	3.31	North	Akkayyapalem
C6654	Domestic	4.49	Central	Rushikonda
C6655	Domestic	3.98	South	Seethammadhara
C6656	Domestic	7.18	North	MVP Colony
C6657	Domestic	8.54	West	Dwaraka Nagar
C6658	Commercial	16.07	East	Dwaraka Nagar
C6659	Industrial	69.41	Central	Akkayyapalem
C6660	Domestic	4.63	South	Dwaraka Nagar
C6661	Domestic	5.8	West	Dwaraka Nagar
C6662	Domestic	6.78	East	NAD
C6663	Commercial	45.53	East	Seethammadhara
C6664	Domestic	3.13	West	NAD
C6665	Domestic	2.24	South	MVP Colony
C6666	Commercial	34.34	East	Gajuwaka
C6667	Commercial	24.55	Central	Seethammadhara
C6668	Commercial	14.84	North	Madhurawada
C6669	Domestic	2.5	Central	Rushikonda
C6670	Commercial	31.47	East	Rushikonda
C6671	Commercial	20.62	North	Rushikonda
C6672	Domestic	9.98	West	Madhurawada
C6673	Domestic	4.95	North	NAD
C6674	Domestic	3.3	North	Akkayyapalem
C6675	Industrial	74.02	North	Dwaraka Nagar
C6676	Domestic	3.58	East	MVP Colony
C6677	Domestic	5.7	South	Gajuwaka
C6678	Domestic	5.6	East	NAD
C6679	Commercial	27.05	South	Akkayyapalem
C6680	Domestic	8.27	West	MVP Colony
C6681	Domestic	3.34	West	Rushikonda
C6682	Domestic	9.19	West	Akkayyapalem
C6683	Commercial	41.24	West	MVP Colony
C6684	Domestic	4.33	West	NAD
C6685	Domestic	3.04	Central	MVP Colony
C6686	Commercial	19.74	East	Seethammadhara
C6687	Domestic	4.33	South	Dwaraka Nagar
C6688	Commercial	31.39	West	MVP Colony
C6689	Domestic	1.89	Central	Gajuwaka
C6690	Domestic	9.27	Central	MVP Colony
C6691	Domestic	2.34	Central	Seethammadhara
C6692	Domestic	3.87	East	Madhurawada
C6693	Domestic	2.43	West	Seethammadhara
C6694	Domestic	3.68	Central	MVP Colony
C6695	Commercial	43.18	Central	Rushikonda
C6696	Domestic	6.73	West	Akkayyapalem
C6697	Domestic	3.43	East	Rushikonda
C6698	Domestic	8.91	Central	Rushikonda
C6699	Industrial	86.05	South	NAD
C6700	Domestic	7.91	North	Madhurawada
C6701	Domestic	8.7	North	NAD
C6702	Domestic	6.77	North	Akkayyapalem
C6703	Domestic	5.76	East	Gajuwaka
C6704	Domestic	4.68	Central	Dwaraka Nagar
C6705	Commercial	17.4	North	Gajuwaka
C6706	Domestic	6.24	North	Madhurawada
C6707	Commercial	45.36	West	Akkayyapalem
C6708	Domestic	6.55	Central	Rushikonda
C6709	Domestic	9.32	Central	Akkayyapalem
C6710	Commercial	22.99	West	Rushikonda
C6711	Domestic	7.41	Central	Dwaraka Nagar
C6712	Industrial	75.41	South	MVP Colony
C6713	Domestic	7.2	East	Madhurawada
C6714	Commercial	35.09	West	Dwaraka Nagar
C6715	Domestic	3.38	North	Seethammadhara
C6716	Domestic	2.72	Central	Seethammadhara
C6717	Domestic	9.82	South	NAD
C6718	Domestic	1.89	South	Rushikonda
C6719	Domestic	5.48	East	Dwaraka Nagar
C6720	Domestic	5.11	South	NAD
C6721	Domestic	4.56	Central	Seethammadhara
C6722	Domestic	8.15	Central	Seethammadhara
C6723	Commercial	39.3	South	NAD
C6724	Domestic	9.19	Central	Akkayyapalem
C6725	Domestic	4.86	Central	Dwaraka Nagar
C6726	Domestic	6.3	North	Akkayyapalem
C6727	Domestic	9.08	West	Seethammadhara
C6728	Domestic	9.95	Central	Akkayyapalem
C6729	Domestic	9.74	Central	Rushikonda
C6730	Commercial	38.15	East	Gajuwaka
C6731	Commercial	14.02	West	Gajuwaka
C6732	Domestic	1.7	West	Akkayyapalem
C6733	Domestic	8.51	West	Akkayyapalem
C6734	Domestic	8.65	South	Rushikonda
C6735	Domestic	7.84	North	NAD
C6736	Domestic	3.88	North	Akkayyapalem
C6737	Domestic	6.94	East	Madhurawada
C6738	Domestic	4.19	West	Dwaraka Nagar
C6739	Domestic	5.33	West	Madhurawada
C6740	Domestic	4.75	Central	Gajuwaka
C6741	Commercial	46.37	South	Madhurawada
C6742	Domestic	3.49	South	MVP Colony
C6743	Commercial	32.26	East	MVP Colony
C6744	Industrial	55.27	North	Gajuwaka
C6745	Domestic	7.14	West	Madhurawada
C6746	Domestic	6.3	East	Dwaraka Nagar
C6747	Domestic	9.35	South	Rushikonda
C6748	Industrial	37.11	South	Gajuwaka
C6749	Industrial	45.44	South	MVP Colony
C6750	Domestic	8.01	West	Gajuwaka
C6751	Domestic	4.63	West	Madhurawada
C6752	Commercial	14.96	West	Madhurawada
C6753	Domestic	5.78	Central	Madhurawada
C6754	Commercial	35.39	North	NAD
C6755	Commercial	9.88	South	Madhurawada
C6756	Domestic	3.98	South	Akkayyapalem
C6757	Domestic	8.38	Central	MVP Colony
C6758	Domestic	5.92	South	Seethammadhara
C6759	Domestic	1.8	South	MVP Colony
C6760	Domestic	3.9	West	NAD
C6761	Commercial	34.84	West	MVP Colony
C6762	Commercial	16.37	North	MVP Colony
C6763	Commercial	42.75	South	Gajuwaka
C6764	Domestic	7.25	East	Seethammadhara
C6765	Commercial	27.8	South	Seethammadhara
C6766	Commercial	46.46	South	Madhurawada
C6767	Domestic	4.83	North	Akkayyapalem
C6768	Domestic	3.5	East	Akkayyapalem
C6769	Domestic	7.12	South	Gajuwaka
C6770	Commercial	32.08	East	Akkayyapalem
C6771	Domestic	4.35	West	Gajuwaka
C6772	Commercial	22.43	West	Seethammadhara
C6773	Domestic	4.88	East	Seethammadhara
C6774	Commercial	20.23	South	Rushikonda
C6775	Domestic	7.54	East	Seethammadhara
C6776	Domestic	7.04	East	Akkayyapalem
C6777	Domestic	5.25	West	MVP Colony
C6778	Domestic	4.88	East	Seethammadhara
C6779	Commercial	23.33	Central	Rushikonda
C6780	Domestic	3.91	Central	Dwaraka Nagar
C6781	Domestic	2.23	West	Madhurawada
C6782	Domestic	3.78	South	Dwaraka Nagar
C6783	Domestic	4.23	South	MVP Colony
C6784	Domestic	6.16	West	NAD
C6785	Domestic	8.08	South	Gajuwaka
C6786	Commercial	24.62	North	Rushikonda
C6787	Domestic	9.53	Central	Akkayyapalem
C6788	Commercial	42.75	North	Akkayyapalem
C6789	Industrial	98.94	North	MVP Colony
C6790	Domestic	8.95	North	Akkayyapalem
C6791	Domestic	6.74	West	MVP Colony
C6792	Domestic	6.59	North	Rushikonda
C6793	Industrial	39.07	East	Dwaraka Nagar
C6794	Commercial	38.34	South	NAD
C6795	Domestic	6.6	West	Gajuwaka
C6796	Commercial	29.29	East	Akkayyapalem
C6797	Domestic	7.39	East	NAD
C6798	Industrial	61.08	Central	NAD
C6799	Industrial	66.67	Central	NAD
C6800	Domestic	4.89	East	Madhurawada
C6801	Domestic	7.6	Central	NAD
C6802	Domestic	8.95	South	Seethammadhara
C6803	Domestic	8.65	South	MVP Colony
C6804	Commercial	41.01	Central	Madhurawada
C6805	Domestic	1.62	North	Seethammadhara
C6806	Domestic	9.25	East	Madhurawada
C6807	Domestic	3.84	South	NAD
C6808	Industrial	92.16	Central	Akkayyapalem
C6809	Domestic	3.17	Central	Akkayyapalem
C6810	Domestic	5.24	South	Akkayyapalem
C6811	Domestic	7.87	South	Akkayyapalem
C6812	Industrial	74.82	North	MVP Colony
C6813	Commercial	25.47	Central	Rushikonda
C6814	Domestic	7.27	Central	Akkayyapalem
C6815	Domestic	6.17	West	Gajuwaka
C6816	Domestic	3.84	North	NAD
C6817	Domestic	6.99	South	Madhurawada
C6818	Domestic	3.24	South	Gajuwaka
C6819	Commercial	37.15	East	Akkayyapalem
C6820	Domestic	1.53	South	Gajuwaka
C6821	Commercial	31.05	Central	Madhurawada
C6822	Domestic	4.91	South	Akkayyapalem
C6823	Commercial	20.73	Central	Gajuwaka
C6824	Commercial	29.66	Central	MVP Colony
C6825	Domestic	6.99	North	MVP Colony
C6826	Domestic	9.71	South	NAD
C6827	Domestic	8.58	North	Rushikonda
C6828	Domestic	7.6	Central	NAD
C6829	Domestic	5.57	South	Seethammadhara
C6830	Domestic	4.83	South	Gajuwaka
C6831	Industrial	32.28	North	Madhurawada
C6832	Domestic	4.55	North	MVP Colony
C6833	Commercial	43.63	Central	Dwaraka Nagar
C6834	Domestic	4.76	Central	Rushikonda
C6835	Commercial	27.39	South	NAD
C6836	Domestic	3.81	South	Seethammadhara
C6837	Commercial	19.51	West	MVP Colony
C6838	Domestic	2.03	West	Seethammadhara
C6839	Domestic	6.72	East	Akkayyapalem
C6840	Domestic	5.31	Central	Gajuwaka
C6841	Domestic	6.65	East	Seethammadhara
C6842	Domestic	6.15	East	Rushikonda
C6843	Domestic	8.29	North	MVP Colony
C6844	Domestic	7.88	North	MVP Colony
C6845	Commercial	40.4	West	Gajuwaka
C6846	Domestic	5.74	East	NAD
C6847	Domestic	4.51	West	NAD
C6848	Commercial	47.2	Central	Dwaraka Nagar
C6849	Domestic	1.96	South	Rushikonda
C6850	Domestic	2.8	North	Dwaraka Nagar
C6851	Domestic	5.07	Central	NAD
C6852	Industrial	72.98	Central	NAD
C6853	Commercial	8.34	North	Rushikonda
C6854	Commercial	38.21	North	Seethammadhara
C6855	Domestic	6.25	East	Rushikonda
C6856	Commercial	28.36	West	NAD
C6857	Domestic	5.1	Central	NAD
C6858	Domestic	5.92	East	MVP Colony
C6859	Domestic	2.88	East	Dwaraka Nagar
C6860	Domestic	2.42	Central	Gajuwaka
C6861	Domestic	3.96	Central	Rushikonda
C6862	Domestic	7.53	South	Madhurawada
C6863	Domestic	6.5	West	Gajuwaka
C6864	Domestic	5.58	Central	Rushikonda
C6865	Commercial	32	North	Akkayyapalem
C6866	Domestic	6.25	South	Rushikonda
C6867	Commercial	20.9	West	Madhurawada
C6868	Domestic	2.33	North	MVP Colony
C6869	Commercial	45.66	North	Akkayyapalem
C6870	Domestic	6.6	West	Dwaraka Nagar
C6871	Domestic	7.43	South	Madhurawada
C6872	Domestic	5.44	North	NAD
C6873	Domestic	7.93	East	Akkayyapalem
C6874	Commercial	32.55	West	MVP Colony
C6875	Domestic	1.96	West	Rushikonda
C6876	Domestic	9.07	Central	Rushikonda
C6877	Commercial	20.83	South	Madhurawada
C6878	Domestic	2.67	East	NAD
C6879	Domestic	2.25	East	Akkayyapalem
C6880	Domestic	7.62	Central	MVP Colony
C6881	Domestic	7.48	North	Rushikonda
C6882	Domestic	7.45	North	Akkayyapalem
C6883	Domestic	9.28	East	Madhurawada
C6884	Industrial	54.43	South	NAD
C6885	Domestic	6.27	North	Dwaraka Nagar
C6886	Domestic	6.77	West	Seethammadhara
C6887	Domestic	9.83	Central	MVP Colony
C6888	Commercial	21.12	South	Madhurawada
C6889	Commercial	48.17	North	Rushikonda
C6890	Domestic	2.76	East	NAD
C6891	Commercial	40.09	Central	Dwaraka Nagar
C6892	Domestic	6.88	North	Akkayyapalem
C6893	Domestic	8.44	East	NAD
C6894	Domestic	1.74	North	Seethammadhara
C6895	Domestic	2.16	Central	Dwaraka Nagar
C6896	Domestic	2.09	West	Madhurawada
C6897	Commercial	32.9	West	Rushikonda
C6898	Domestic	6.62	East	NAD
C6899	Industrial	93.43	West	Seethammadhara
C6900	Domestic	5.47	Central	NAD
C6901	Domestic	2.08	East	Gajuwaka
C6902	Domestic	3.28	North	MVP Colony
C6903	Domestic	1.57	South	NAD
C6904	Domestic	8.1	North	Seethammadhara
C6905	Domestic	8.43	Central	Dwaraka Nagar
C6906	Domestic	9.98	East	MVP Colony
C6907	Domestic	5	North	Madhurawada
C6908	Commercial	8.81	East	Seethammadhara
C6909	Domestic	3.5	West	MVP Colony
C6910	Domestic	6.5	South	Gajuwaka
C6911	Domestic	9.68	Central	Rushikonda
C6912	Commercial	12.35	North	Madhurawada
C6913	Commercial	13.11	South	NAD
C6914	Domestic	7.46	Central	Seethammadhara
C6915	Domestic	7.17	Central	Akkayyapalem
C6916	Domestic	3.63	West	Madhurawada
C6917	Industrial	86.92	East	Seethammadhara
C6918	Domestic	2.59	East	Rushikonda
C6919	Domestic	9.37	South	Rushikonda
C6920	Domestic	3.21	West	Madhurawada
C6921	Domestic	2.19	Central	Gajuwaka
C6922	Industrial	53.77	West	Dwaraka Nagar
C6923	Domestic	3.1	West	Madhurawada
C6924	Domestic	5.98	South	Seethammadhara
C6925	Domestic	7.34	East	Rushikonda
C6926	Commercial	28.62	West	Dwaraka Nagar
C6927	Commercial	35.75	West	MVP Colony
C6928	Domestic	4.6	West	Akkayyapalem
C6929	Domestic	1.74	North	Gajuwaka
C6930	Commercial	48.91	West	Rushikonda
C6931	Domestic	8.47	West	NAD
C6932	Domestic	2.12	Central	Rushikonda
C6933	Domestic	5.32	North	Seethammadhara
C6934	Industrial	74.45	West	Seethammadhara
C6935	Domestic	3.12	West	Seethammadhara
C6936	Commercial	32.28	South	Madhurawada
C6937	Domestic	6.04	South	Akkayyapalem
C6938	Domestic	3.27	North	Akkayyapalem
C6939	Domestic	2.7	Central	Dwaraka Nagar
C6940	Domestic	7.95	North	Madhurawada
C6941	Domestic	4.24	North	Seethammadhara
C6942	Domestic	3.57	South	Akkayyapalem
C6943	Domestic	7.77	South	Rushikonda
C6944	Commercial	38.91	Central	Seethammadhara
C6945	Industrial	49.35	West	Seethammadhara
C6946	Domestic	8.92	Central	Seethammadhara
C6947	Domestic	7.35	West	Gajuwaka
C6948	Domestic	4.44	East	NAD
C6949	Domestic	5.13	South	MVP Colony
C6950	Commercial	38.52	East	Rushikonda
C6951	Domestic	3.3	East	MVP Colony
C6952	Domestic	5.48	South	Dwaraka Nagar
C6953	Commercial	35.45	East	Akkayyapalem
C6954	Domestic	6.09	North	MVP Colony
C6955	Domestic	6.67	West	Dwaraka Nagar
C6956	Domestic	6.14	Central	NAD
C6957	Domestic	3.19	South	Seethammadhara
C6958	Domestic	4.99	North	Rushikonda
C6959	Commercial	30.34	Central	Rushikonda
C6960	Commercial	40.76	Central	Madhurawada
C6961	Domestic	7.06	Central	Gajuwaka
C6962	Commercial	25.92	East	NAD
C6963	Domestic	9.78	East	NAD
C6964	Commercial	12.53	East	MVP Colony
C6965	Domestic	3.26	East	MVP Colony
C6966	Commercial	22.34	North	Gajuwaka
C6967	Commercial	17.6	East	Rushikonda
C6968	Domestic	6.82	South	Madhurawada
C6969	Commercial	9.66	Central	NAD
C6970	Commercial	15.45	North	Akkayyapalem
C6971	Commercial	20.32	East	MVP Colony
C6972	Domestic	7.31	Central	Rushikonda
C6973	Commercial	44.79	North	NAD
C6974	Commercial	41.54	Central	Madhurawada
C6975	Domestic	3.05	North	Rushikonda
C6976	Industrial	69.58	West	Dwaraka Nagar
C6977	Domestic	1.76	North	Madhurawada
C6978	Domestic	4.14	East	NAD
C6979	Domestic	8.35	Central	NAD
C6980	Domestic	5.38	Central	Gajuwaka
C6981	Domestic	2.77	Central	Rushikonda
C6982	Domestic	5.23	South	Rushikonda
C6983	Industrial	43.86	South	Rushikonda
C6984	Domestic	4.84	East	NAD
C6985	Domestic	5.65	West	Rushikonda
C6986	Domestic	4.47	South	Rushikonda
C6987	Domestic	9.46	North	MVP Colony
C6988	Commercial	31.63	East	Akkayyapalem
C6989	Domestic	8.66	West	Gajuwaka
C6990	Commercial	39.95	North	NAD
C6991	Domestic	7.12	Central	Rushikonda
C6992	Domestic	5.72	South	Madhurawada
C6993	Domestic	1.52	North	NAD
C6994	Domestic	6.71	West	Madhurawada
C6995	Domestic	4.53	East	Madhurawada
C6996	Domestic	2.5	North	NAD
C6997	Domestic	5.28	East	Madhurawada
C6998	Commercial	38.89	Central	Akkayyapalem
C6999	Domestic	9.67	West	Dwaraka Nagar
C7000	Domestic	4.68	West	Gajuwaka
C7001	Domestic	6.11	South	NAD
C7002	Domestic	8.74	West	Seethammadhara
C7003	Commercial	22.03	North	Dwaraka Nagar
C7004	Domestic	2.71	North	Rushikonda
C7005	Domestic	3.9	North	Madhurawada
C7006	Industrial	92.94	Central	Madhurawada
C7007	Domestic	2.85	West	Gajuwaka
C7008	Domestic	4.3	West	Dwaraka Nagar
C7009	Domestic	5.45	North	Dwaraka Nagar
C7010	Domestic	8.7	South	NAD
C7011	Commercial	47.38	South	Rushikonda
C7012	Commercial	25.88	West	Madhurawada
C7013	Industrial	95.24	West	Seethammadhara
C7014	Domestic	2.87	East	MVP Colony
C7015	Domestic	2.83	West	Rushikonda
C7016	Commercial	47.87	North	Seethammadhara
C7017	Domestic	5.83	Central	NAD
C7018	Domestic	3.08	West	NAD
C7019	Domestic	5.65	West	NAD
C7020	Domestic	8.16	North	Gajuwaka
C7021	Domestic	8.53	East	Gajuwaka
C7022	Commercial	44.29	West	Rushikonda
C7023	Commercial	31.92	South	NAD
C7024	Domestic	8.87	South	Akkayyapalem
C7025	Domestic	5.84	South	MVP Colony
C7026	Domestic	6.66	Central	Dwaraka Nagar
C7027	Commercial	39.87	Central	Dwaraka Nagar
C7028	Domestic	5.12	West	Madhurawada
C7029	Commercial	11.09	West	Dwaraka Nagar
C7030	Domestic	4.48	West	Seethammadhara
C7031	Domestic	6.8	Central	Dwaraka Nagar
C7032	Domestic	3.13	West	MVP Colony
C7033	Commercial	14.23	North	Dwaraka Nagar
C7034	Domestic	3.99	East	Seethammadhara
C7035	Domestic	1.77	South	MVP Colony
C7036	Domestic	7.82	South	Gajuwaka
C7037	Commercial	18.87	North	MVP Colony
C7038	Commercial	13.22	West	Gajuwaka
C7039	Domestic	7.44	Central	MVP Colony
C7040	Commercial	43.4	West	NAD
C7041	Domestic	1.67	West	Seethammadhara
C7042	Domestic	3.49	South	Akkayyapalem
C7043	Domestic	9.53	South	Rushikonda
C7044	Domestic	4.77	Central	Gajuwaka
C7045	Commercial	47.42	South	Gajuwaka
C7046	Commercial	19.52	West	Dwaraka Nagar
C7047	Domestic	3.35	North	Gajuwaka
C7048	Domestic	3.32	Central	MVP Colony
C7049	Commercial	11.58	North	NAD
C7050	Commercial	45.65	West	NAD
C7051	Domestic	9.83	Central	Dwaraka Nagar
C7052	Industrial	96.82	North	MVP Colony
C7053	Domestic	8.74	Central	MVP Colony
C7054	Domestic	8.7	West	Madhurawada
C7055	Commercial	35.77	Central	Rushikonda
C7056	Domestic	8.52	West	Gajuwaka
C7057	Domestic	3.27	Central	Dwaraka Nagar
C7058	Domestic	4.8	Central	NAD
C7059	Commercial	34.92	South	Seethammadhara
C7060	Commercial	44.74	West	Akkayyapalem
C7061	Domestic	7.11	East	Madhurawada
C7062	Domestic	8.63	Central	Rushikonda
C7063	Domestic	5.53	North	MVP Colony
C7064	Domestic	7.6	South	Gajuwaka
C7065	Domestic	9.83	South	NAD
C7066	Commercial	14.45	Central	Seethammadhara
C7067	Domestic	9.38	East	Madhurawada
C7068	Domestic	5.94	South	MVP Colony
C7069	Domestic	6.97	West	NAD
C7070	Domestic	8.96	Central	NAD
C7071	Commercial	25.21	Central	MVP Colony
C7072	Domestic	5.06	East	MVP Colony
C7073	Domestic	5.98	West	Dwaraka Nagar
C7074	Domestic	1.66	West	NAD
C7075	Domestic	5.72	East	MVP Colony
C7076	Domestic	3.97	North	Akkayyapalem
C7077	Domestic	9.39	West	Rushikonda
C7078	Domestic	2.25	North	Seethammadhara
C7079	Domestic	5.4	North	Seethammadhara
C7080	Domestic	9.55	Central	Akkayyapalem
C7081	Domestic	9.16	Central	Seethammadhara
C7082	Industrial	79.09	South	Madhurawada
C7083	Domestic	6.51	Central	Seethammadhara
C7084	Domestic	3.89	West	Gajuwaka
C7085	Domestic	4.62	West	Seethammadhara
C7086	Domestic	2.27	North	Akkayyapalem
C7087	Commercial	41.02	West	Dwaraka Nagar
C7088	Domestic	4.25	Central	MVP Colony
C7089	Commercial	36.05	Central	Gajuwaka
C7090	Domestic	4.54	Central	Dwaraka Nagar
C7091	Domestic	5.45	East	NAD
C7092	Commercial	31.31	West	Gajuwaka
C7093	Domestic	8.32	South	Akkayyapalem
C7094	Domestic	3.29	West	Dwaraka Nagar
C7095	Domestic	4.89	West	MVP Colony
C7096	Commercial	13.46	East	MVP Colony
C7097	Domestic	2.14	West	Seethammadhara
C7098	Commercial	33.4	North	Dwaraka Nagar
C7099	Domestic	3.11	Central	NAD
C7100	Commercial	10.51	Central	Seethammadhara
C7101	Domestic	9.13	East	Akkayyapalem
C7102	Commercial	30.44	Central	Dwaraka Nagar
C7103	Domestic	2.64	North	Madhurawada
C7104	Commercial	10.24	East	Dwaraka Nagar
C7105	Domestic	2.52	South	Dwaraka Nagar
C7106	Domestic	5.51	Central	Akkayyapalem
C7107	Domestic	7.18	West	MVP Colony
C7108	Domestic	6.95	North	Seethammadhara
C7109	Domestic	2.73	North	NAD
C7110	Commercial	34.61	Central	Seethammadhara
C7111	Industrial	58.34	South	Dwaraka Nagar
C7112	Domestic	5.45	West	Gajuwaka
C7113	Commercial	41.66	South	MVP Colony
C7114	Domestic	4.33	South	MVP Colony
C7115	Domestic	2.75	Central	Rushikonda
C7116	Commercial	44.69	West	Dwaraka Nagar
C7117	Domestic	3.3	Central	Akkayyapalem
C7118	Industrial	50.58	Central	Gajuwaka
C7119	Domestic	7.51	North	Dwaraka Nagar
C7120	Domestic	7.31	Central	Gajuwaka
C7121	Domestic	8.3	East	MVP Colony
C7122	Domestic	3.06	West	Gajuwaka
C7123	Domestic	4.49	North	Seethammadhara
C7124	Industrial	38.81	West	Dwaraka Nagar
C7125	Commercial	30.72	North	Madhurawada
C7126	Commercial	20.29	East	Madhurawada
C7127	Domestic	7.36	Central	Gajuwaka
C7128	Domestic	1.5	North	Akkayyapalem
C7129	Domestic	2.01	North	Dwaraka Nagar
C7130	Domestic	5.18	North	NAD
C7131	Domestic	9.64	East	Madhurawada
C7132	Commercial	45.42	West	Rushikonda
C7133	Domestic	9.95	East	MVP Colony
C7134	Domestic	5.04	North	Seethammadhara
C7135	Domestic	1.9	North	Dwaraka Nagar
C7136	Domestic	4.1	Central	Dwaraka Nagar
C7137	Domestic	7.24	East	Seethammadhara
C7138	Commercial	13.68	East	Madhurawada
C7139	Domestic	4.05	South	Seethammadhara
C7140	Commercial	10.36	West	Seethammadhara
C7141	Domestic	5.54	South	NAD
C7142	Domestic	3.28	South	Rushikonda
C7143	Domestic	2.28	West	Seethammadhara
C7144	Commercial	25.27	Central	MVP Colony
C7145	Commercial	22.75	Central	NAD
C7146	Domestic	6.07	West	MVP Colony
C7147	Domestic	7.87	West	Madhurawada
C7148	Domestic	2.46	East	Dwaraka Nagar
C7149	Domestic	8.22	East	MVP Colony
C7150	Commercial	9.1	East	Dwaraka Nagar
C7151	Domestic	5.27	East	Gajuwaka
C7152	Domestic	6.49	North	Gajuwaka
C7153	Domestic	9.63	North	Rushikonda
C7154	Domestic	6.38	Central	Madhurawada
C7155	Domestic	2.85	North	Rushikonda
C7156	Domestic	5.9	North	Madhurawada
C7157	Commercial	24.62	East	Akkayyapalem
C7158	Commercial	28.13	East	Madhurawada
C7159	Domestic	3.18	West	Gajuwaka
C7160	Commercial	29.03	East	MVP Colony
C7161	Domestic	2.78	West	Seethammadhara
C7162	Domestic	7.82	West	Seethammadhara
C7163	Domestic	6.55	North	Seethammadhara
C7164	Domestic	2.17	East	NAD
C7165	Domestic	9.06	North	Seethammadhara
C7166	Domestic	6.74	East	Madhurawada
C7167	Domestic	4.19	North	Seethammadhara
C7168	Industrial	33.19	North	NAD
C7169	Domestic	6.87	North	NAD
C7170	Domestic	4.67	Central	Gajuwaka
C7171	Domestic	9.21	North	Akkayyapalem
C7172	Domestic	1.8	South	MVP Colony
C7173	Domestic	1.83	South	Gajuwaka
C7174	Commercial	47.87	South	Madhurawada
C7175	Domestic	9.7	West	Gajuwaka
C7176	Domestic	1.74	North	Gajuwaka
C7177	Domestic	7.59	South	Gajuwaka
C7178	Domestic	3.38	West	Madhurawada
C7179	Domestic	7.46	South	Madhurawada
C7180	Domestic	8.88	East	Rushikonda
C7181	Domestic	2.36	Central	Gajuwaka
C7182	Domestic	3.53	North	Gajuwaka
C7183	Domestic	1.7	Central	NAD
C7184	Industrial	33.07	Central	Rushikonda
C7185	Domestic	1.75	East	MVP Colony
C7186	Commercial	41.63	East	NAD
C7187	Commercial	20.53	East	Akkayyapalem
C7188	Domestic	5.69	West	MVP Colony
C7189	Domestic	8.2	South	Rushikonda
C7190	Domestic	5.71	North	Akkayyapalem
C7191	Domestic	5.15	East	MVP Colony
C7192	Domestic	1.6	North	Gajuwaka
C7193	Commercial	31.86	North	Rushikonda
C7194	Commercial	13.24	North	Rushikonda
C7195	Domestic	8	East	NAD
C7196	Domestic	3.69	East	MVP Colony
C7197	Domestic	7.23	South	Akkayyapalem
C7198	Commercial	35.14	East	MVP Colony
C7199	Domestic	6.74	East	Madhurawada
C7200	Domestic	3.77	North	MVP Colony
C7201	Commercial	19.22	South	Seethammadhara
C7202	Domestic	8.84	Central	Gajuwaka
C7203	Commercial	8.54	East	Dwaraka Nagar
C7204	Domestic	3.04	East	Madhurawada
C7205	Domestic	6.69	Central	Dwaraka Nagar
C7206	Commercial	42.32	North	Rushikonda
C7207	Domestic	4.55	South	Gajuwaka
C7208	Domestic	7.05	North	Seethammadhara
C7209	Domestic	6.24	West	Rushikonda
C7210	Domestic	2.05	East	Dwaraka Nagar
C7211	Domestic	6.78	West	Rushikonda
C7212	Domestic	8.42	East	MVP Colony
C7213	Domestic	9.94	West	Dwaraka Nagar
C7214	Domestic	1.75	Central	NAD
C7215	Commercial	35.72	East	Gajuwaka
C7216	Commercial	25.41	East	NAD
C7217	Domestic	1.58	West	Dwaraka Nagar
C7218	Domestic	6.72	South	Rushikonda
C7219	Domestic	2.54	West	Seethammadhara
C7220	Domestic	4.72	East	Rushikonda
C7221	Commercial	18.98	East	Rushikonda
C7222	Commercial	23.17	South	NAD
C7223	Domestic	5.69	North	Madhurawada
C7224	Domestic	4.55	South	Dwaraka Nagar
C7225	Domestic	6.2	North	Akkayyapalem
C7226	Domestic	3.53	East	NAD
C7227	Domestic	6.9	Central	MVP Colony
C7228	Industrial	89.76	Central	Dwaraka Nagar
C7229	Commercial	17.41	West	Seethammadhara
C7230	Domestic	5.82	South	Akkayyapalem
C7231	Domestic	7.01	South	Seethammadhara
C7232	Commercial	31.71	Central	Madhurawada
C7233	Domestic	4.61	North	MVP Colony
C7234	Domestic	6.96	South	Dwaraka Nagar
C7235	Domestic	1.74	North	Seethammadhara
C7236	Commercial	23.54	North	MVP Colony
C7237	Domestic	6.03	North	Dwaraka Nagar
C7238	Domestic	1.68	North	Dwaraka Nagar
C7239	Commercial	29.32	West	Gajuwaka
C7240	Commercial	35.48	West	NAD
C7241	Commercial	39.89	Central	Dwaraka Nagar
C7242	Domestic	2.46	West	Madhurawada
C7243	Domestic	9.92	South	Akkayyapalem
C7244	Commercial	33.46	West	NAD
C7245	Commercial	23.25	South	Gajuwaka
C7246	Domestic	3.62	South	NAD
C7247	Domestic	6.37	North	NAD
C7248	Commercial	45.03	Central	Dwaraka Nagar
C7249	Commercial	29.86	North	Madhurawada
C7250	Domestic	7.12	North	Dwaraka Nagar
C7251	Domestic	4.54	West	Seethammadhara
C7252	Domestic	4.8	West	Madhurawada
C7253	Domestic	3.93	South	Seethammadhara
C7254	Domestic	7.5	West	Madhurawada
C7255	Domestic	4.55	West	MVP Colony
C7256	Domestic	3.12	East	Dwaraka Nagar
C7257	Domestic	4.64	South	Rushikonda
C7258	Domestic	8.76	South	Rushikonda
C7259	Commercial	39.01	East	Seethammadhara
C7260	Domestic	4.34	South	Gajuwaka
C7261	Domestic	9.21	Central	Akkayyapalem
C7262	Commercial	11.14	Central	Rushikonda
C7263	Domestic	1.92	East	Rushikonda
C7264	Industrial	38.92	West	NAD
C7265	Commercial	12.89	Central	MVP Colony
C7266	Domestic	2.25	East	Seethammadhara
C7267	Industrial	76.29	Central	Gajuwaka
C7268	Domestic	6.61	North	Akkayyapalem
C7269	Domestic	7	East	Akkayyapalem
C7270	Domestic	7.35	South	Dwaraka Nagar
C7271	Domestic	7.93	Central	Madhurawada
C7272	Commercial	16.7	South	Seethammadhara
C7273	Domestic	6.79	East	Dwaraka Nagar
C7274	Domestic	6.43	Central	Akkayyapalem
C7275	Domestic	9.52	South	Dwaraka Nagar
C7276	Domestic	3.48	West	MVP Colony
C7277	Domestic	2	West	Seethammadhara
C7278	Domestic	7.05	North	Gajuwaka
C7279	Commercial	39.09	East	Akkayyapalem
C7280	Domestic	3.91	South	Seethammadhara
C7281	Commercial	31.98	North	Rushikonda
C7282	Domestic	2.01	East	MVP Colony
C7283	Commercial	48.32	West	Gajuwaka
C7284	Commercial	12.62	South	Rushikonda
C7285	Domestic	2.07	Central	MVP Colony
C7286	Domestic	1.87	West	NAD
C7287	Commercial	25.95	Central	Madhurawada
C7288	Domestic	2.33	Central	Rushikonda
C7289	Industrial	82.13	South	Rushikonda
C7290	Domestic	9.14	South	Madhurawada
C7291	Domestic	3.71	Central	Madhurawada
C7292	Domestic	6.84	North	NAD
C7293	Industrial	32.96	Central	Akkayyapalem
C7294	Domestic	4.79	Central	Akkayyapalem
C7295	Commercial	20.3	South	NAD
C7296	Commercial	17.6	East	Madhurawada
C7297	Domestic	6.98	West	Madhurawada
C7298	Domestic	2.61	South	Gajuwaka
C7299	Commercial	44.15	North	Gajuwaka
C7300	Domestic	7.15	West	Rushikonda
C7301	Commercial	37.85	South	Dwaraka Nagar
C7302	Domestic	9.45	South	Rushikonda
C7303	Domestic	9.51	East	Seethammadhara
C7304	Commercial	31.17	North	Seethammadhara
C7305	Domestic	5.71	North	Seethammadhara
C7306	Domestic	4.35	South	MVP Colony
C7307	Domestic	7.58	East	Gajuwaka
C7308	Domestic	6.07	South	Gajuwaka
C7309	Domestic	9.43	Central	Gajuwaka
C7310	Commercial	18.02	Central	Gajuwaka
C7311	Domestic	4.14	East	Rushikonda
C7312	Domestic	4.19	South	NAD
C7313	Domestic	8.35	East	Dwaraka Nagar
C7314	Domestic	2.34	South	Gajuwaka
C7315	Domestic	5.37	South	Akkayyapalem
C7316	Commercial	25.96	Central	MVP Colony
C7317	Commercial	11.07	West	Seethammadhara
C7318	Domestic	4.99	North	Gajuwaka
C7319	Domestic	5.86	North	NAD
C7320	Domestic	2.05	East	Akkayyapalem
C7321	Domestic	5.83	North	Seethammadhara
C7322	Domestic	9.65	Central	Madhurawada
C7323	Domestic	9.82	West	Rushikonda
C7324	Domestic	6.02	South	Madhurawada
C7325	Domestic	5.88	South	Seethammadhara
C7326	Domestic	3.93	Central	Dwaraka Nagar
C7327	Industrial	99.8	North	Madhurawada
C7328	Domestic	3.83	South	Gajuwaka
C7329	Domestic	5.35	North	Seethammadhara
C7330	Domestic	1.52	Central	NAD
C7331	Domestic	4.47	South	Dwaraka Nagar
C7332	Commercial	11	East	Akkayyapalem
C7333	Domestic	7.82	West	Gajuwaka
C7334	Domestic	6.27	North	Madhurawada
C7335	Domestic	6.36	North	MVP Colony
C7336	Commercial	20.03	North	Rushikonda
C7337	Domestic	8.43	North	Gajuwaka
C7338	Domestic	1.53	Central	MVP Colony
C7339	Domestic	4.34	Central	Akkayyapalem
C7340	Domestic	7.11	Central	MVP Colony
C7341	Domestic	9.22	Central	Akkayyapalem
C7342	Domestic	3.49	South	Dwaraka Nagar
C7343	Domestic	6.1	Central	NAD
C7344	Commercial	30.6	South	Madhurawada
C7345	Domestic	8.93	East	Rushikonda
C7346	Domestic	1.93	Central	Madhurawada
C7347	Domestic	5.11	East	Rushikonda
C7348	Industrial	42.77	Central	Gajuwaka
C7349	Domestic	1.68	East	Seethammadhara
C7350	Commercial	14.18	West	Madhurawada
C7351	Domestic	9.8	East	Dwaraka Nagar
C7352	Domestic	3.33	South	Madhurawada
C7353	Domestic	9.45	North	Gajuwaka
C7354	Domestic	3.24	East	Madhurawada
C7355	Commercial	47.11	North	NAD
C7356	Industrial	75.82	West	Akkayyapalem
C7357	Domestic	2.46	West	MVP Colony
C7358	Domestic	6.45	South	MVP Colony
C7359	Commercial	21.38	South	Akkayyapalem
C7360	Domestic	4.76	East	MVP Colony
C7361	Domestic	5.24	Central	NAD
C7362	Domestic	5.09	West	Dwaraka Nagar
C7363	Domestic	7.14	North	Gajuwaka
C7364	Domestic	8.03	Central	NAD
C7365	Domestic	4.3	West	Gajuwaka
C7366	Domestic	9.36	East	Dwaraka Nagar
C7367	Domestic	9.48	West	NAD
C7368	Domestic	1.85	South	Madhurawada
C7369	Domestic	1.63	North	Seethammadhara
C7370	Commercial	25.85	North	Dwaraka Nagar
C7371	Domestic	6.52	South	MVP Colony
C7372	Domestic	3.86	Central	NAD
C7373	Commercial	18.9	South	Dwaraka Nagar
C7374	Commercial	36.49	North	Dwaraka Nagar
C7375	Domestic	6.61	East	NAD
C7376	Domestic	2.92	Central	MVP Colony
C7377	Commercial	45.15	West	Akkayyapalem
C7378	Commercial	36.56	East	MVP Colony
C7379	Industrial	55.38	Central	Dwaraka Nagar
C7380	Commercial	36.71	North	Gajuwaka
C7381	Domestic	2.46	North	Akkayyapalem
C7382	Domestic	5.48	East	Rushikonda
C7383	Domestic	2.94	Central	Akkayyapalem
C7384	Domestic	1.85	West	Dwaraka Nagar
C7385	Domestic	4.38	West	NAD
C7386	Domestic	2.78	South	NAD
C7387	Domestic	6.88	East	NAD
C7388	Commercial	36.31	Central	MVP Colony
C7389	Domestic	2.76	East	Madhurawada
C7390	Domestic	1.71	West	NAD
C7391	Domestic	8.24	Central	NAD
C7392	Domestic	1.52	North	Akkayyapalem
C7393	Commercial	22.44	North	Gajuwaka
C7394	Domestic	5.7	Central	Gajuwaka
C7395	Industrial	87.3	East	Dwaraka Nagar
C7396	Domestic	8.63	East	Dwaraka Nagar
C7397	Domestic	7.66	North	Dwaraka Nagar
C7398	Domestic	3.6	North	NAD
C7399	Domestic	7.62	West	Gajuwaka
C7400	Commercial	18.35	Central	Dwaraka Nagar
C7401	Domestic	3.32	East	Rushikonda
C7402	Commercial	30.98	West	Gajuwaka
C7403	Domestic	7.27	East	NAD
C7404	Commercial	10.23	North	Akkayyapalem
C7405	Domestic	2.01	Central	NAD
C7406	Commercial	40.94	South	Dwaraka Nagar
C7407	Domestic	8.81	Central	NAD
C7408	Domestic	6.64	South	NAD
C7409	Domestic	5.15	West	Rushikonda
C7410	Commercial	43.5	South	Gajuwaka
C7411	Domestic	7.69	South	Madhurawada
C7412	Domestic	6.43	West	Rushikonda
C7413	Commercial	21.43	Central	MVP Colony
C7414	Domestic	3.18	West	Rushikonda
C7415	Domestic	5.06	North	Dwaraka Nagar
C7416	Domestic	3.94	North	Seethammadhara
C7417	Domestic	4.38	South	Madhurawada
C7418	Commercial	29.66	West	Akkayyapalem
C7419	Commercial	15.1	West	Seethammadhara
C7420	Domestic	8.35	West	Dwaraka Nagar
C7421	Industrial	40.19	Central	Madhurawada
C7422	Domestic	5.59	East	NAD
C7423	Domestic	7.84	East	Dwaraka Nagar
C7424	Domestic	5.62	East	Madhurawada
C7425	Domestic	4.57	Central	MVP Colony
C7426	Domestic	5.54	West	NAD
C7427	Commercial	43.64	East	Rushikonda
C7428	Commercial	49.6	West	Dwaraka Nagar
C7429	Domestic	6.86	South	Akkayyapalem
C7430	Domestic	8.24	East	Rushikonda
C7431	Commercial	8.61	South	Akkayyapalem
C7432	Commercial	44.98	Central	Dwaraka Nagar
C7433	Commercial	48.07	North	Madhurawada
C7434	Domestic	6.39	Central	Rushikonda
C7435	Commercial	39.66	Central	Rushikonda
C7436	Domestic	5.86	Central	Dwaraka Nagar
C7437	Domestic	3.93	East	Seethammadhara
C7438	Domestic	8.74	South	NAD
C7439	Domestic	6.57	East	Gajuwaka
C7440	Domestic	6.42	North	Rushikonda
C7441	Domestic	7.1	Central	Akkayyapalem
C7442	Domestic	8.78	West	Rushikonda
C7443	Commercial	38.74	North	Rushikonda
C7444	Domestic	3.29	South	Madhurawada
C7445	Domestic	5.47	North	MVP Colony
C7446	Domestic	9.83	East	Rushikonda
C7447	Industrial	68.82	West	Dwaraka Nagar
C7448	Domestic	9.48	East	NAD
C7449	Domestic	8.41	Central	Dwaraka Nagar
C7450	Domestic	7.16	Central	MVP Colony
C7451	Commercial	22.67	North	NAD
C7452	Industrial	51.3	Central	MVP Colony
C7453	Domestic	6.97	Central	NAD
C7454	Domestic	5.18	South	Gajuwaka
C7455	Commercial	41.55	South	Akkayyapalem
C7456	Domestic	7.96	East	NAD
C7457	Domestic	4.15	East	MVP Colony
C7458	Domestic	7.47	South	Madhurawada
C7459	Domestic	5.7	North	Rushikonda
C7460	Domestic	4.25	South	Akkayyapalem
C7461	Domestic	5.01	East	Rushikonda
C7462	Domestic	9.11	West	Seethammadhara
C7463	Commercial	23.1	Central	Gajuwaka
C7464	Domestic	3.94	West	Dwaraka Nagar
C7465	Commercial	22.78	West	Gajuwaka
C7466	Domestic	3.32	Central	Gajuwaka
C7467	Domestic	6.13	South	Dwaraka Nagar
C7468	Domestic	2.75	North	NAD
C7469	Commercial	42.33	West	Rushikonda
C7470	Commercial	17.47	North	Gajuwaka
C7471	Domestic	6.58	East	Rushikonda
C7472	Commercial	13.25	West	Akkayyapalem
C7473	Domestic	9.82	East	Rushikonda
C7474	Industrial	61.82	South	Gajuwaka
C7475	Commercial	42.53	West	Madhurawada
C7476	Commercial	40.28	East	Akkayyapalem
C7477	Domestic	7.57	East	Madhurawada
C7478	Domestic	8.53	South	Akkayyapalem
C7479	Domestic	2.35	North	MVP Colony
C7480	Domestic	7.27	North	Dwaraka Nagar
C7481	Domestic	3.76	West	Akkayyapalem
C7482	Domestic	8.18	South	Akkayyapalem
C7483	Domestic	9.63	West	NAD
C7484	Domestic	9.16	North	Rushikonda
C7485	Domestic	2.48	South	NAD
C7486	Domestic	4.64	Central	Rushikonda
C7487	Industrial	55.5	South	MVP Colony
C7488	Domestic	2.54	South	NAD
C7489	Domestic	2.33	Central	Seethammadhara
C7490	Commercial	24.17	East	Rushikonda
C7491	Domestic	9.93	East	Seethammadhara
C7492	Domestic	6.34	East	NAD
C7493	Domestic	6.79	North	Seethammadhara
C7494	Domestic	5.5	South	Rushikonda
C7495	Industrial	76.36	Central	Madhurawada
C7496	Domestic	9.63	North	Seethammadhara
C7497	Domestic	6.5	Central	NAD
C7498	Domestic	2.05	North	NAD
C7499	Domestic	5.69	North	Seethammadhara
C7500	Commercial	49.7	North	Rushikonda
C7501	Domestic	4.79	Central	MVP Colony
C7502	Domestic	6.55	West	MVP Colony
C7503	Domestic	2.41	North	Rushikonda
C7504	Domestic	2.7	East	Gajuwaka
C7505	Domestic	8.93	South	NAD
C7506	Commercial	20.61	West	NAD
C7507	Commercial	20.83	West	Akkayyapalem
C7508	Commercial	24.26	Central	NAD
C7509	Commercial	48.59	West	Madhurawada
C7510	Domestic	2.22	Central	Seethammadhara
C7511	Domestic	8.46	Central	Akkayyapalem
C7512	Commercial	22.35	East	NAD
C7513	Commercial	43.68	North	Madhurawada
C7514	Commercial	49.65	West	Gajuwaka
C7515	Domestic	4.46	North	Akkayyapalem
C7516	Domestic	2.6	North	Seethammadhara
C7517	Commercial	14.06	North	Seethammadhara
C7518	Commercial	39.87	Central	Rushikonda
C7519	Industrial	40.14	North	Rushikonda
C7520	Domestic	3.71	West	Dwaraka Nagar
C7521	Domestic	3.24	Central	NAD
C7522	Domestic	4.52	West	Akkayyapalem
C7523	Commercial	11.12	Central	Seethammadhara
C7524	Domestic	8.78	South	MVP Colony
C7525	Domestic	8.81	South	Akkayyapalem
C7526	Industrial	58.91	South	MVP Colony
C7527	Domestic	6.7	South	NAD
C7528	Commercial	34.96	Central	Madhurawada
C7529	Domestic	7.87	North	MVP Colony
C7530	Commercial	29.87	East	Akkayyapalem
C7531	Domestic	5.84	East	Rushikonda
C7532	Commercial	34.51	South	Akkayyapalem
C7533	Commercial	37.53	North	Seethammadhara
C7534	Domestic	4.45	West	Rushikonda
C7535	Domestic	4.31	North	MVP Colony
C7536	Domestic	3.79	West	Gajuwaka
C7537	Domestic	6.17	East	Seethammadhara
C7538	Commercial	23.13	North	Gajuwaka
C7539	Domestic	6.09	North	Gajuwaka
C7540	Domestic	4.95	East	MVP Colony
C7541	Domestic	8.61	North	MVP Colony
C7542	Commercial	11.07	West	Akkayyapalem
C7543	Industrial	70.05	North	NAD
C7544	Domestic	6.39	West	NAD
C7545	Domestic	4.76	South	Madhurawada
C7546	Domestic	5.08	North	Rushikonda
C7547	Domestic	8.3	West	MVP Colony
C7548	Domestic	3.89	East	Seethammadhara
C7549	Domestic	8.91	South	Rushikonda
C7550	Domestic	9.12	North	Seethammadhara
C7551	Domestic	7.03	West	Rushikonda
C7552	Domestic	8.07	North	NAD
C7553	Domestic	6.71	West	NAD
C7554	Domestic	5.96	North	Gajuwaka
C7555	Commercial	48.6	South	Gajuwaka
C7556	Commercial	19.87	South	Seethammadhara
C7557	Domestic	2.81	North	Seethammadhara
C7558	Domestic	3.94	North	Gajuwaka
C7559	Commercial	33.81	Central	Dwaraka Nagar
C7560	Industrial	42.96	North	Rushikonda
C7561	Domestic	9.22	North	NAD
C7562	Domestic	4.99	South	Gajuwaka
C7563	Domestic	8.72	North	Gajuwaka
C7564	Domestic	3.62	East	MVP Colony
C7565	Domestic	4.16	North	Seethammadhara
C7566	Domestic	2	Central	Akkayyapalem
C7567	Domestic	3.69	West	Gajuwaka
C7568	Domestic	5.67	South	MVP Colony
C7569	Domestic	9.54	East	Madhurawada
C7570	Domestic	4.81	West	Gajuwaka
C7571	Domestic	6.94	East	Akkayyapalem
C7572	Domestic	5.14	South	MVP Colony
C7573	Domestic	1.9	Central	Akkayyapalem
C7574	Commercial	29.15	South	Gajuwaka
C7575	Domestic	2.06	East	Madhurawada
C7576	Commercial	45.12	East	Gajuwaka
C7577	Commercial	39.63	South	MVP Colony
C7578	Domestic	4.72	North	Madhurawada
C7579	Domestic	6.94	South	Madhurawada
C7580	Domestic	2.45	Central	Madhurawada
C7581	Commercial	37.51	South	Dwaraka Nagar
C7582	Commercial	42.55	West	MVP Colony
C7583	Commercial	42.51	North	Dwaraka Nagar
C7584	Domestic	3.92	West	Akkayyapalem
C7585	Domestic	3.74	South	Madhurawada
C7586	Domestic	5.93	North	Dwaraka Nagar
C7587	Domestic	9.73	West	Gajuwaka
C7588	Domestic	9.32	West	Dwaraka Nagar
C7589	Domestic	4.56	North	NAD
C7590	Commercial	40.75	North	Akkayyapalem
C7591	Domestic	9.33	East	Madhurawada
C7592	Domestic	3.72	North	Madhurawada
C7593	Domestic	8.56	South	Seethammadhara
C7594	Commercial	19.25	Central	Rushikonda
C7595	Commercial	22.42	East	Akkayyapalem
C7596	Domestic	3.19	North	Akkayyapalem
C7597	Domestic	5.81	Central	MVP Colony
C7598	Domestic	8.67	East	Gajuwaka
C7599	Commercial	30.18	South	Seethammadhara
C7600	Domestic	2.55	Central	Akkayyapalem
C7601	Domestic	3.64	North	Seethammadhara
C7602	Domestic	6.28	North	Akkayyapalem
C7603	Domestic	6.46	South	Seethammadhara
C7604	Commercial	32.23	East	MVP Colony
C7605	Domestic	2.15	Central	Akkayyapalem
C7606	Domestic	7.91	South	Dwaraka Nagar
C7607	Domestic	9.23	East	NAD
C7608	Domestic	5.84	West	NAD
C7609	Commercial	38.19	West	NAD
C7610	Domestic	9.27	East	Akkayyapalem
C7611	Commercial	34.99	North	Seethammadhara
C7612	Commercial	36.32	North	NAD
C7613	Domestic	7.63	West	Gajuwaka
C7614	Domestic	3.71	North	Dwaraka Nagar
C7615	Domestic	6.45	North	NAD
C7616	Commercial	43.37	East	Madhurawada
C7617	Domestic	4.02	East	Akkayyapalem
C7618	Domestic	9.13	North	Dwaraka Nagar
C7619	Domestic	6.77	East	Gajuwaka
C7620	Commercial	25.77	Central	NAD
C7621	Domestic	6.8	West	Gajuwaka
C7622	Domestic	4.92	Central	Akkayyapalem
C7623	Domestic	8.62	Central	NAD
C7624	Domestic	5.6	North	Madhurawada
C7625	Commercial	45.85	North	Dwaraka Nagar
C7626	Domestic	5.83	Central	Seethammadhara
C7627	Commercial	35.74	Central	Madhurawada
C7628	Domestic	9.98	South	NAD
C7629	Domestic	2.75	South	MVP Colony
C7630	Domestic	7.76	West	Rushikonda
C7631	Domestic	2.68	Central	Dwaraka Nagar
C7632	Domestic	8.63	East	Gajuwaka
C7633	Domestic	6.57	South	NAD
C7634	Domestic	9.47	North	Madhurawada
C7635	Domestic	8.86	Central	Akkayyapalem
C7636	Domestic	2.14	East	Seethammadhara
C7637	Commercial	13.77	East	MVP Colony
C7638	Domestic	6.61	East	Seethammadhara
C7639	Domestic	5.91	North	Akkayyapalem
C7640	Domestic	2.93	South	NAD
C7641	Commercial	13.43	East	Rushikonda
C7642	Commercial	31.69	South	Gajuwaka
C7643	Domestic	1.92	West	Madhurawada
C7644	Commercial	44.7	North	Dwaraka Nagar
C7645	Domestic	8.36	South	MVP Colony
C7646	Domestic	8.18	South	NAD
C7647	Commercial	8.67	East	NAD
C7648	Commercial	10	East	NAD
C7649	Domestic	6.17	North	NAD
C7650	Commercial	49.77	South	Madhurawada
C7651	Domestic	4.41	Central	Dwaraka Nagar
C7652	Commercial	22.46	East	Gajuwaka
C7653	Domestic	2.64	East	MVP Colony
C7654	Domestic	7.23	West	Seethammadhara
C7655	Domestic	7	North	Rushikonda
C7656	Domestic	2.36	South	NAD
C7657	Domestic	5.47	South	Akkayyapalem
C7658	Domestic	7.17	South	NAD
C7659	Domestic	5.69	East	Dwaraka Nagar
C7660	Domestic	7.23	North	Dwaraka Nagar
C7661	Domestic	8.44	South	Rushikonda
C7662	Domestic	7.33	Central	Madhurawada
C7663	Domestic	6.74	West	Madhurawada
C7664	Commercial	43.85	West	Akkayyapalem
C7665	Commercial	45.82	South	Akkayyapalem
C7666	Commercial	24.33	East	Madhurawada
C7667	Domestic	2.97	West	MVP Colony
C7668	Commercial	42.35	West	Akkayyapalem
C7669	Domestic	3.32	West	Madhurawada
C7670	Domestic	9.4	West	NAD
C7671	Domestic	1.69	South	Madhurawada
C7672	Commercial	46.69	North	Seethammadhara
C7673	Domestic	6.51	North	MVP Colony
C7674	Domestic	8.09	East	Madhurawada
C7675	Domestic	4.89	Central	Madhurawada
C7676	Commercial	49.65	North	NAD
C7677	Domestic	3.43	Central	Akkayyapalem
C7678	Domestic	3.75	North	NAD
C7679	Domestic	1.94	North	Seethammadhara
C7680	Domestic	9.49	East	Seethammadhara
C7681	Domestic	5.38	West	Rushikonda
C7682	Domestic	7.24	East	NAD
C7683	Commercial	36.87	North	Madhurawada
C7684	Domestic	8.93	West	NAD
C7685	Domestic	7.15	West	Dwaraka Nagar
C7686	Domestic	6.28	West	Gajuwaka
C7687	Domestic	7.54	Central	Gajuwaka
C7688	Domestic	7.88	North	NAD
C7689	Domestic	3.08	South	Akkayyapalem
C7690	Domestic	2.43	East	MVP Colony
C7691	Commercial	11.14	Central	Seethammadhara
C7692	Domestic	4.68	East	NAD
C7693	Domestic	5.73	South	Akkayyapalem
C7694	Commercial	33.86	West	NAD
C7695	Domestic	9.64	South	Madhurawada
C7696	Commercial	21.89	East	Seethammadhara
C7697	Domestic	7.97	South	Seethammadhara
C7698	Domestic	6.02	North	Akkayyapalem
C7699	Commercial	17.24	South	Seethammadhara
C7700	Domestic	6.73	North	MVP Colony
C7701	Domestic	9.72	South	NAD
C7702	Commercial	13.22	North	Dwaraka Nagar
C7703	Domestic	5.81	North	Akkayyapalem
C7704	Domestic	1.94	South	Gajuwaka
C7705	Domestic	4.23	Central	Akkayyapalem
C7706	Commercial	34.07	West	Rushikonda
C7707	Commercial	43.32	West	Dwaraka Nagar
C7708	Domestic	7.71	West	Seethammadhara
C7709	Domestic	5.43	North	Rushikonda
C7710	Commercial	46.19	West	Dwaraka Nagar
C7711	Domestic	4.07	North	Seethammadhara
C7712	Domestic	7.91	Central	Dwaraka Nagar
C7713	Commercial	27.91	South	MVP Colony
C7714	Commercial	45.74	South	MVP Colony
C7715	Commercial	41.49	North	Akkayyapalem
C7716	Domestic	9.16	North	Rushikonda
C7717	Domestic	3.32	Central	MVP Colony
C7718	Domestic	7.18	West	Gajuwaka
C7719	Domestic	7.78	Central	Rushikonda
C7720	Domestic	7.81	South	Seethammadhara
C7721	Commercial	29.17	South	Madhurawada
C7722	Domestic	1.6	West	Akkayyapalem
C7723	Commercial	18.98	South	NAD
C7724	Domestic	4.25	North	NAD
C7725	Domestic	8.74	South	Akkayyapalem
C7726	Domestic	8.65	East	Madhurawada
C7727	Domestic	2.39	West	NAD
C7728	Domestic	9.57	West	Akkayyapalem
C7729	Industrial	42.77	West	Akkayyapalem
C7730	Commercial	25.4	East	Dwaraka Nagar
C7731	Domestic	3.33	Central	Gajuwaka
C7732	Domestic	8.81	North	Rushikonda
C7733	Commercial	39.47	West	NAD
C7734	Domestic	4.5	South	Gajuwaka
C7735	Domestic	7.3	North	Seethammadhara
C7736	Domestic	3.07	South	Akkayyapalem
C7737	Commercial	24.06	North	Madhurawada
C7738	Domestic	4.71	North	Akkayyapalem
C7739	Domestic	3.52	South	NAD
C7740	Commercial	44.81	South	Gajuwaka
C7741	Domestic	7.27	North	Dwaraka Nagar
C7742	Domestic	3.88	West	Rushikonda
C7743	Domestic	3.56	South	Dwaraka Nagar
C7744	Commercial	8.75	East	Akkayyapalem
C7745	Domestic	4.45	East	Madhurawada
C7746	Industrial	66.87	North	Seethammadhara
C7747	Domestic	3.86	Central	Rushikonda
C7748	Domestic	7.45	North	MVP Colony
C7749	Industrial	58.82	North	NAD
C7750	Domestic	4.19	West	Akkayyapalem
C7751	Domestic	9.48	West	Dwaraka Nagar
C7752	Domestic	3.73	Central	Dwaraka Nagar
C7753	Domestic	4.89	Central	Madhurawada
C7754	Domestic	4.75	Central	Dwaraka Nagar
C7755	Domestic	3.55	Central	NAD
C7756	Domestic	3.35	Central	Madhurawada
C7757	Commercial	20.7	North	Gajuwaka
C7758	Domestic	8.85	North	Madhurawada
C7759	Industrial	83.7	East	Seethammadhara
C7760	Domestic	7.29	East	NAD
C7761	Domestic	5.39	South	Seethammadhara
C7762	Domestic	5.82	North	NAD
C7763	Domestic	3.77	Central	Gajuwaka
C7764	Domestic	2.13	South	Akkayyapalem
C7765	Commercial	21.9	West	Madhurawada
C7766	Commercial	28.81	North	NAD
C7767	Industrial	34.01	East	NAD
C7768	Domestic	2.25	North	Gajuwaka
C7769	Commercial	19.05	North	MVP Colony
C7770	Domestic	4.62	North	Madhurawada
C7771	Domestic	4.84	North	Rushikonda
C7772	Commercial	12.95	West	NAD
C7773	Domestic	3.42	East	Dwaraka Nagar
C7774	Domestic	3.72	North	Gajuwaka
C7775	Domestic	2.07	West	MVP Colony
C7776	Domestic	4.27	South	MVP Colony
C7777	Commercial	11.03	North	Gajuwaka
C7778	Domestic	7.48	West	MVP Colony
C7779	Industrial	57.02	Central	NAD
C7780	Domestic	4.28	South	MVP Colony
C7781	Domestic	2.58	East	Madhurawada
C7782	Domestic	3.43	North	Rushikonda
C7783	Domestic	3.48	North	Dwaraka Nagar
C7784	Domestic	9.87	West	Rushikonda
C7785	Commercial	43.08	East	Rushikonda
C7786	Commercial	8.64	Central	NAD
C7787	Commercial	33.91	South	Gajuwaka
C7788	Commercial	18.75	East	Dwaraka Nagar
C7789	Commercial	12.38	North	Akkayyapalem
C7790	Domestic	7.5	West	NAD
C7791	Commercial	13.53	Central	Dwaraka Nagar
C7792	Domestic	5.27	West	MVP Colony
C7793	Domestic	6.87	South	Akkayyapalem
C7794	Domestic	6.21	East	Gajuwaka
C7795	Domestic	9.81	West	Gajuwaka
C7796	Domestic	8.18	West	Rushikonda
C7797	Industrial	84.19	North	Madhurawada
C7798	Domestic	4.52	West	MVP Colony
C7799	Domestic	1.57	Central	Rushikonda
C7800	Domestic	7.74	East	Madhurawada
C7801	Domestic	10	South	Madhurawada
C7802	Domestic	4.95	West	MVP Colony
C7803	Domestic	9.88	Central	NAD
C7804	Domestic	2.7	South	Akkayyapalem
C7805	Domestic	4.02	Central	Seethammadhara
C7806	Commercial	15.17	West	Madhurawada
C7807	Commercial	27.96	West	Dwaraka Nagar
C7808	Domestic	8.27	East	Akkayyapalem
C7809	Domestic	4.4	North	NAD
C7810	Domestic	9.2	Central	Rushikonda
C7811	Commercial	30.88	North	MVP Colony
C7812	Domestic	5.46	North	Gajuwaka
C7813	Domestic	8.19	South	NAD
C7814	Commercial	12.26	South	Rushikonda
C7815	Domestic	8.08	Central	Madhurawada
C7816	Domestic	3.57	North	Dwaraka Nagar
C7817	Domestic	3.89	East	Rushikonda
C7818	Commercial	33.18	North	Akkayyapalem
C7819	Commercial	45.88	South	MVP Colony
C7820	Commercial	32.29	North	Gajuwaka
C7821	Domestic	7.02	West	Akkayyapalem
C7822	Domestic	8.1	West	Dwaraka Nagar
C7823	Industrial	48.15	East	Seethammadhara
C7824	Industrial	87.91	Central	Gajuwaka
C7825	Domestic	5.05	North	MVP Colony
C7826	Commercial	15.38	West	Akkayyapalem
C7827	Domestic	4.48	Central	NAD
C7828	Domestic	3.59	West	Madhurawada
C7829	Domestic	3.44	Central	MVP Colony
C7830	Domestic	3.9	Central	Rushikonda
C7831	Commercial	15.6	West	Dwaraka Nagar
C7832	Domestic	7.18	South	NAD
C7833	Domestic	6.43	Central	Akkayyapalem
C7834	Commercial	35.23	North	Gajuwaka
C7835	Commercial	22.44	West	NAD
C7836	Domestic	8.04	South	NAD
C7837	Domestic	2.6	West	Dwaraka Nagar
C7838	Domestic	6.35	East	Madhurawada
C7839	Domestic	3.84	North	Seethammadhara
C7840	Industrial	66.93	East	Rushikonda
C7841	Commercial	21.59	Central	Rushikonda
C7842	Domestic	8.22	Central	NAD
C7843	Domestic	9.08	East	NAD
C7844	Domestic	7.81	East	Madhurawada
C7845	Commercial	15.37	Central	Madhurawada
C7846	Domestic	3.84	South	Gajuwaka
C7847	Domestic	9.31	North	Akkayyapalem
C7848	Domestic	5.22	West	Rushikonda
C7849	Domestic	9.5	East	Gajuwaka
C7850	Domestic	4.84	North	Madhurawada
C7851	Domestic	9.59	West	Seethammadhara
C7852	Commercial	46.88	West	MVP Colony
C7853	Commercial	35.74	East	Madhurawada
C7854	Commercial	8.37	South	Gajuwaka
C7855	Domestic	4.9	South	Dwaraka Nagar
C7856	Domestic	9.25	North	Dwaraka Nagar
C7857	Domestic	9.02	North	Akkayyapalem
C7858	Domestic	3.09	Central	NAD
C7859	Commercial	24.77	South	Seethammadhara
C7860	Domestic	8.6	North	Dwaraka Nagar
C7861	Domestic	6.41	Central	Gajuwaka
C7862	Commercial	43.59	West	Dwaraka Nagar
C7863	Industrial	87.86	North	Seethammadhara
C7864	Domestic	9.21	Central	Seethammadhara
C7865	Domestic	2.5	South	MVP Colony
C7866	Domestic	2.73	West	Madhurawada
C7867	Domestic	2.2	North	Madhurawada
C7868	Domestic	9.45	South	Gajuwaka
C7869	Domestic	5.54	West	NAD
C7870	Industrial	34.5	East	Seethammadhara
C7871	Domestic	4.23	South	Madhurawada
C7872	Domestic	4.49	East	Rushikonda
C7873	Domestic	8.38	North	Dwaraka Nagar
C7874	Domestic	7.75	Central	Seethammadhara
C7875	Commercial	36.95	North	MVP Colony
C7876	Domestic	1.69	South	Rushikonda
C7877	Domestic	9.24	East	NAD
C7878	Domestic	3.33	East	NAD
C7879	Commercial	34.42	West	NAD
C7880	Domestic	2.03	North	Rushikonda
C7881	Commercial	11.42	North	Madhurawada
C7882	Domestic	1.58	South	Akkayyapalem
C7883	Domestic	6.31	East	NAD
C7884	Domestic	6.85	South	Rushikonda
C7885	Commercial	10.12	South	Rushikonda
C7886	Commercial	20.2	East	Gajuwaka
C7887	Domestic	8.74	South	Dwaraka Nagar
C7888	Domestic	2.36	East	Akkayyapalem
C7889	Domestic	3.34	South	MVP Colony
C7890	Domestic	5.11	Central	Dwaraka Nagar
C7891	Domestic	8.66	South	Gajuwaka
C7892	Commercial	18.7	South	Gajuwaka
C7893	Commercial	49.88	Central	Seethammadhara
C7894	Domestic	4.52	North	Akkayyapalem
C7895	Domestic	4.78	East	Dwaraka Nagar
C7896	Commercial	13.13	West	Madhurawada
C7897	Commercial	36.57	Central	Seethammadhara
C7898	Domestic	3.57	North	Gajuwaka
C7899	Domestic	6.85	South	NAD
C7900	Domestic	3.4	North	MVP Colony
C7901	Domestic	4.8	Central	Rushikonda
C7902	Domestic	8.78	South	MVP Colony
C7903	Domestic	7.78	North	Gajuwaka
C7904	Domestic	2.81	West	NAD
C7905	Domestic	6.67	East	Dwaraka Nagar
C7906	Domestic	6.84	East	Rushikonda
C7907	Domestic	2.27	Central	MVP Colony
C7908	Commercial	27.56	South	NAD
C7909	Commercial	18.95	South	NAD
C7910	Domestic	5.47	East	Madhurawada
C7911	Domestic	8.11	North	Gajuwaka
C7912	Industrial	41.08	South	NAD
C7913	Domestic	2.55	West	Seethammadhara
C7914	Domestic	3.79	West	Dwaraka Nagar
C7915	Domestic	9.59	South	MVP Colony
C7916	Domestic	7.86	South	Seethammadhara
C7917	Domestic	1.67	East	Madhurawada
C7918	Commercial	24.84	Central	Dwaraka Nagar
C7919	Domestic	3.69	East	MVP Colony
C7920	Domestic	6.92	Central	Gajuwaka
C7921	Commercial	27.29	West	Dwaraka Nagar
C7922	Domestic	9.7	Central	Rushikonda
C7923	Domestic	3.36	East	MVP Colony
C7924	Domestic	6.5	South	Madhurawada
C7925	Domestic	7.45	Central	Rushikonda
C7926	Domestic	8.52	East	Seethammadhara
C7927	Domestic	4.96	West	MVP Colony
C7928	Domestic	7.34	Central	Rushikonda
C7929	Domestic	4.08	West	NAD
C7930	Domestic	5.2	West	Madhurawada
C7931	Domestic	9.11	North	Dwaraka Nagar
C7932	Domestic	9.57	Central	Rushikonda
C7933	Domestic	7.61	East	Akkayyapalem
C7934	Domestic	4.68	Central	Rushikonda
C7935	Commercial	42.44	Central	Gajuwaka
C7936	Domestic	1.72	West	Seethammadhara
C7937	Domestic	2.37	West	Madhurawada
C7938	Commercial	35.78	West	Seethammadhara
C7939	Domestic	3.98	West	Madhurawada
C7940	Domestic	9.59	East	Madhurawada
C7941	Commercial	26.31	South	MVP Colony
C7942	Commercial	26.03	North	Rushikonda
C7943	Domestic	7.26	West	NAD
C7944	Domestic	8.02	West	Akkayyapalem
C7945	Domestic	5.54	North	Gajuwaka
C7946	Commercial	16.99	West	Rushikonda
C7947	Domestic	8.07	South	Seethammadhara
C7948	Domestic	4.22	Central	Gajuwaka
C7949	Commercial	15.35	North	NAD
C7950	Domestic	6.87	East	MVP Colony
C7951	Commercial	11.8	North	MVP Colony
C7952	Domestic	9.76	South	NAD
C7953	Domestic	6.88	East	Seethammadhara
C7954	Domestic	9.88	Central	NAD
C7955	Commercial	22.23	West	Dwaraka Nagar
C7956	Domestic	9.76	North	MVP Colony
C7957	Domestic	2.74	East	Seethammadhara
C7958	Domestic	1.85	North	Madhurawada
C7959	Commercial	9.39	Central	Rushikonda
C7960	Industrial	62.54	North	Gajuwaka
C7961	Domestic	2.21	East	MVP Colony
C7962	Domestic	5.85	South	NAD
C7963	Industrial	52.93	East	Madhurawada
C7964	Domestic	4.35	North	Rushikonda
C7965	Domestic	6.9	Central	Rushikonda
C7966	Domestic	2.89	West	Rushikonda
C7967	Commercial	40.2	West	Dwaraka Nagar
C7968	Domestic	6.45	Central	Akkayyapalem
C7969	Domestic	9.28	North	Dwaraka Nagar
C7970	Domestic	4.6	Central	Madhurawada
C7971	Domestic	9.85	North	Rushikonda
C7972	Domestic	6.39	East	Seethammadhara
C7973	Domestic	9.77	South	Seethammadhara
C7974	Domestic	1.73	North	Madhurawada
C7975	Domestic	7.69	West	Seethammadhara
C7976	Domestic	8.44	West	NAD
C7977	Commercial	10.23	South	Seethammadhara
C7978	Commercial	32.32	North	Akkayyapalem
C7979	Commercial	41.68	South	NAD
C7980	Domestic	6.27	East	Gajuwaka
C7981	Domestic	2.04	South	Seethammadhara
C7982	Domestic	7.39	East	Akkayyapalem
C7983	Commercial	10.55	West	Akkayyapalem
C7984	Commercial	42.33	East	Gajuwaka
C7985	Commercial	9.81	North	Dwaraka Nagar
C7986	Domestic	2.67	North	Madhurawada
C7987	Domestic	3.84	North	Dwaraka Nagar
C7988	Domestic	6.88	North	Seethammadhara
C7989	Domestic	9.8	Central	Seethammadhara
C7990	Domestic	2.5	East	NAD
C7991	Commercial	13.99	North	MVP Colony
C7992	Domestic	4.64	South	Seethammadhara
C7993	Domestic	8.61	South	Seethammadhara
C7994	Domestic	5.47	Central	NAD
C7995	Commercial	21.51	East	MVP Colony
C7996	Domestic	6.27	East	Rushikonda
C7997	Domestic	3.71	East	Rushikonda
C7998	Commercial	24.85	Central	Rushikonda
C7999	Domestic	4.33	East	Madhurawada
C8000	Domestic	8.34	East	Madhurawada
C8001	Domestic	9.36	North	Rushikonda
C8002	Domestic	7.96	East	Akkayyapalem
C8003	Commercial	26.44	North	Madhurawada
C8004	Commercial	29.18	North	Gajuwaka
C8005	Domestic	2.56	East	Gajuwaka
C8006	Domestic	7.85	South	Rushikonda
C8007	Domestic	6.57	West	MVP Colony
C8008	Domestic	9.17	South	Dwaraka Nagar
C8009	Domestic	3.21	East	Akkayyapalem
C8010	Domestic	7.96	East	Dwaraka Nagar
C8011	Domestic	7.32	South	MVP Colony
C8012	Commercial	19.17	East	Gajuwaka
C8013	Domestic	7.17	North	NAD
C8014	Domestic	9.36	Central	Seethammadhara
C8015	Domestic	9.31	East	Rushikonda
C8016	Commercial	38.22	East	Akkayyapalem
C8017	Domestic	1.91	South	MVP Colony
C8018	Domestic	8.91	North	Dwaraka Nagar
C8019	Domestic	7.09	South	MVP Colony
C8020	Commercial	21.04	South	MVP Colony
C8021	Domestic	3.09	East	Madhurawada
C8022	Commercial	12.88	North	Rushikonda
C8023	Industrial	33.52	East	Gajuwaka
C8024	Commercial	39.67	East	Akkayyapalem
C8025	Domestic	3.5	East	Madhurawada
C8026	Domestic	1.71	East	Gajuwaka
C8027	Domestic	4.88	Central	Rushikonda
C8028	Industrial	63.78	West	MVP Colony
C8029	Domestic	2.94	North	Gajuwaka
C8030	Domestic	1.87	Central	Dwaraka Nagar
C8031	Domestic	3.11	West	Rushikonda
C8032	Domestic	7.27	West	Akkayyapalem
C8033	Domestic	2.2	West	Rushikonda
C8034	Domestic	6.22	Central	Rushikonda
C8035	Domestic	2.74	North	Madhurawada
C8036	Commercial	16.22	South	Akkayyapalem
C8037	Domestic	4.84	West	MVP Colony
C8038	Domestic	2.36	South	Dwaraka Nagar
C8039	Domestic	2.97	South	Gajuwaka
C8040	Domestic	4.47	East	Seethammadhara
C8041	Commercial	21.85	South	Gajuwaka
C8042	Domestic	7.87	East	Dwaraka Nagar
C8043	Domestic	2.14	North	Seethammadhara
C8044	Domestic	8.81	North	Gajuwaka
C8045	Commercial	42.28	East	Madhurawada
C8046	Domestic	8.01	North	NAD
C8047	Commercial	20.99	West	Gajuwaka
C8048	Domestic	8.49	North	MVP Colony
C8049	Domestic	3.05	East	Gajuwaka
C8050	Domestic	2.56	West	Akkayyapalem
C8051	Commercial	9.89	South	MVP Colony
C8052	Domestic	9.48	South	Gajuwaka
C8053	Commercial	20.94	South	Gajuwaka
C8054	Domestic	9.3	East	Rushikonda
C8055	Domestic	3.82	South	MVP Colony
C8056	Domestic	9.21	North	Madhurawada
C8057	Commercial	45.97	South	Seethammadhara
C8058	Domestic	9.35	Central	Seethammadhara
C8059	Commercial	28.84	Central	NAD
C8060	Commercial	44.37	South	NAD
C8061	Commercial	47.93	South	Seethammadhara
C8062	Domestic	4.26	Central	Madhurawada
C8063	Domestic	5.06	South	Gajuwaka
C8064	Commercial	38.21	West	NAD
C8065	Domestic	4.05	Central	Madhurawada
C8066	Domestic	7.91	East	Madhurawada
C8067	Domestic	2.13	Central	NAD
C8068	Domestic	5.95	North	Seethammadhara
C8069	Domestic	2.54	West	MVP Colony
C8070	Domestic	3.99	East	Dwaraka Nagar
C8071	Domestic	3.7	South	Seethammadhara
C8072	Domestic	8.63	North	MVP Colony
C8073	Domestic	3.14	North	Seethammadhara
C8074	Domestic	8.37	West	Gajuwaka
C8075	Domestic	8.25	East	MVP Colony
C8076	Domestic	5.74	North	Akkayyapalem
C8077	Domestic	3.49	East	Dwaraka Nagar
C8078	Domestic	3.43	East	Seethammadhara
C8079	Domestic	5.45	North	Rushikonda
C8080	Commercial	8.37	East	Dwaraka Nagar
C8081	Domestic	6.02	West	Madhurawada
C8082	Commercial	48.02	North	Akkayyapalem
C8083	Domestic	2.82	West	Gajuwaka
C8084	Domestic	6.37	West	Madhurawada
C8085	Domestic	9.68	East	MVP Colony
C8086	Domestic	8.81	East	MVP Colony
C8087	Domestic	8.73	North	NAD
C8088	Domestic	8.49	South	Madhurawada
C8089	Domestic	4.13	North	Akkayyapalem
C8090	Domestic	9.07	West	Madhurawada
C8091	Domestic	9.5	East	Madhurawada
C8092	Commercial	28.82	West	Madhurawada
C8093	Domestic	4.51	Central	Dwaraka Nagar
C8094	Domestic	5.02	Central	NAD
C8095	Domestic	4.34	West	Seethammadhara
C8096	Domestic	3.31	South	Gajuwaka
C8097	Commercial	33.97	South	Gajuwaka
C8098	Domestic	6.28	North	Rushikonda
C8099	Domestic	5.43	North	Gajuwaka
C8100	Commercial	12.03	North	Rushikonda
C8101	Domestic	8.27	East	Dwaraka Nagar
C8102	Domestic	2.99	South	NAD
C8103	Industrial	38.02	West	Akkayyapalem
C8104	Domestic	6.8	Central	NAD
C8105	Domestic	4.89	South	Rushikonda
C8106	Domestic	2.01	South	Dwaraka Nagar
C8107	Domestic	4.52	South	Akkayyapalem
C8108	Domestic	8.06	North	Madhurawada
C8109	Commercial	33.84	East	MVP Colony
C8110	Domestic	4.58	West	Madhurawada
C8111	Commercial	16.06	North	Gajuwaka
C8112	Commercial	34.54	East	Madhurawada
C8113	Domestic	9.04	South	Dwaraka Nagar
C8114	Domestic	6.99	East	Gajuwaka
C8115	Domestic	8.41	North	MVP Colony
C8116	Commercial	29.9	South	Akkayyapalem
C8117	Commercial	38.15	North	Rushikonda
C8118	Domestic	9.12	West	Rushikonda
C8119	Domestic	8.07	South	Akkayyapalem
C8120	Domestic	9.23	East	Rushikonda
C8121	Commercial	26.11	North	Gajuwaka
C8122	Domestic	9.19	Central	Seethammadhara
C8123	Domestic	6.78	East	Seethammadhara
C8124	Commercial	44.54	East	Madhurawada
C8125	Domestic	1.83	South	Seethammadhara
C8126	Domestic	7.09	East	Rushikonda
C8127	Domestic	8.71	North	NAD
C8128	Domestic	2.98	Central	NAD
C8129	Domestic	7.13	West	Akkayyapalem
C8130	Commercial	42.65	Central	NAD
C8131	Domestic	3.95	North	Gajuwaka
C8132	Domestic	4.94	South	NAD
C8133	Domestic	6.34	North	Dwaraka Nagar
C8134	Domestic	5.91	East	Akkayyapalem
C8135	Domestic	1.83	South	MVP Colony
C8136	Commercial	12.14	West	NAD
C8137	Commercial	12.22	West	Dwaraka Nagar
C8138	Domestic	3.73	North	Dwaraka Nagar
C8139	Domestic	3.59	East	Gajuwaka
C8140	Domestic	7.81	West	Akkayyapalem
C8141	Commercial	32.06	Central	Gajuwaka
C8142	Domestic	7.99	South	MVP Colony
C8143	Commercial	10.94	Central	MVP Colony
C8144	Domestic	5.62	West	Rushikonda
C8145	Commercial	21.6	West	Madhurawada
C8146	Commercial	43.7	North	MVP Colony
C8147	Commercial	37.73	North	Akkayyapalem
C8148	Domestic	8.89	South	Seethammadhara
C8149	Domestic	1.89	North	Seethammadhara
C8150	Domestic	7.63	East	Akkayyapalem
C8151	Commercial	30.68	South	Rushikonda
C8152	Domestic	8.51	East	Rushikonda
C8153	Industrial	65.5	North	Gajuwaka
C8154	Commercial	30.69	South	Dwaraka Nagar
C8155	Domestic	1.94	West	Madhurawada
C8156	Commercial	36.08	Central	Seethammadhara
C8157	Domestic	3.82	West	Rushikonda
C8158	Domestic	1.67	East	Seethammadhara
C8159	Domestic	2.06	West	MVP Colony
C8160	Domestic	9.64	West	Dwaraka Nagar
C8161	Commercial	22.54	Central	Gajuwaka
C8162	Domestic	8.88	Central	Rushikonda
C8163	Domestic	9.66	West	NAD
C8164	Domestic	9.52	Central	Madhurawada
C8165	Commercial	45.03	West	Akkayyapalem
C8166	Domestic	9.11	South	Dwaraka Nagar
C8167	Commercial	20.14	West	Gajuwaka
C8168	Domestic	2.79	North	Gajuwaka
C8169	Domestic	6.93	Central	Madhurawada
C8170	Domestic	5.65	Central	Madhurawada
C8171	Domestic	2.34	East	Rushikonda
C8172	Commercial	36.46	East	MVP Colony
C8173	Domestic	6.28	North	MVP Colony
C8174	Commercial	44.25	Central	Akkayyapalem
C8175	Domestic	6.68	Central	Akkayyapalem
C8176	Domestic	6.38	East	Rushikonda
C8177	Industrial	60.85	East	Madhurawada
C8178	Commercial	27.44	West	Madhurawada
C8179	Domestic	9.61	Central	Dwaraka Nagar
C8180	Domestic	2.68	Central	MVP Colony
C8181	Domestic	5.29	West	Gajuwaka
C8182	Domestic	7.07	Central	Seethammadhara
C8183	Commercial	26.19	North	Seethammadhara
C8184	Commercial	19.9	East	Seethammadhara
C8185	Domestic	3.94	East	Rushikonda
C8186	Commercial	17.81	East	MVP Colony
C8187	Domestic	4.42	South	MVP Colony
C8188	Domestic	8.91	North	Madhurawada
C8189	Domestic	5.79	North	Seethammadhara
C8190	Domestic	3.54	West	Madhurawada
C8191	Domestic	4.77	South	MVP Colony
C8192	Domestic	2.4	Central	NAD
C8193	Domestic	9.18	North	NAD
C8194	Domestic	4.97	South	Akkayyapalem
C8195	Commercial	49.18	South	MVP Colony
C8196	Domestic	4.45	North	Seethammadhara
C8197	Domestic	8.61	West	Rushikonda
C8198	Commercial	18.77	South	NAD
C8199	Commercial	11.2	East	Rushikonda
C8200	Commercial	9.33	South	Rushikonda
C8201	Domestic	6.65	Central	Akkayyapalem
C8202	Domestic	4.15	North	Akkayyapalem
C8203	Domestic	5.27	Central	MVP Colony
C8204	Domestic	8.46	West	Akkayyapalem
C8205	Commercial	18.42	East	Madhurawada
C8206	Domestic	4.12	North	Madhurawada
C8207	Domestic	8.69	South	Madhurawada
C8208	Domestic	5.69	East	Gajuwaka
C8209	Domestic	8.54	South	Rushikonda
C8210	Commercial	23.73	West	Madhurawada
C8211	Domestic	4.89	North	Seethammadhara
C8212	Domestic	2.92	West	Madhurawada
C8213	Domestic	9.29	West	MVP Colony
C8214	Domestic	9.12	West	NAD
C8215	Domestic	9.87	West	Seethammadhara
C8216	Domestic	4.92	South	NAD
C8217	Domestic	8.46	Central	Madhurawada
C8218	Commercial	25.43	South	Rushikonda
C8219	Commercial	27.08	East	Madhurawada
C8220	Commercial	42.86	West	Madhurawada
C8221	Commercial	15.45	East	Akkayyapalem
C8222	Domestic	3.37	South	MVP Colony
C8223	Domestic	4.18	West	MVP Colony
C8224	Domestic	8.2	South	Rushikonda
C8225	Commercial	23.65	West	MVP Colony
C8226	Industrial	55.07	South	NAD
C8227	Commercial	49.95	North	Seethammadhara
C8228	Domestic	4.76	Central	Seethammadhara
C8229	Commercial	18.41	Central	Gajuwaka
C8230	Domestic	6.8	West	NAD
C8231	Domestic	8.32	North	MVP Colony
C8232	Domestic	2.09	East	Rushikonda
C8233	Domestic	6.76	North	Dwaraka Nagar
C8234	Domestic	1.8	West	Gajuwaka
C8235	Domestic	5.97	North	Madhurawada
C8236	Domestic	3.68	East	Akkayyapalem
C8237	Domestic	4.11	West	NAD
C8238	Commercial	27.62	Central	Akkayyapalem
C8239	Domestic	9.38	North	Gajuwaka
C8240	Domestic	7.54	Central	Rushikonda
C8241	Commercial	47.35	Central	Seethammadhara
C8242	Commercial	35.72	South	Rushikonda
C8243	Domestic	1.56	East	Dwaraka Nagar
C8244	Domestic	3.76	North	Gajuwaka
C8245	Domestic	9.2	Central	NAD
C8246	Domestic	6.97	Central	MVP Colony
C8247	Domestic	9.84	East	Madhurawada
C8248	Commercial	14.55	Central	MVP Colony
C8249	Domestic	4.02	Central	MVP Colony
C8250	Commercial	23.22	Central	Rushikonda
C8251	Commercial	21.72	Central	NAD
C8252	Commercial	18.58	South	MVP Colony
C8253	Domestic	5.27	South	Rushikonda
C8254	Commercial	34.98	West	MVP Colony
C8255	Domestic	4.15	North	NAD
C8256	Domestic	2.18	East	Rushikonda
C8257	Domestic	7.52	West	NAD
C8258	Domestic	5.4	South	Dwaraka Nagar
C8259	Commercial	31.37	South	MVP Colony
C8260	Domestic	5.37	South	Gajuwaka
C8261	Domestic	9.07	West	Seethammadhara
C8262	Domestic	6.25	South	Madhurawada
C8263	Domestic	9.35	West	Akkayyapalem
C8264	Domestic	5.84	South	Madhurawada
C8265	Commercial	20.29	Central	NAD
C8266	Domestic	4.52	Central	Rushikonda
C8267	Domestic	5.94	North	Akkayyapalem
C8268	Domestic	6	South	NAD
C8269	Domestic	7.34	North	Seethammadhara
C8270	Domestic	3.41	West	Rushikonda
C8271	Domestic	7.1	North	Seethammadhara
C8272	Industrial	84.5	South	Dwaraka Nagar
C8273	Domestic	7.25	West	MVP Colony
C8274	Domestic	5.6	West	NAD
C8275	Domestic	9.93	Central	Seethammadhara
C8276	Commercial	25	West	NAD
C8277	Domestic	2.41	West	Madhurawada
C8278	Domestic	8.48	North	MVP Colony
C8279	Commercial	16.91	West	Dwaraka Nagar
C8280	Domestic	7.56	East	Seethammadhara
C8281	Domestic	3.02	Central	Rushikonda
C8282	Domestic	1.64	Central	NAD
C8283	Domestic	2.86	West	NAD
C8284	Domestic	4.7	North	Rushikonda
C8285	Domestic	2.41	Central	NAD
C8286	Domestic	3.18	Central	Madhurawada
C8287	Domestic	8	East	Seethammadhara
C8288	Domestic	8.04	West	NAD
C8289	Commercial	42.33	Central	NAD
C8290	Commercial	43.33	Central	Madhurawada
C8291	Commercial	25.66	Central	NAD
C8292	Domestic	8.87	Central	Rushikonda
C8293	Domestic	5.97	North	MVP Colony
C8294	Domestic	5.5	South	MVP Colony
C8295	Domestic	7.61	East	Madhurawada
C8296	Industrial	44.97	North	MVP Colony
C8297	Domestic	8.21	East	Akkayyapalem
C8298	Domestic	5.15	Central	Akkayyapalem
C8299	Domestic	2.58	East	Akkayyapalem
C8300	Domestic	2.51	West	Dwaraka Nagar
C8301	Domestic	2.9	West	NAD
C8302	Domestic	9.07	South	Dwaraka Nagar
C8303	Domestic	9.92	South	MVP Colony
C8304	Commercial	22.99	East	Madhurawada
C8305	Domestic	3.98	North	Akkayyapalem
C8306	Commercial	17.19	North	Madhurawada
C8307	Commercial	42.6	Central	Dwaraka Nagar
C8308	Domestic	3.28	North	Rushikonda
C8309	Commercial	46.81	South	MVP Colony
C8310	Domestic	7.17	North	Seethammadhara
C8311	Industrial	92.8	Central	NAD
C8312	Domestic	6.21	West	Seethammadhara
C8313	Domestic	7.37	North	MVP Colony
C8314	Domestic	6.77	North	Akkayyapalem
C8315	Domestic	8.57	South	Rushikonda
C8316	Industrial	88.51	East	MVP Colony
C8317	Domestic	6.51	West	Madhurawada
C8318	Domestic	6.88	East	Gajuwaka
C8319	Domestic	9.34	Central	Rushikonda
C8320	Commercial	47.05	Central	Akkayyapalem
C8321	Domestic	7.15	East	Seethammadhara
C8322	Domestic	1.57	South	NAD
C8323	Domestic	2.39	South	Akkayyapalem
C8324	Commercial	44.03	South	Akkayyapalem
C8325	Domestic	2.22	West	NAD
C8326	Domestic	3.31	Central	Seethammadhara
C8327	Domestic	3.46	Central	Akkayyapalem
C8328	Commercial	33.21	Central	Madhurawada
C8329	Domestic	6.4	West	MVP Colony
C8330	Domestic	3.96	Central	Madhurawada
C8331	Domestic	3.26	East	MVP Colony
C8332	Commercial	40.11	North	Gajuwaka
C8333	Commercial	47.29	West	Akkayyapalem
C8334	Domestic	1.95	North	Gajuwaka
C8335	Domestic	2.63	East	Dwaraka Nagar
C8336	Domestic	6.96	South	Seethammadhara
C8337	Domestic	8.34	South	MVP Colony
C8338	Domestic	8.23	South	Madhurawada
C8339	Domestic	7.62	West	Rushikonda
C8340	Domestic	9.04	South	Madhurawada
C8341	Commercial	17.13	West	Akkayyapalem
C8342	Domestic	2.41	West	Madhurawada
C8343	Domestic	6.73	North	Dwaraka Nagar
C8344	Domestic	8.49	South	NAD
C8345	Domestic	6.45	Central	Madhurawada
C8346	Domestic	9.69	South	Akkayyapalem
C8347	Domestic	8.26	South	Gajuwaka
C8348	Domestic	7.46	South	Seethammadhara
C8349	Commercial	10.53	Central	Madhurawada
C8350	Commercial	12.53	Central	Madhurawada
C8351	Domestic	8.17	West	Madhurawada
C8352	Domestic	3.19	Central	Akkayyapalem
C8353	Domestic	1.75	West	Seethammadhara
C8354	Domestic	9.24	North	NAD
C8355	Domestic	9.07	West	Madhurawada
C8356	Commercial	17.18	South	NAD
C8357	Industrial	84.61	East	NAD
C8358	Commercial	10.02	East	Seethammadhara
C8359	Domestic	3.92	South	Seethammadhara
C8360	Commercial	34.19	West	Dwaraka Nagar
C8361	Commercial	40.05	South	Gajuwaka
C8362	Domestic	1.59	Central	Madhurawada
C8363	Domestic	4.27	West	Madhurawada
C8364	Commercial	17	South	Madhurawada
C8365	Domestic	9.99	Central	NAD
C8366	Domestic	7.2	Central	Rushikonda
C8367	Domestic	4.95	West	Seethammadhara
C8368	Domestic	2.14	North	MVP Colony
C8369	Domestic	6.59	North	Rushikonda
C8370	Commercial	34.95	Central	Gajuwaka
C8371	Domestic	8.44	North	Akkayyapalem
C8372	Domestic	3.95	Central	Madhurawada
C8373	Domestic	9.84	North	MVP Colony
C8374	Domestic	5.24	Central	MVP Colony
C8375	Domestic	4.02	Central	Seethammadhara
C8376	Domestic	4.46	Central	MVP Colony
C8377	Domestic	5.92	Central	Gajuwaka
C8378	Domestic	9.46	East	MVP Colony
C8379	Domestic	7.75	North	Akkayyapalem
C8380	Domestic	6.41	Central	Madhurawada
C8381	Domestic	2.88	South	Akkayyapalem
C8382	Domestic	2.77	West	Madhurawada
C8383	Industrial	65.15	South	Dwaraka Nagar
C8384	Domestic	7.69	South	NAD
C8385	Domestic	7.88	East	MVP Colony
C8386	Domestic	3.42	North	Akkayyapalem
C8387	Domestic	2.35	East	NAD
C8388	Industrial	56.91	North	NAD
C8389	Domestic	9.3	Central	NAD
C8390	Domestic	6.14	East	NAD
C8391	Domestic	4.22	West	NAD
C8392	Domestic	4.25	North	Madhurawada
C8393	Commercial	13.55	East	Gajuwaka
C8394	Domestic	5.52	West	MVP Colony
C8395	Domestic	8.23	South	MVP Colony
C8396	Domestic	9.73	Central	Madhurawada
C8397	Domestic	5.76	Central	Akkayyapalem
C8398	Commercial	15.02	South	Madhurawada
C8399	Domestic	7.31	East	Seethammadhara
C8400	Domestic	7.93	South	Rushikonda
C8401	Domestic	2.11	West	NAD
C8402	Domestic	8.73	North	Gajuwaka
C8403	Domestic	8.55	East	MVP Colony
C8404	Domestic	5.52	North	Akkayyapalem
C8405	Domestic	6.26	South	Dwaraka Nagar
C8406	Domestic	7.56	Central	Madhurawada
C8407	Domestic	7.25	North	Dwaraka Nagar
C8408	Industrial	31.16	North	MVP Colony
C8409	Domestic	2.54	Central	Madhurawada
C8410	Domestic	2.88	North	MVP Colony
C8411	Domestic	7.92	North	Madhurawada
C8412	Domestic	5.24	Central	Akkayyapalem
C8413	Domestic	6.14	Central	MVP Colony
C8414	Commercial	40.45	South	Seethammadhara
C8415	Domestic	4.4	South	Dwaraka Nagar
C8416	Domestic	7.87	North	Gajuwaka
C8417	Domestic	5.26	East	Akkayyapalem
C8418	Domestic	4.71	South	Seethammadhara
C8419	Domestic	4.33	South	Akkayyapalem
C8420	Commercial	48.53	East	Madhurawada
C8421	Domestic	8.06	East	Dwaraka Nagar
C8422	Domestic	1.67	Central	MVP Colony
C8423	Domestic	9.64	South	Dwaraka Nagar
C8424	Domestic	8.09	West	Akkayyapalem
C8425	Domestic	2.77	West	Madhurawada
C8426	Domestic	2.15	North	Rushikonda
C8427	Domestic	4.12	South	Dwaraka Nagar
C8428	Domestic	6.81	West	Seethammadhara
C8429	Domestic	6.74	South	MVP Colony
C8430	Domestic	3.84	South	NAD
C8431	Domestic	5.29	West	Akkayyapalem
C8432	Domestic	3.3	South	Gajuwaka
C8433	Domestic	1.93	East	Gajuwaka
C8434	Domestic	5.89	North	Akkayyapalem
C8435	Domestic	4.45	Central	Rushikonda
C8436	Commercial	30.8	West	NAD
C8437	Domestic	9.55	Central	Madhurawada
C8438	Domestic	2.72	North	Dwaraka Nagar
C8439	Domestic	1.52	East	Dwaraka Nagar
C8440	Domestic	2.15	East	NAD
C8441	Domestic	5.43	East	Seethammadhara
C8442	Domestic	7.51	East	NAD
C8443	Domestic	6.44	West	MVP Colony
C8444	Domestic	5.71	West	MVP Colony
C8445	Domestic	4.51	South	Gajuwaka
C8446	Commercial	21.02	South	Madhurawada
C8447	Domestic	4.7	North	Rushikonda
C8448	Domestic	6.7	South	Madhurawada
C8449	Domestic	2.93	North	Seethammadhara
C8450	Domestic	8.06	North	NAD
C8451	Domestic	6.39	North	Gajuwaka
C8452	Domestic	3.79	East	Gajuwaka
C8453	Domestic	5.76	Central	MVP Colony
C8454	Domestic	9.68	Central	Dwaraka Nagar
C8455	Commercial	8.86	West	Seethammadhara
C8456	Industrial	43.97	North	Madhurawada
C8457	Domestic	5.31	East	Seethammadhara
C8458	Domestic	6.93	South	Gajuwaka
C8459	Domestic	3.3	South	MVP Colony
C8460	Domestic	9.42	West	MVP Colony
C8461	Domestic	6.96	West	MVP Colony
C8462	Domestic	8.96	North	Seethammadhara
C8463	Commercial	21.83	North	Dwaraka Nagar
C8464	Domestic	8.55	South	Gajuwaka
C8465	Domestic	4.71	South	NAD
C8466	Domestic	3.65	South	NAD
C8467	Commercial	46.29	South	MVP Colony
C8468	Domestic	2.28	Central	MVP Colony
C8469	Domestic	9.51	North	Dwaraka Nagar
C8470	Domestic	5.4	North	MVP Colony
C8471	Commercial	49.69	South	Akkayyapalem
C8472	Domestic	6.09	East	Gajuwaka
C8473	Commercial	39.81	South	Rushikonda
C8474	Domestic	1.56	West	Rushikonda
C8475	Domestic	5.72	East	MVP Colony
C8476	Domestic	7.77	West	Rushikonda
C8477	Domestic	8.15	East	MVP Colony
C8478	Domestic	2.84	West	Gajuwaka
C8479	Commercial	25.6	South	Madhurawada
C8480	Domestic	5.06	South	Akkayyapalem
C8481	Domestic	2.38	East	Akkayyapalem
C8482	Domestic	5.27	West	Rushikonda
C8483	Domestic	8.36	Central	NAD
C8484	Domestic	4.05	East	MVP Colony
C8485	Domestic	5.18	East	Gajuwaka
C8486	Domestic	9.67	North	NAD
C8487	Domestic	1.77	East	Seethammadhara
C8488	Industrial	71.41	Central	Rushikonda
C8489	Domestic	7.82	South	Seethammadhara
C8490	Commercial	39.96	West	Dwaraka Nagar
C8491	Domestic	7.59	North	Seethammadhara
C8492	Domestic	7.67	West	Seethammadhara
C8493	Domestic	2	South	Madhurawada
C8494	Domestic	6.04	East	MVP Colony
C8495	Commercial	40.88	Central	Madhurawada
C8496	Domestic	2.3	North	MVP Colony
C8497	Domestic	1.6	Central	MVP Colony
C8498	Commercial	42.21	Central	MVP Colony
C8499	Domestic	7.55	Central	Madhurawada
C8500	Domestic	5	Central	Akkayyapalem
C8501	Domestic	9.49	South	Dwaraka Nagar
C8502	Commercial	40.2	Central	Akkayyapalem
C8503	Domestic	9.73	Central	Gajuwaka
C8504	Domestic	9.4	South	Gajuwaka
C8505	Domestic	5.59	West	Seethammadhara
C8506	Commercial	39.7	South	Akkayyapalem
C8507	Domestic	7.19	East	Dwaraka Nagar
C8508	Domestic	8.4	South	Seethammadhara
C8509	Domestic	8.2	West	Dwaraka Nagar
C8510	Commercial	14.44	East	MVP Colony
C8511	Commercial	17.82	East	MVP Colony
C8512	Industrial	48.6	North	Gajuwaka
C8513	Domestic	8.46	Central	MVP Colony
C8514	Domestic	8.39	East	Seethammadhara
C8515	Domestic	5.71	East	MVP Colony
C8516	Commercial	32.39	West	Dwaraka Nagar
C8517	Domestic	8.53	East	Madhurawada
C8518	Domestic	4.16	West	Rushikonda
C8519	Commercial	10.11	Central	Akkayyapalem
C8520	Domestic	5.6	North	NAD
C8521	Domestic	9.27	North	NAD
C8522	Domestic	8.22	Central	MVP Colony
C8523	Domestic	4.62	Central	MVP Colony
C8524	Commercial	10.72	South	Akkayyapalem
C8525	Domestic	6.91	East	NAD
C8526	Domestic	8.59	East	Dwaraka Nagar
C8527	Domestic	7.15	East	Rushikonda
C8528	Domestic	5.11	West	NAD
C8529	Domestic	2.55	South	NAD
C8530	Domestic	9.24	East	Seethammadhara
C8531	Domestic	3.85	West	NAD
C8532	Domestic	3.41	West	MVP Colony
C8533	Domestic	8.44	North	Seethammadhara
C8534	Domestic	9.84	West	MVP Colony
C8535	Commercial	35.73	Central	Akkayyapalem
C8536	Commercial	34.24	West	NAD
C8537	Commercial	21.42	Central	Rushikonda
C8538	Domestic	1.67	Central	MVP Colony
C8539	Domestic	3.13	North	Akkayyapalem
C8540	Domestic	6.47	North	NAD
C8541	Domestic	2.79	West	Rushikonda
C8542	Domestic	9.01	North	Dwaraka Nagar
C8543	Domestic	3.1	North	MVP Colony
C8544	Industrial	66.55	East	Rushikonda
C8545	Domestic	5.85	West	Rushikonda
C8546	Domestic	6.63	West	Rushikonda
C8547	Commercial	21.75	West	Madhurawada
C8548	Domestic	8.93	North	Rushikonda
C8549	Commercial	26.66	North	Akkayyapalem
C8550	Commercial	37.41	Central	MVP Colony
C8551	Commercial	34.71	South	Dwaraka Nagar
C8552	Domestic	2.5	South	Dwaraka Nagar
C8553	Domestic	6.79	South	MVP Colony
C8554	Domestic	6.18	East	Rushikonda
C8555	Domestic	9.14	North	Gajuwaka
C8556	Domestic	8.99	Central	Akkayyapalem
C8557	Domestic	2.78	Central	NAD
C8558	Domestic	2.19	South	NAD
C8559	Domestic	4	East	Dwaraka Nagar
C8560	Commercial	49.44	East	Rushikonda
C8561	Commercial	8.91	South	MVP Colony
C8562	Domestic	7.22	South	Gajuwaka
C8563	Domestic	6.67	North	Akkayyapalem
C8564	Commercial	35.16	East	Madhurawada
C8565	Domestic	3.36	Central	NAD
C8566	Commercial	17.52	South	Seethammadhara
C8567	Commercial	26.09	North	Akkayyapalem
C8568	Domestic	2.31	Central	Rushikonda
C8569	Commercial	11.13	East	Akkayyapalem
C8570	Domestic	2.25	South	Gajuwaka
C8571	Domestic	6.37	South	Akkayyapalem
C8572	Domestic	4.88	North	NAD
C8573	Domestic	4	North	MVP Colony
C8574	Commercial	21.26	East	Rushikonda
C8575	Domestic	3.26	South	NAD
C8576	Domestic	5	North	Madhurawada
C8577	Domestic	3.23	South	MVP Colony
C8578	Commercial	37.32	East	Dwaraka Nagar
C8579	Commercial	13.21	South	Gajuwaka
C8580	Commercial	47.83	Central	Rushikonda
C8581	Domestic	2.26	South	NAD
C8582	Domestic	9.52	West	MVP Colony
C8583	Domestic	8.58	West	Akkayyapalem
C8584	Domestic	7.29	East	MVP Colony
C8585	Domestic	9.25	East	NAD
C8586	Domestic	2.68	East	Dwaraka Nagar
C8587	Domestic	3	Central	NAD
C8588	Commercial	18.59	Central	Dwaraka Nagar
C8589	Domestic	3.58	South	Akkayyapalem
C8590	Domestic	4.14	North	NAD
C8591	Domestic	6.39	West	MVP Colony
C8592	Commercial	9.18	West	Madhurawada
C8593	Commercial	24.06	West	Madhurawada
C8594	Commercial	18.35	South	Akkayyapalem
C8595	Domestic	6.66	South	Seethammadhara
C8596	Industrial	98.96	East	Seethammadhara
C8597	Domestic	5.9	North	MVP Colony
C8598	Domestic	5.12	East	Madhurawada
C8599	Industrial	55.78	South	Akkayyapalem
C8600	Domestic	8.17	Central	Dwaraka Nagar
C8601	Domestic	2.11	East	MVP Colony
C8602	Domestic	9.66	South	Seethammadhara
C8603	Domestic	5.05	South	Rushikonda
C8604	Commercial	21.18	Central	Dwaraka Nagar
C8605	Domestic	9.78	Central	MVP Colony
C8606	Domestic	9.45	Central	Dwaraka Nagar
C8607	Domestic	6.96	North	Dwaraka Nagar
C8608	Domestic	1.66	South	Madhurawada
C8609	Domestic	7.86	Central	Rushikonda
C8610	Domestic	4.35	North	MVP Colony
C8611	Domestic	4.8	West	NAD
C8612	Domestic	2.85	West	Madhurawada
C8613	Commercial	29.99	West	Dwaraka Nagar
C8614	Domestic	7.83	South	Dwaraka Nagar
C8615	Domestic	3.82	North	Seethammadhara
C8616	Domestic	9.48	North	NAD
C8617	Domestic	3.16	West	Seethammadhara
C8618	Commercial	10.78	East	NAD
C8619	Industrial	75.11	West	Dwaraka Nagar
C8620	Domestic	8.72	South	NAD
C8621	Commercial	48.03	West	Rushikonda
C8622	Domestic	8.02	West	Gajuwaka
C8623	Domestic	3.2	North	Seethammadhara
C8624	Domestic	9.81	West	Seethammadhara
C8625	Domestic	9.32	Central	Madhurawada
C8626	Domestic	2.89	Central	Rushikonda
C8627	Commercial	31.47	East	MVP Colony
C8628	Domestic	6.22	South	Seethammadhara
C8629	Commercial	26.59	South	NAD
C8630	Commercial	49.34	North	NAD
C8631	Domestic	2.01	South	Gajuwaka
C8632	Domestic	6.83	East	MVP Colony
C8633	Domestic	3.25	Central	Gajuwaka
C8634	Industrial	66.91	North	MVP Colony
C8635	Domestic	8.13	Central	Seethammadhara
C8636	Domestic	3.6	East	Seethammadhara
C8637	Domestic	4.84	North	Madhurawada
C8638	Domestic	9.58	West	NAD
C8639	Domestic	7.97	South	Madhurawada
C8640	Domestic	6.37	East	MVP Colony
C8641	Domestic	3.39	North	NAD
C8642	Domestic	5.12	Central	Seethammadhara
C8643	Domestic	8.08	North	Gajuwaka
C8644	Domestic	8.47	West	Seethammadhara
C8645	Domestic	3.58	East	Seethammadhara
C8646	Domestic	7.13	North	Dwaraka Nagar
C8647	Domestic	2.31	East	Gajuwaka
C8648	Domestic	1.7	East	Dwaraka Nagar
C8649	Domestic	6.16	Central	Rushikonda
C8650	Domestic	3.41	South	Rushikonda
C8651	Domestic	2.17	West	Gajuwaka
C8652	Domestic	7.7	North	MVP Colony
C8653	Domestic	5.73	South	Madhurawada
C8654	Commercial	41.44	Central	Rushikonda
C8655	Commercial	35.89	South	Dwaraka Nagar
C8656	Commercial	38.65	East	MVP Colony
C8657	Commercial	20.91	East	Madhurawada
C8658	Domestic	3.74	West	Madhurawada
C8659	Domestic	6.61	North	NAD
C8660	Domestic	3.2	North	Seethammadhara
C8661	Domestic	8.43	Central	NAD
C8662	Domestic	5.94	West	Seethammadhara
C8663	Commercial	17.53	North	NAD
C8664	Domestic	6.81	East	Dwaraka Nagar
C8665	Domestic	9.53	West	Dwaraka Nagar
C8666	Domestic	2.2	South	Seethammadhara
C8667	Domestic	2.43	West	Rushikonda
C8668	Domestic	8.67	West	Madhurawada
C8669	Commercial	12.6	North	Dwaraka Nagar
C8670	Domestic	1.83	Central	Madhurawada
C8671	Commercial	22.61	Central	MVP Colony
C8672	Domestic	5.47	North	Gajuwaka
C8673	Commercial	31.92	North	Madhurawada
C8674	Domestic	5.81	North	Madhurawada
C8675	Domestic	9.26	Central	MVP Colony
C8676	Domestic	8.03	North	Seethammadhara
C8677	Commercial	49.32	South	NAD
C8678	Industrial	63.35	South	Akkayyapalem
C8679	Domestic	2.22	East	Rushikonda
C8680	Domestic	9.62	South	Seethammadhara
C8681	Commercial	8.17	West	NAD
C8682	Domestic	8.1	East	NAD
C8683	Domestic	1.77	South	Rushikonda
C8684	Domestic	7.97	West	Seethammadhara
C8685	Domestic	9.47	South	Seethammadhara
C8686	Commercial	24.35	West	Rushikonda
C8687	Commercial	18.12	North	Madhurawada
C8688	Domestic	3.42	West	Madhurawada
C8689	Domestic	5.68	North	Dwaraka Nagar
C8690	Commercial	15.18	West	Dwaraka Nagar
C8691	Domestic	7.22	West	Gajuwaka
C8692	Commercial	23.47	South	Gajuwaka
C8693	Domestic	4.25	West	Akkayyapalem
C8694	Domestic	5.42	South	Seethammadhara
C8695	Commercial	30.79	West	Dwaraka Nagar
C8696	Domestic	2.71	Central	Seethammadhara
C8697	Domestic	7.52	East	Madhurawada
C8698	Domestic	9.01	South	MVP Colony
C8699	Domestic	3.86	South	Dwaraka Nagar
C8700	Domestic	3.03	North	Madhurawada
C8701	Industrial	83.24	Central	Seethammadhara
C8702	Commercial	15.71	North	Rushikonda
C8703	Domestic	1.85	Central	Dwaraka Nagar
C8704	Domestic	6.76	Central	NAD
C8705	Domestic	3.54	West	Dwaraka Nagar
C8706	Domestic	2.96	North	Seethammadhara
C8707	Domestic	9.84	East	Seethammadhara
C8708	Commercial	20.26	Central	Akkayyapalem
C8709	Domestic	9.18	Central	Seethammadhara
C8710	Commercial	15.49	South	NAD
C8711	Domestic	8.46	West	Madhurawada
C8712	Domestic	5.77	East	NAD
C8713	Domestic	2.17	Central	Dwaraka Nagar
C8714	Domestic	7.74	South	Rushikonda
C8715	Domestic	9.08	North	NAD
C8716	Industrial	41.41	Central	Akkayyapalem
C8717	Domestic	7.67	South	MVP Colony
C8718	Commercial	26.69	North	NAD
C8719	Domestic	7.91	West	Seethammadhara
C8720	Industrial	79.97	North	Akkayyapalem
C8721	Domestic	1.73	Central	NAD
C8722	Commercial	15.51	East	Gajuwaka
C8723	Domestic	5.5	North	MVP Colony
C8724	Commercial	47.21	East	Madhurawada
C8725	Commercial	22.37	East	Seethammadhara
C8726	Domestic	6.85	North	Akkayyapalem
C8727	Domestic	1.6	West	NAD
C8728	Domestic	7.54	North	Rushikonda
C8729	Commercial	33.33	South	MVP Colony
C8730	Domestic	7.58	East	Madhurawada
C8731	Domestic	9.19	Central	MVP Colony
C8732	Domestic	2.75	East	Akkayyapalem
C8733	Domestic	3.72	Central	Gajuwaka
C8734	Commercial	49.82	South	Akkayyapalem
C8735	Domestic	2.83	South	Akkayyapalem
C8736	Domestic	7.63	South	Rushikonda
C8737	Commercial	38.45	North	Madhurawada
C8738	Domestic	7.31	East	Rushikonda
C8739	Domestic	3.43	Central	Rushikonda
C8740	Domestic	3.33	South	Madhurawada
C8741	Domestic	7.16	South	NAD
C8742	Domestic	3.08	Central	Dwaraka Nagar
C8743	Commercial	35.79	East	Akkayyapalem
C8744	Domestic	5.69	East	Madhurawada
C8745	Domestic	4.79	Central	Rushikonda
C8746	Domestic	4.05	West	Akkayyapalem
C8747	Domestic	9.55	East	Akkayyapalem
C8748	Commercial	29.34	Central	Rushikonda
C8749	Domestic	6.27	Central	Madhurawada
C8750	Domestic	9.57	South	Gajuwaka
C8751	Domestic	7.06	Central	Gajuwaka
C8752	Domestic	9.64	North	Akkayyapalem
C8753	Domestic	2.4	South	Gajuwaka
C8754	Domestic	8.7	South	Akkayyapalem
C8755	Domestic	4.35	East	Rushikonda
C8756	Commercial	42.04	West	NAD
C8757	Domestic	8.77	East	Madhurawada
C8758	Commercial	19.4	North	Akkayyapalem
C8759	Commercial	25.17	South	Gajuwaka
C8760	Domestic	7.67	South	Gajuwaka
C8761	Domestic	2.34	Central	MVP Colony
C8762	Domestic	7.92	West	MVP Colony
C8763	Domestic	2.44	West	Seethammadhara
C8764	Commercial	46.41	Central	Gajuwaka
C8765	Domestic	3.85	North	Seethammadhara
C8766	Domestic	6.39	West	Seethammadhara
C8767	Domestic	2.5	South	Seethammadhara
C8768	Domestic	3.79	North	NAD
C8769	Domestic	4.93	East	Dwaraka Nagar
C8770	Commercial	28.46	East	Akkayyapalem
C8771	Domestic	1.5	North	MVP Colony
C8772	Commercial	45.32	South	Akkayyapalem
C8773	Domestic	1.57	East	MVP Colony
C8774	Domestic	8.08	South	Madhurawada
C8775	Domestic	5.5	Central	Madhurawada
C8776	Domestic	5.95	West	Gajuwaka
C8777	Domestic	3.27	North	Madhurawada
C8778	Commercial	33.51	West	Rushikonda
C8779	Commercial	30.56	Central	Madhurawada
C8780	Domestic	2.9	East	Dwaraka Nagar
C8781	Domestic	3.52	South	Seethammadhara
C8782	Domestic	2.07	South	NAD
C8783	Commercial	10.78	Central	Gajuwaka
C8784	Domestic	1.62	North	Dwaraka Nagar
C8785	Commercial	17.26	West	Rushikonda
C8786	Domestic	7.28	East	Gajuwaka
C8787	Domestic	4.19	North	NAD
C8788	Commercial	22.39	Central	Gajuwaka
C8789	Domestic	2.62	Central	Akkayyapalem
C8790	Domestic	6.39	South	Akkayyapalem
C8791	Domestic	4.41	East	Akkayyapalem
C8792	Domestic	7.25	North	Madhurawada
C8793	Domestic	7.8	South	NAD
C8794	Domestic	6.47	East	Dwaraka Nagar
C8795	Commercial	19.59	West	Dwaraka Nagar
C8796	Domestic	5.82	West	Rushikonda
C8797	Commercial	18.58	South	MVP Colony
C8798	Domestic	9.17	North	Dwaraka Nagar
C8799	Domestic	8.01	East	Seethammadhara
C8800	Domestic	5.69	West	Akkayyapalem
C8801	Domestic	9.71	West	Seethammadhara
C8802	Domestic	6.15	North	Rushikonda
C8803	Industrial	53	South	Seethammadhara
C8804	Domestic	2.31	Central	Akkayyapalem
C8805	Domestic	6.12	East	MVP Colony
C8806	Domestic	8.81	West	Madhurawada
C8807	Commercial	44.4	Central	Dwaraka Nagar
C8808	Commercial	33.39	North	NAD
C8809	Domestic	4.84	South	MVP Colony
C8810	Domestic	7.03	East	Dwaraka Nagar
C8811	Domestic	7.98	North	Madhurawada
C8812	Domestic	5	South	Seethammadhara
C8813	Domestic	5.55	North	NAD
C8814	Domestic	7.29	West	NAD
C8815	Domestic	8.95	West	Rushikonda
C8816	Domestic	8.22	Central	Seethammadhara
C8817	Domestic	1.69	North	Madhurawada
C8818	Commercial	13.22	West	Dwaraka Nagar
C8819	Commercial	43.82	South	Seethammadhara
C8820	Domestic	8.59	Central	Gajuwaka
C8821	Domestic	4.8	East	Rushikonda
C8822	Domestic	6.47	North	Dwaraka Nagar
C8823	Domestic	9.2	West	Seethammadhara
C8824	Commercial	46.29	South	Seethammadhara
C8825	Domestic	8.16	North	MVP Colony
C8826	Commercial	16.8	South	MVP Colony
C8827	Commercial	38.67	Central	Dwaraka Nagar
C8828	Domestic	2.36	West	Rushikonda
C8829	Domestic	9.1	West	Akkayyapalem
C8830	Domestic	2.77	Central	MVP Colony
C8831	Domestic	7.13	South	Gajuwaka
C8832	Domestic	6.69	North	Akkayyapalem
C8833	Domestic	8.1	South	Gajuwaka
C8834	Commercial	31.17	North	NAD
C8835	Domestic	2.01	Central	MVP Colony
C8836	Domestic	7.5	East	Seethammadhara
C8837	Domestic	4.76	North	Akkayyapalem
C8838	Domestic	4.22	West	Dwaraka Nagar
C8839	Domestic	9.93	West	Akkayyapalem
C8840	Commercial	32.8	West	Seethammadhara
C8841	Domestic	7.54	South	NAD
C8842	Domestic	5.97	South	Gajuwaka
C8843	Domestic	8.04	South	NAD
C8844	Domestic	7.89	West	Madhurawada
C8845	Commercial	35.6	North	MVP Colony
C8846	Domestic	9.98	West	Dwaraka Nagar
C8847	Commercial	27.31	North	Gajuwaka
C8848	Domestic	7.5	South	NAD
C8849	Domestic	8.28	East	Dwaraka Nagar
C8850	Domestic	4.7	South	MVP Colony
C8851	Domestic	5.39	Central	Seethammadhara
C8852	Domestic	9.74	North	Dwaraka Nagar
C8853	Commercial	9.36	East	MVP Colony
C8854	Domestic	4.35	South	MVP Colony
C8855	Domestic	5.63	East	MVP Colony
C8856	Domestic	1.51	West	NAD
C8857	Domestic	9.14	North	Seethammadhara
C8858	Domestic	3.93	Central	MVP Colony
C8859	Domestic	3.69	West	Dwaraka Nagar
C8860	Domestic	8.47	East	Seethammadhara
C8861	Domestic	3.86	South	Madhurawada
C8862	Domestic	7.09	North	Dwaraka Nagar
C8863	Domestic	8.48	Central	NAD
C8864	Domestic	8.24	South	MVP Colony
C8865	Domestic	8.15	Central	Rushikonda
C8866	Industrial	36.2	North	Seethammadhara
C8867	Domestic	2.18	East	Madhurawada
C8868	Domestic	4.11	Central	NAD
C8869	Domestic	1.81	North	Gajuwaka
C8870	Domestic	5.75	Central	Gajuwaka
C8871	Commercial	24.58	South	Rushikonda
C8872	Domestic	6.23	Central	Rushikonda
C8873	Commercial	20.55	South	Gajuwaka
C8874	Commercial	28.4	South	Madhurawada
C8875	Domestic	4.35	North	Seethammadhara
C8876	Domestic	3.16	West	Dwaraka Nagar
C8877	Domestic	7.02	Central	Madhurawada
C8878	Domestic	7.22	East	Rushikonda
C8879	Domestic	8.55	South	Seethammadhara
C8880	Domestic	8.94	West	Madhurawada
C8881	Domestic	7.49	South	Seethammadhara
C8882	Domestic	7.34	West	Madhurawada
C8883	Domestic	1.98	West	Gajuwaka
C8884	Commercial	12.61	East	Akkayyapalem
C8885	Domestic	8.41	West	Seethammadhara
C8886	Commercial	17.78	East	Seethammadhara
C8887	Domestic	4.52	North	Seethammadhara
C8888	Domestic	2.74	South	Dwaraka Nagar
C8889	Domestic	3.16	East	Akkayyapalem
C8890	Domestic	8.09	South	Akkayyapalem
C8891	Domestic	3.73	Central	Madhurawada
C8892	Domestic	5.32	North	Dwaraka Nagar
C8893	Commercial	14.37	Central	Akkayyapalem
C8894	Domestic	7.26	Central	MVP Colony
C8895	Domestic	7.69	West	Madhurawada
C8896	Commercial	23.19	West	Madhurawada
C8897	Commercial	40.96	Central	Madhurawada
C8898	Domestic	3.54	West	MVP Colony
C8899	Domestic	7.38	South	Rushikonda
C8900	Commercial	38.66	West	MVP Colony
C8901	Domestic	9.73	Central	Gajuwaka
C8902	Domestic	3.47	West	Rushikonda
C8903	Domestic	2.3	West	NAD
C8904	Commercial	19.05	East	Dwaraka Nagar
C8905	Domestic	2.54	East	NAD
C8906	Industrial	41.88	Central	Madhurawada
C8907	Domestic	4.34	South	Akkayyapalem
C8908	Commercial	25.39	North	Madhurawada
C8909	Domestic	9.18	North	Akkayyapalem
C8910	Domestic	3.16	Central	Gajuwaka
C8911	Commercial	48.81	South	Seethammadhara
C8912	Domestic	8.39	South	NAD
C8913	Domestic	8.99	South	Seethammadhara
C8914	Domestic	9.4	East	Seethammadhara
C8915	Domestic	7.9	Central	Madhurawada
C8916	Domestic	8.2	North	NAD
C8917	Domestic	5.22	South	Rushikonda
C8918	Domestic	5.84	Central	Rushikonda
C8919	Domestic	9.43	North	Gajuwaka
C8920	Domestic	4.72	East	NAD
C8921	Domestic	1.86	West	Akkayyapalem
C8922	Commercial	40.04	North	Dwaraka Nagar
C8923	Domestic	6.37	North	Seethammadhara
C8924	Domestic	8.43	North	Rushikonda
C8925	Commercial	11.17	West	Gajuwaka
C8926	Domestic	6.78	South	NAD
C8927	Commercial	18.4	West	Madhurawada
C8928	Commercial	45.94	North	MVP Colony
C8929	Commercial	12.62	East	MVP Colony
C8930	Domestic	8.67	North	Gajuwaka
C8931	Commercial	11.72	East	Rushikonda
C8932	Commercial	9.05	Central	MVP Colony
C8933	Domestic	3.5	East	Rushikonda
C8934	Domestic	4.33	North	Dwaraka Nagar
C8935	Domestic	6.83	West	Gajuwaka
C8936	Domestic	2.62	North	Madhurawada
C8937	Domestic	5.22	North	Madhurawada
C8938	Domestic	3.24	Central	Gajuwaka
C8939	Domestic	8.77	South	MVP Colony
C8940	Domestic	1.88	North	MVP Colony
C8941	Domestic	4.53	Central	Madhurawada
C8942	Domestic	6.87	West	Dwaraka Nagar
C8943	Commercial	46.35	Central	Akkayyapalem
C8944	Domestic	8.88	Central	MVP Colony
C8945	Domestic	9.11	East	Dwaraka Nagar
C8946	Domestic	2.03	South	Seethammadhara
C8947	Domestic	8.65	South	MVP Colony
C8948	Commercial	40.76	West	Akkayyapalem
C8949	Commercial	45.9	Central	Gajuwaka
C8950	Domestic	4.15	West	NAD
C8951	Industrial	93.82	West	Madhurawada
C8952	Domestic	4.92	South	Gajuwaka
C8953	Domestic	6.89	South	MVP Colony
C8954	Domestic	5.11	South	Akkayyapalem
C8955	Commercial	25.96	North	Madhurawada
C8956	Domestic	6.15	Central	NAD
C8957	Domestic	4.53	West	NAD
C8958	Commercial	41.29	Central	Akkayyapalem
C8959	Domestic	6.89	West	Akkayyapalem
C8960	Domestic	7.36	West	MVP Colony
C8961	Commercial	17.7	West	Madhurawada
C8962	Domestic	9.74	West	Seethammadhara
C8963	Domestic	7.11	East	Seethammadhara
C8964	Domestic	3.18	East	Rushikonda
C8965	Domestic	7.88	North	MVP Colony
C8966	Domestic	2.98	South	NAD
C8967	Domestic	2.04	West	Gajuwaka
C8968	Domestic	5.98	Central	Gajuwaka
C8969	Domestic	6.2	East	Dwaraka Nagar
C8970	Commercial	15.94	South	NAD
C8971	Industrial	54.39	North	Seethammadhara
C8972	Domestic	9.54	South	Seethammadhara
C8973	Domestic	3.92	West	NAD
C8974	Commercial	14.53	South	MVP Colony
C8975	Domestic	9.94	West	Dwaraka Nagar
C8976	Domestic	4.07	East	Rushikonda
C8977	Commercial	36.57	East	Akkayyapalem
C8978	Commercial	17.73	West	Dwaraka Nagar
C8979	Commercial	31.11	Central	Madhurawada
C8980	Commercial	24.22	East	MVP Colony
C8981	Domestic	9.67	Central	Akkayyapalem
C8982	Domestic	5.18	West	Akkayyapalem
C8983	Domestic	6.47	West	Seethammadhara
C8984	Domestic	9.53	East	Gajuwaka
C8985	Domestic	9.91	Central	Madhurawada
C8986	Commercial	12.27	West	Dwaraka Nagar
C8987	Commercial	43.04	East	Gajuwaka
C8988	Domestic	4.75	West	NAD
C8989	Commercial	32.98	South	MVP Colony
C8990	Commercial	23.75	South	Rushikonda
C8991	Domestic	4.91	East	Dwaraka Nagar
C8992	Domestic	2.85	West	NAD
C8993	Domestic	6.37	East	Akkayyapalem
C8994	Domestic	6.15	North	Seethammadhara
C8995	Domestic	3.11	East	Dwaraka Nagar
C8996	Domestic	6.1	East	Gajuwaka
C8997	Domestic	9.77	South	Madhurawada
C8998	Domestic	7.57	South	Gajuwaka
C8999	Commercial	28.2	West	MVP Colony
C9000	Domestic	9.29	East	Seethammadhara
C9001	Commercial	32.16	East	MVP Colony
C9002	Domestic	2.65	West	Dwaraka Nagar
C9003	Domestic	6.15	Central	Gajuwaka
C9004	Commercial	15.6	West	Madhurawada
C9005	Domestic	8.02	South	Akkayyapalem
C9006	Domestic	9.72	South	MVP Colony
C9007	Commercial	23.15	East	Madhurawada
C9008	Domestic	5.2	South	NAD
C9009	Domestic	5.08	West	Dwaraka Nagar
C9010	Domestic	3.93	East	Madhurawada
C9011	Commercial	41.36	West	Dwaraka Nagar
C9012	Domestic	6.75	West	NAD
C9013	Domestic	2.04	East	Madhurawada
C9014	Domestic	8.63	Central	Seethammadhara
C9015	Domestic	3.09	South	Madhurawada
C9016	Commercial	49.12	North	Akkayyapalem
C9017	Domestic	4.7	North	NAD
C9018	Domestic	6.74	North	Rushikonda
C9019	Domestic	2.16	South	Seethammadhara
C9020	Commercial	22.48	Central	Seethammadhara
C9021	Domestic	8.32	West	Gajuwaka
C9022	Commercial	28.04	East	Rushikonda
C9023	Commercial	45.99	Central	Madhurawada
C9024	Domestic	6.39	North	Akkayyapalem
C9025	Domestic	9.39	South	Madhurawada
C9026	Domestic	9.85	South	Akkayyapalem
C9027	Commercial	27.06	East	Seethammadhara
C9028	Domestic	6.3	West	MVP Colony
C9029	Domestic	8.6	Central	Seethammadhara
C9030	Commercial	17.3	Central	Gajuwaka
C9031	Domestic	8.82	Central	Madhurawada
C9032	Domestic	6.53	West	Rushikonda
C9033	Domestic	7.67	West	NAD
C9034	Domestic	2.18	West	Dwaraka Nagar
C9035	Commercial	40.18	East	NAD
C9036	Domestic	4.14	South	Gajuwaka
C9037	Domestic	8.34	North	MVP Colony
C9038	Commercial	29.38	West	MVP Colony
C9039	Domestic	3.83	South	MVP Colony
C9040	Industrial	96.69	West	Akkayyapalem
C9041	Industrial	83.55	North	NAD
C9042	Domestic	9.88	West	Rushikonda
C9043	Domestic	4.6	South	Dwaraka Nagar
C9044	Commercial	35.27	East	Seethammadhara
C9045	Domestic	6.7	North	Seethammadhara
C9046	Domestic	7.34	South	Dwaraka Nagar
C9047	Commercial	9.61	Central	Seethammadhara
C9048	Domestic	3.98	Central	Akkayyapalem
C9049	Commercial	46.19	Central	Madhurawada
C9050	Domestic	5.1	East	Akkayyapalem
C9051	Domestic	9.67	West	Dwaraka Nagar
C9052	Domestic	3.31	West	Dwaraka Nagar
C9053	Industrial	99.82	West	Rushikonda
C9054	Domestic	7.43	East	Rushikonda
C9055	Commercial	40.61	Central	Madhurawada
C9056	Domestic	4.87	West	NAD
C9057	Domestic	9.21	East	NAD
C9058	Domestic	6.14	East	Gajuwaka
C9059	Domestic	7.29	South	Rushikonda
C9060	Domestic	2.31	West	NAD
C9061	Domestic	6.87	Central	MVP Colony
C9062	Domestic	8.97	North	Rushikonda
C9063	Commercial	15.49	East	Rushikonda
C9064	Domestic	7.77	South	MVP Colony
C9065	Industrial	31.78	North	Rushikonda
C9066	Domestic	9.37	East	Rushikonda
C9067	Domestic	9.85	South	Gajuwaka
C9068	Domestic	4.51	West	Dwaraka Nagar
C9069	Domestic	2.41	South	Rushikonda
C9070	Domestic	7.1	East	Gajuwaka
C9071	Domestic	1.75	West	Madhurawada
C9072	Domestic	5.6	Central	Gajuwaka
C9073	Commercial	19.41	South	Gajuwaka
C9074	Domestic	5.52	North	Akkayyapalem
C9075	Commercial	8.77	West	MVP Colony
C9076	Domestic	1.94	West	Madhurawada
C9077	Domestic	1.64	Central	Akkayyapalem
C9078	Domestic	6.76	South	Madhurawada
C9079	Domestic	6.26	North	Gajuwaka
C9080	Domestic	3.48	Central	Rushikonda
C9081	Domestic	7	South	Akkayyapalem
C9082	Domestic	9.02	North	Akkayyapalem
C9083	Domestic	3.86	North	Madhurawada
C9084	Domestic	8.57	East	Madhurawada
C9085	Domestic	7.13	North	NAD
C9086	Domestic	1.79	South	Seethammadhara
C9087	Industrial	56.26	Central	Madhurawada
C9088	Commercial	29.33	Central	Akkayyapalem
C9089	Domestic	7.72	East	Dwaraka Nagar
C9090	Commercial	20.06	South	Madhurawada
C9091	Commercial	49.27	North	MVP Colony
C9092	Domestic	7.32	East	NAD
C9093	Domestic	4.67	West	MVP Colony
C9094	Industrial	36.79	South	Seethammadhara
C9095	Domestic	3.04	East	MVP Colony
C9096	Commercial	28.48	Central	Dwaraka Nagar
C9097	Domestic	5.7	East	Rushikonda
C9098	Domestic	8.03	West	NAD
C9099	Domestic	7.67	South	Seethammadhara
C9100	Domestic	3.21	East	Gajuwaka
C9101	Commercial	32.99	North	Akkayyapalem
C9102	Industrial	31.44	South	Akkayyapalem
C9103	Domestic	4.89	East	Madhurawada
C9104	Domestic	7.99	East	Akkayyapalem
C9105	Commercial	24.78	South	Dwaraka Nagar
C9106	Domestic	8.6	Central	Akkayyapalem
C9107	Domestic	9.8	North	Dwaraka Nagar
C9108	Domestic	6.66	South	Gajuwaka
C9109	Commercial	14.09	North	Rushikonda
C9110	Commercial	23.95	North	Dwaraka Nagar
C9111	Domestic	1.58	South	Gajuwaka
C9112	Domestic	6.62	East	Gajuwaka
C9113	Industrial	87.51	Central	Gajuwaka
C9114	Domestic	6.85	North	Dwaraka Nagar
C9115	Domestic	8.18	North	Seethammadhara
C9116	Domestic	8.3	East	Gajuwaka
C9117	Commercial	43.74	South	Rushikonda
C9118	Domestic	3.77	Central	Seethammadhara
C9119	Domestic	8.91	North	Dwaraka Nagar
C9120	Domestic	7.06	North	Rushikonda
C9121	Domestic	3.96	South	NAD
C9122	Domestic	9.89	East	Rushikonda
C9123	Domestic	9.58	West	Gajuwaka
C9124	Domestic	6.38	East	Dwaraka Nagar
C9125	Domestic	8.67	North	Dwaraka Nagar
C9126	Domestic	3.72	North	Seethammadhara
C9127	Domestic	5.04	Central	Dwaraka Nagar
C9128	Commercial	15.73	East	Madhurawada
C9129	Commercial	29.84	West	Seethammadhara
C9130	Domestic	5.72	Central	Seethammadhara
C9131	Commercial	16.94	West	Madhurawada
C9132	Domestic	7.22	Central	Gajuwaka
C9133	Industrial	38.25	East	Akkayyapalem
C9134	Domestic	2.02	North	NAD
C9135	Domestic	4.77	West	Akkayyapalem
C9136	Domestic	4.98	East	Gajuwaka
C9137	Domestic	4.22	West	MVP Colony
C9138	Industrial	48.06	East	MVP Colony
C9139	Domestic	4.38	Central	Rushikonda
C9140	Domestic	2.89	East	NAD
C9141	Domestic	4.93	Central	Seethammadhara
C9142	Commercial	45.99	North	NAD
C9143	Domestic	3.41	Central	NAD
C9144	Domestic	7.32	South	Madhurawada
C9145	Industrial	39.92	North	Madhurawada
C9146	Domestic	4.51	East	MVP Colony
C9147	Domestic	4.23	East	NAD
C9148	Commercial	47.36	South	Rushikonda
C9149	Domestic	5.14	East	Dwaraka Nagar
C9150	Domestic	7.37	North	Akkayyapalem
C9151	Domestic	6.62	North	MVP Colony
C9152	Commercial	13.92	Central	NAD
C9153	Domestic	9.49	West	Dwaraka Nagar
C9154	Commercial	22.53	East	NAD
C9155	Commercial	9.88	South	Seethammadhara
C9156	Domestic	4.05	North	Gajuwaka
C9157	Commercial	22.1	North	Dwaraka Nagar
C9158	Domestic	2.29	North	Seethammadhara
C9159	Domestic	6.77	West	Akkayyapalem
C9160	Commercial	22.56	West	Gajuwaka
C9161	Industrial	74.04	East	Seethammadhara
C9162	Domestic	1.56	South	Madhurawada
C9163	Domestic	9.85	West	MVP Colony
C9164	Domestic	2.95	Central	NAD
C9165	Domestic	7.1	West	MVP Colony
C9166	Domestic	7.58	North	Akkayyapalem
C9167	Domestic	2.96	South	NAD
C9168	Domestic	2.45	East	Gajuwaka
C9169	Domestic	2.8	West	Dwaraka Nagar
C9170	Domestic	3.6	North	Dwaraka Nagar
C9171	Commercial	15.07	Central	NAD
C9172	Commercial	36.31	Central	Gajuwaka
C9173	Domestic	5.08	East	NAD
C9174	Domestic	6.07	East	NAD
C9175	Domestic	1.9	West	Rushikonda
C9176	Domestic	8.82	East	Seethammadhara
C9177	Domestic	2.95	North	NAD
C9178	Commercial	23.13	North	Dwaraka Nagar
C9179	Domestic	2.11	North	Rushikonda
C9180	Domestic	2.66	West	Akkayyapalem
C9181	Domestic	7.16	West	NAD
C9182	Domestic	7.39	East	Dwaraka Nagar
C9183	Domestic	7.25	West	Madhurawada
C9184	Industrial	68.65	North	Gajuwaka
C9185	Domestic	9.6	South	Madhurawada
C9186	Domestic	5.81	North	NAD
C9187	Domestic	5.32	South	Dwaraka Nagar
C9188	Commercial	18.4	East	Gajuwaka
C9189	Domestic	2.34	Central	MVP Colony
C9190	Domestic	6.16	West	Gajuwaka
C9191	Commercial	21.23	West	Gajuwaka
C9192	Domestic	5.95	North	Rushikonda
C9193	Domestic	3.25	North	NAD
C9194	Domestic	8.62	South	Seethammadhara
C9195	Domestic	10	West	Madhurawada
C9196	Domestic	4.24	East	Madhurawada
C9197	Domestic	8.66	North	Rushikonda
C9198	Domestic	8.92	West	MVP Colony
C9199	Domestic	9.97	Central	NAD
C9200	Domestic	4.41	South	Gajuwaka
C9201	Domestic	7.93	North	Seethammadhara
C9202	Domestic	3.44	North	Akkayyapalem
C9203	Commercial	34.24	East	Madhurawada
C9204	Domestic	7.49	North	Madhurawada
C9205	Domestic	7.8	West	Dwaraka Nagar
C9206	Domestic	3.26	West	Gajuwaka
C9207	Domestic	8.71	West	NAD
C9208	Domestic	5.08	Central	Madhurawada
C9209	Domestic	3.34	Central	Rushikonda
C9210	Domestic	6.11	North	Seethammadhara
C9211	Domestic	8.84	Central	Rushikonda
C9212	Commercial	48.62	Central	Rushikonda
C9213	Domestic	7.86	East	Rushikonda
C9214	Domestic	1.55	Central	NAD
C9215	Domestic	2.64	South	Gajuwaka
C9216	Domestic	2.15	South	Rushikonda
C9217	Domestic	2.36	South	Gajuwaka
C9218	Domestic	4.76	North	Madhurawada
C9219	Domestic	4.38	West	MVP Colony
C9220	Commercial	12.77	East	NAD
C9221	Commercial	45.05	North	Rushikonda
C9222	Domestic	6.73	West	Rushikonda
C9223	Domestic	8.27	East	NAD
C9224	Commercial	23.61	East	Dwaraka Nagar
C9225	Domestic	4.99	East	Seethammadhara
C9226	Domestic	4.2	South	Gajuwaka
C9227	Domestic	5.23	South	Gajuwaka
C9228	Domestic	6.69	South	Madhurawada
C9229	Domestic	5.69	East	Madhurawada
C9230	Domestic	8.62	East	Madhurawada
C9231	Domestic	9.15	South	Dwaraka Nagar
C9232	Domestic	5.49	East	Seethammadhara
C9233	Commercial	18.07	South	Rushikonda
C9234	Domestic	9.53	South	MVP Colony
C9235	Domestic	7.75	South	Madhurawada
C9236	Domestic	6.94	West	Madhurawada
C9237	Commercial	39.31	East	Akkayyapalem
C9238	Commercial	11.19	North	Seethammadhara
C9239	Domestic	2.07	South	Madhurawada
C9240	Domestic	2.8	North	Dwaraka Nagar
C9241	Commercial	14.19	West	NAD
C9242	Domestic	5.08	East	MVP Colony
C9243	Domestic	2.84	South	NAD
C9244	Domestic	8.76	South	Rushikonda
C9245	Domestic	6.41	South	Akkayyapalem
C9246	Domestic	4.63	North	Gajuwaka
C9247	Domestic	2.09	West	Gajuwaka
C9248	Domestic	6.52	East	Madhurawada
C9249	Commercial	12.89	West	Akkayyapalem
C9250	Commercial	39.22	South	NAD
C9251	Commercial	41.72	West	Dwaraka Nagar
C9252	Industrial	68.08	North	MVP Colony
C9253	Domestic	2.77	Central	Seethammadhara
C9254	Domestic	8.19	Central	NAD
C9255	Domestic	4.12	East	Akkayyapalem
C9256	Commercial	17.35	East	Rushikonda
C9257	Domestic	5.5	West	Akkayyapalem
C9258	Industrial	94.59	East	Seethammadhara
C9259	Domestic	4.03	North	NAD
C9260	Commercial	46.03	South	Rushikonda
C9261	Domestic	1.96	South	MVP Colony
C9262	Domestic	2.21	West	NAD
C9263	Commercial	37.34	South	NAD
C9264	Domestic	3.12	West	MVP Colony
C9265	Commercial	21.3	East	Dwaraka Nagar
C9266	Domestic	2.66	East	Seethammadhara
C9267	Domestic	4.32	North	Akkayyapalem
C9268	Domestic	3.88	South	MVP Colony
C9269	Domestic	7.76	North	Madhurawada
C9270	Domestic	7.47	Central	Madhurawada
C9271	Domestic	9.62	North	Madhurawada
C9272	Domestic	7.66	West	Madhurawada
C9273	Domestic	7.41	West	Rushikonda
C9274	Domestic	7.4	North	Seethammadhara
C9275	Domestic	9.01	East	Gajuwaka
C9276	Commercial	20.44	Central	Dwaraka Nagar
C9277	Domestic	4.05	North	Gajuwaka
C9278	Domestic	7.8	East	NAD
C9279	Domestic	3.44	North	NAD
C9280	Domestic	9.25	South	MVP Colony
C9281	Domestic	6.05	West	Madhurawada
C9282	Industrial	51.01	South	Rushikonda
C9283	Commercial	40.6	South	Rushikonda
C9284	Domestic	4.15	Central	MVP Colony
C9285	Domestic	9.69	East	NAD
C9286	Commercial	49.29	West	Madhurawada
C9287	Domestic	7.17	South	Seethammadhara
C9288	Domestic	2.47	West	Akkayyapalem
C9289	Domestic	3.74	East	Dwaraka Nagar
C9290	Domestic	5.88	North	NAD
C9291	Industrial	89.6	South	Akkayyapalem
C9292	Domestic	3.07	East	MVP Colony
C9293	Domestic	2.39	West	Akkayyapalem
C9294	Domestic	2.13	East	MVP Colony
C9295	Commercial	29.29	North	NAD
C9296	Commercial	45.16	East	Gajuwaka
C9297	Domestic	1.86	West	Rushikonda
C9298	Domestic	3.3	South	Seethammadhara
C9299	Domestic	7.39	South	Seethammadhara
C9300	Commercial	42.69	Central	Rushikonda
C9301	Commercial	41.91	West	Dwaraka Nagar
C9302	Domestic	8.17	Central	Seethammadhara
C9303	Commercial	13.45	Central	Akkayyapalem
C9304	Domestic	4.88	North	Seethammadhara
C9305	Domestic	9.87	West	Akkayyapalem
C9306	Domestic	9.91	South	NAD
C9307	Domestic	6.62	West	Seethammadhara
C9308	Domestic	7.53	North	NAD
C9309	Domestic	9.59	West	Seethammadhara
C9310	Domestic	5.32	West	Rushikonda
C9311	Domestic	2.66	Central	MVP Colony
C9312	Domestic	7.19	West	Madhurawada
C9313	Domestic	9.66	Central	Madhurawada
C9314	Domestic	7.43	Central	Madhurawada
C9315	Domestic	8.33	East	MVP Colony
C9316	Domestic	5.09	North	Madhurawada
C9317	Commercial	12.05	Central	Rushikonda
C9318	Commercial	15.09	West	NAD
C9319	Commercial	49.27	Central	Gajuwaka
C9320	Domestic	5.69	Central	Gajuwaka
C9321	Domestic	1.6	Central	Seethammadhara
C9322	Domestic	9.62	South	Gajuwaka
C9323	Domestic	5.73	South	Madhurawada
C9324	Domestic	8.61	South	Gajuwaka
C9325	Domestic	6.16	South	Akkayyapalem
C9326	Commercial	12.27	East	Madhurawada
C9327	Domestic	6.73	Central	Akkayyapalem
C9328	Commercial	49.89	East	NAD
C9329	Commercial	9.46	West	Akkayyapalem
C9330	Domestic	8.66	North	NAD
C9331	Commercial	17.89	East	MVP Colony
C9332	Domestic	4.85	South	MVP Colony
C9333	Commercial	23.65	South	Seethammadhara
C9334	Domestic	9.14	West	Akkayyapalem
C9335	Commercial	29.19	Central	Dwaraka Nagar
C9336	Domestic	5.3	North	NAD
C9337	Commercial	42.36	East	Rushikonda
C9338	Domestic	1.92	Central	Madhurawada
C9339	Domestic	2.23	Central	Dwaraka Nagar
C9340	Commercial	8.91	East	NAD
C9341	Commercial	36.9	East	Madhurawada
C9342	Domestic	5.97	East	NAD
C9343	Domestic	8.95	East	NAD
C9344	Domestic	5.74	South	Rushikonda
C9345	Industrial	45.53	Central	Madhurawada
C9346	Commercial	41.82	Central	NAD
C9347	Commercial	20.36	South	Rushikonda
C9348	Domestic	9.45	Central	NAD
C9349	Domestic	3.63	East	NAD
C9350	Domestic	2.93	North	Seethammadhara
C9351	Commercial	28.72	Central	MVP Colony
C9352	Domestic	1.93	North	Gajuwaka
C9353	Commercial	9.53	North	NAD
C9354	Domestic	5.72	South	Seethammadhara
C9355	Domestic	3.33	West	Rushikonda
C9356	Domestic	1.58	Central	Madhurawada
C9357	Domestic	4.02	South	Akkayyapalem
C9358	Domestic	5.56	South	NAD
C9359	Domestic	4.85	North	Seethammadhara
C9360	Domestic	2.65	Central	MVP Colony
C9361	Commercial	32.35	South	Seethammadhara
C9362	Domestic	7.54	East	MVP Colony
C9363	Domestic	7.24	South	Akkayyapalem
C9364	Domestic	4.85	East	NAD
C9365	Domestic	2.67	West	Dwaraka Nagar
C9366	Commercial	28.98	East	Akkayyapalem
C9367	Domestic	9.07	East	Gajuwaka
C9368	Commercial	27.69	North	Madhurawada
C9369	Domestic	3.16	South	Seethammadhara
C9370	Domestic	2.29	West	Madhurawada
C9371	Domestic	9.52	South	Madhurawada
C9372	Domestic	7.82	East	Rushikonda
C9373	Domestic	4.16	East	Rushikonda
C9374	Commercial	20.4	South	Madhurawada
C9375	Domestic	9.11	West	MVP Colony
C9376	Domestic	3.01	West	Seethammadhara
C9377	Domestic	6.05	North	Rushikonda
C9378	Domestic	7.56	East	Gajuwaka
C9379	Domestic	4.87	East	NAD
C9380	Domestic	1.84	North	NAD
C9381	Domestic	3.44	South	Dwaraka Nagar
C9382	Domestic	9.17	East	NAD
C9383	Domestic	5.95	South	Rushikonda
C9384	Commercial	42.25	West	Gajuwaka
C9385	Domestic	6.22	Central	NAD
C9386	Domestic	9.52	North	MVP Colony
C9387	Industrial	93.64	East	Akkayyapalem
C9388	Domestic	5.6	North	NAD
C9389	Domestic	4.21	West	Madhurawada
C9390	Domestic	6.61	West	Madhurawada
C9391	Domestic	7.24	West	Akkayyapalem
C9392	Domestic	5.74	West	Madhurawada
C9393	Industrial	87.56	Central	Madhurawada
C9394	Commercial	15.7	South	MVP Colony
C9395	Commercial	22.05	South	MVP Colony
C9396	Commercial	36.83	Central	MVP Colony
C9397	Domestic	3.6	South	Rushikonda
C9398	Domestic	5.24	West	NAD
C9399	Commercial	48.48	South	Akkayyapalem
C9400	Industrial	73.81	North	Madhurawada
C9401	Domestic	9.57	South	Dwaraka Nagar
C9402	Commercial	38.34	North	Akkayyapalem
C9403	Domestic	7.66	East	Dwaraka Nagar
C9404	Domestic	6.53	North	Madhurawada
C9405	Domestic	2.71	North	Gajuwaka
C9406	Domestic	5.92	West	Akkayyapalem
C9407	Domestic	3.65	West	Rushikonda
C9408	Domestic	9.99	West	NAD
C9409	Domestic	3.77	North	Dwaraka Nagar
C9410	Domestic	3.46	Central	Akkayyapalem
C9411	Domestic	6.8	West	Akkayyapalem
C9412	Industrial	65.77	West	MVP Colony
C9413	Domestic	1.68	North	Gajuwaka
C9414	Domestic	2.6	East	MVP Colony
C9415	Domestic	8.39	East	Gajuwaka
C9416	Domestic	5.61	South	Gajuwaka
C9417	Commercial	14.13	East	NAD
C9418	Domestic	5.45	West	Akkayyapalem
C9419	Commercial	18.63	Central	MVP Colony
C9420	Domestic	3.4	South	Rushikonda
C9421	Domestic	9.64	Central	MVP Colony
C9422	Domestic	4.58	Central	Dwaraka Nagar
C9423	Domestic	1.89	West	Akkayyapalem
C9424	Domestic	9.75	North	Madhurawada
C9425	Domestic	8.26	North	Madhurawada
C9426	Domestic	3.66	North	Dwaraka Nagar
C9427	Domestic	4.98	East	Gajuwaka
C9428	Industrial	90.36	North	Rushikonda
C9429	Domestic	4.54	West	Dwaraka Nagar
C9430	Domestic	6.32	East	Dwaraka Nagar
C9431	Domestic	6.05	North	MVP Colony
C9432	Domestic	4.91	Central	Dwaraka Nagar
C9433	Domestic	6.94	West	Seethammadhara
C9434	Commercial	27.88	West	Rushikonda
C9435	Industrial	31.49	South	Gajuwaka
C9436	Domestic	8.42	West	Madhurawada
C9437	Domestic	2.46	Central	NAD
C9438	Domestic	5.44	West	Rushikonda
C9439	Domestic	6.43	South	Rushikonda
C9440	Domestic	7.5	West	Akkayyapalem
C9441	Domestic	4.99	West	Dwaraka Nagar
C9442	Domestic	7.75	South	Akkayyapalem
C9443	Domestic	2.62	West	Dwaraka Nagar
C9444	Domestic	7.05	East	Seethammadhara
C9445	Domestic	8.52	West	Akkayyapalem
C9446	Domestic	9.06	North	MVP Colony
C9447	Domestic	6.43	North	MVP Colony
C9448	Commercial	21.14	East	Akkayyapalem
C9449	Domestic	2.89	West	Dwaraka Nagar
C9450	Commercial	22.51	Central	Seethammadhara
C9451	Domestic	6.09	West	Seethammadhara
C9452	Domestic	3.17	North	Dwaraka Nagar
C9453	Domestic	9.6	South	Gajuwaka
C9454	Domestic	9.13	East	Madhurawada
C9455	Commercial	9.38	South	Rushikonda
C9456	Domestic	6.28	Central	Rushikonda
C9457	Domestic	8.21	West	Madhurawada
C9458	Domestic	3.59	Central	Seethammadhara
C9459	Industrial	66.67	South	NAD
C9460	Domestic	4.95	West	Madhurawada
C9461	Industrial	43.76	Central	NAD
C9462	Commercial	33.82	North	MVP Colony
C9463	Domestic	9.95	North	Rushikonda
C9464	Commercial	23.34	East	NAD
C9465	Industrial	68.67	North	NAD
C9466	Domestic	4.29	North	Madhurawada
C9467	Domestic	8.95	South	Seethammadhara
C9468	Domestic	8.85	North	Dwaraka Nagar
C9469	Domestic	3.02	North	Seethammadhara
C9470	Domestic	9.15	South	MVP Colony
C9471	Domestic	2.79	North	Gajuwaka
C9472	Domestic	2.31	North	NAD
C9473	Domestic	7.05	East	NAD
C9474	Domestic	4.78	North	Akkayyapalem
C9475	Commercial	30.29	North	NAD
C9476	Commercial	35.41	East	Seethammadhara
C9477	Domestic	1.95	South	Dwaraka Nagar
C9478	Domestic	3.99	North	Gajuwaka
C9479	Domestic	5.42	Central	Seethammadhara
C9480	Industrial	48.66	South	Akkayyapalem
C9481	Domestic	1.92	South	Seethammadhara
C9482	Domestic	2.24	North	Madhurawada
C9483	Commercial	41.67	East	MVP Colony
C9484	Commercial	46.28	South	Dwaraka Nagar
C9485	Commercial	14.39	East	Gajuwaka
C9486	Commercial	18.47	Central	MVP Colony
C9487	Domestic	7.04	East	Madhurawada
C9488	Domestic	9.61	West	MVP Colony
C9489	Domestic	4.05	East	Akkayyapalem
C9490	Domestic	8.77	South	NAD
C9491	Commercial	29.25	East	NAD
C9492	Domestic	9.63	East	Dwaraka Nagar
C9493	Domestic	2.66	West	MVP Colony
C9494	Commercial	48.89	West	Seethammadhara
C9495	Domestic	5.25	North	NAD
C9496	Industrial	96.71	South	Dwaraka Nagar
C9497	Industrial	62.11	North	Dwaraka Nagar
C9498	Domestic	6.01	West	Akkayyapalem
C9499	Domestic	8.34	East	Dwaraka Nagar
C9500	Domestic	7.64	West	Madhurawada
C9501	Domestic	6.77	Central	Seethammadhara
C9502	Domestic	5.04	East	NAD
C9503	Domestic	8.24	North	NAD
C9504	Industrial	96.38	East	Gajuwaka
C9505	Domestic	1.58	Central	Madhurawada
C9506	Commercial	32.69	West	NAD
C9507	Domestic	8.86	South	Akkayyapalem
C9508	Domestic	7.05	South	NAD
C9509	Commercial	41.63	South	Gajuwaka
C9510	Domestic	9.11	West	Rushikonda
C9511	Domestic	7.88	South	MVP Colony
C9512	Domestic	7.59	Central	MVP Colony
C9513	Commercial	48.52	West	Madhurawada
C9514	Domestic	8.84	South	Dwaraka Nagar
C9515	Domestic	8.43	North	Gajuwaka
C9516	Domestic	2.23	West	Rushikonda
C9517	Industrial	46.73	West	Gajuwaka
C9518	Commercial	31.38	East	Rushikonda
C9519	Domestic	7.53	South	Rushikonda
C9520	Commercial	20.74	North	NAD
C9521	Domestic	2.29	Central	Akkayyapalem
C9522	Domestic	4.14	West	NAD
C9523	Domestic	8.05	Central	Akkayyapalem
C9524	Domestic	8.96	Central	Gajuwaka
C9525	Domestic	9.26	Central	Dwaraka Nagar
C9526	Domestic	4.72	East	MVP Colony
C9527	Domestic	4.67	Central	Madhurawada
C9528	Commercial	25.08	South	Seethammadhara
C9529	Domestic	4.69	South	Akkayyapalem
C9530	Domestic	7.16	North	MVP Colony
C9531	Commercial	23.05	North	Madhurawada
C9532	Domestic	1.67	Central	Dwaraka Nagar
C9533	Domestic	5.23	Central	Gajuwaka
C9534	Commercial	17.41	East	Dwaraka Nagar
C9535	Domestic	1.74	Central	Akkayyapalem
C9536	Domestic	5.5	Central	Gajuwaka
C9537	Domestic	3.25	Central	Rushikonda
C9538	Commercial	27.02	West	NAD
C9539	Domestic	3.86	West	Rushikonda
C9540	Commercial	33.36	East	Madhurawada
C9541	Domestic	9.92	East	NAD
C9542	Domestic	6.15	South	Gajuwaka
C9543	Commercial	35.17	East	Seethammadhara
C9544	Domestic	9.31	South	Madhurawada
C9545	Domestic	4.68	Central	Madhurawada
C9546	Domestic	2.92	East	NAD
C9547	Commercial	19.88	East	Madhurawada
C9548	Domestic	4.92	East	Gajuwaka
C9549	Domestic	6.98	South	Rushikonda
C9550	Domestic	1.54	South	Seethammadhara
C9551	Commercial	43.84	North	Akkayyapalem
C9552	Domestic	2.15	South	Akkayyapalem
C9553	Domestic	9.16	South	Gajuwaka
C9554	Domestic	9.57	West	NAD
C9555	Domestic	9.92	East	Dwaraka Nagar
C9556	Domestic	8.38	South	Gajuwaka
C9557	Domestic	2.71	East	Akkayyapalem
C9558	Domestic	7.5	East	Gajuwaka
C9559	Commercial	16.54	West	Madhurawada
C9560	Commercial	45.68	East	Madhurawada
C9561	Domestic	4.19	South	Gajuwaka
C9562	Commercial	21.73	East	NAD
C9563	Domestic	9.3	North	Dwaraka Nagar
C9564	Commercial	8.56	North	Madhurawada
C9565	Domestic	3.15	West	Akkayyapalem
C9566	Domestic	5.09	South	Seethammadhara
C9567	Commercial	37.43	West	Madhurawada
C9568	Commercial	35.2	North	Akkayyapalem
C9569	Domestic	7.19	South	Rushikonda
C9570	Domestic	8.98	East	Rushikonda
C9571	Domestic	2.53	South	Seethammadhara
C9572	Domestic	5.94	Central	Dwaraka Nagar
C9573	Domestic	7.67	South	Seethammadhara
C9574	Domestic	6.91	East	Madhurawada
C9575	Commercial	26.83	Central	Seethammadhara
C9576	Domestic	1.65	West	NAD
C9577	Domestic	2.01	South	Akkayyapalem
C9578	Domestic	2.51	West	Madhurawada
C9579	Domestic	4.42	South	Madhurawada
C9580	Domestic	2.5	North	Gajuwaka
C9581	Domestic	5.12	North	Rushikonda
C9582	Commercial	15.5	East	NAD
C9583	Commercial	40.72	North	NAD
C9584	Domestic	8.91	Central	Gajuwaka
C9585	Domestic	4.81	Central	Seethammadhara
C9586	Domestic	5.85	South	Akkayyapalem
C9587	Commercial	48.05	West	MVP Colony
C9588	Commercial	30.49	Central	Dwaraka Nagar
C9589	Domestic	9.96	South	Rushikonda
C9590	Domestic	2.71	West	NAD
C9591	Commercial	44.21	North	Rushikonda
C9592	Domestic	5.73	South	MVP Colony
C9593	Domestic	1.69	West	Akkayyapalem
C9594	Commercial	48.83	East	Dwaraka Nagar
C9595	Commercial	48.53	East	NAD
C9596	Domestic	4.76	Central	Madhurawada
C9597	Domestic	9.61	West	NAD
C9598	Domestic	2.7	East	Dwaraka Nagar
C9599	Domestic	7.28	Central	Seethammadhara
C9600	Domestic	3.13	South	MVP Colony
C9601	Domestic	3.6	South	Rushikonda
C9602	Commercial	40.73	West	Seethammadhara
C9603	Commercial	23.85	West	Madhurawada
C9604	Domestic	1.56	West	Dwaraka Nagar
C9605	Domestic	5.02	West	Akkayyapalem
C9606	Domestic	3.44	East	Seethammadhara
C9607	Domestic	7.31	East	Dwaraka Nagar
C9608	Domestic	3.15	Central	NAD
C9609	Domestic	8.66	East	Rushikonda
C9610	Commercial	19.22	South	Akkayyapalem
C9611	Domestic	4.84	Central	Gajuwaka
C9612	Commercial	20.52	East	Gajuwaka
C9613	Industrial	75.07	West	Seethammadhara
C9614	Domestic	2.36	East	Madhurawada
C9615	Domestic	5.56	North	Dwaraka Nagar
C9616	Industrial	53.41	Central	MVP Colony
C9617	Industrial	91.89	East	Madhurawada
C9618	Domestic	2.12	East	Akkayyapalem
C9619	Domestic	8.55	South	Seethammadhara
C9620	Domestic	2.93	West	Madhurawada
C9621	Industrial	36.2	West	Seethammadhara
C9622	Domestic	3.22	South	NAD
C9623	Domestic	2.37	South	Akkayyapalem
C9624	Commercial	29.88	North	Rushikonda
C9625	Domestic	9.9	Central	MVP Colony
C9626	Domestic	1.79	West	Dwaraka Nagar
C9627	Domestic	5.42	South	Akkayyapalem
C9628	Commercial	24.21	South	Dwaraka Nagar
C9629	Domestic	4.39	Central	Dwaraka Nagar
C9630	Domestic	4.32	South	Madhurawada
C9631	Domestic	9.11	North	NAD
C9632	Domestic	1.66	Central	Madhurawada
C9633	Domestic	8.09	North	Gajuwaka
C9634	Domestic	3.65	East	Gajuwaka
C9635	Domestic	4.76	West	Dwaraka Nagar
C9636	Commercial	25.65	South	NAD
C9637	Commercial	20.8	Central	Akkayyapalem
C9638	Domestic	2.3	North	Dwaraka Nagar
C9639	Domestic	2.47	West	Akkayyapalem
C9640	Domestic	4.03	West	Dwaraka Nagar
C9641	Commercial	42.52	South	Rushikonda
C9642	Domestic	2.64	West	Madhurawada
C9643	Domestic	7.81	South	Rushikonda
C9644	Domestic	3.96	East	Dwaraka Nagar
C9645	Domestic	9.01	South	Dwaraka Nagar
C9646	Domestic	5.14	North	NAD
C9647	Domestic	2.96	West	NAD
C9648	Domestic	9.88	West	Seethammadhara
C9649	Commercial	15.42	West	Akkayyapalem
C9650	Domestic	6.32	South	NAD
C9651	Domestic	6.34	Central	Dwaraka Nagar
C9652	Domestic	4.67	South	NAD
C9653	Domestic	9.59	North	NAD
C9654	Domestic	8.67	South	MVP Colony
C9655	Domestic	8.55	West	MVP Colony
C9656	Domestic	9.78	East	Gajuwaka
C9657	Domestic	5.39	North	Madhurawada
C9658	Domestic	2.33	East	Seethammadhara
C9659	Domestic	8.01	North	Seethammadhara
C9660	Commercial	23.99	North	Madhurawada
C9661	Domestic	3.12	West	NAD
C9662	Domestic	5.61	South	Gajuwaka
C9663	Domestic	9.37	West	Gajuwaka
C9664	Domestic	2.96	West	Akkayyapalem
C9665	Domestic	8.71	West	Seethammadhara
C9666	Domestic	5.05	East	MVP Colony
C9667	Commercial	13.75	North	Gajuwaka
C9668	Domestic	8.71	Central	Dwaraka Nagar
C9669	Domestic	9.74	South	Akkayyapalem
C9670	Commercial	20.23	West	Seethammadhara
C9671	Commercial	20.75	North	NAD
C9672	Domestic	4.82	South	Dwaraka Nagar
C9673	Domestic	8.42	Central	Madhurawada
C9674	Domestic	1.59	Central	Seethammadhara
C9675	Domestic	3.4	West	MVP Colony
C9676	Domestic	7.5	Central	Dwaraka Nagar
C9677	Domestic	4.95	Central	NAD
C9678	Commercial	21.87	South	Rushikonda
C9679	Domestic	8.91	South	Dwaraka Nagar
C9680	Domestic	9.3	West	Dwaraka Nagar
C9681	Domestic	9.56	North	Gajuwaka
C9682	Commercial	19.45	West	MVP Colony
C9683	Domestic	9.26	East	Madhurawada
C9684	Domestic	7.76	Central	Rushikonda
C9685	Domestic	2.81	North	NAD
C9686	Domestic	6.69	South	Akkayyapalem
C9687	Domestic	1.72	East	Akkayyapalem
C9688	Domestic	7.52	East	NAD
C9689	Domestic	7.74	Central	Madhurawada
C9690	Domestic	8.21	South	NAD
C9691	Domestic	2.97	North	Gajuwaka
C9692	Domestic	6.84	South	Rushikonda
C9693	Domestic	3.02	Central	Akkayyapalem
C9694	Domestic	9.55	East	Seethammadhara
C9695	Domestic	7.24	Central	Akkayyapalem
C9696	Domestic	2.31	West	Seethammadhara
C9697	Industrial	43.09	East	Dwaraka Nagar
C9698	Domestic	7.14	Central	Gajuwaka
C9699	Domestic	5.55	North	Akkayyapalem
C9700	Domestic	7.76	North	Gajuwaka
C9701	Commercial	19.79	North	Rushikonda
C9702	Commercial	35.63	West	Gajuwaka
C9703	Domestic	3	South	Madhurawada
C9704	Domestic	6.12	North	Akkayyapalem
C9705	Domestic	9.64	West	Seethammadhara
C9706	Domestic	6.84	North	MVP Colony
C9707	Commercial	10.1	West	Rushikonda
C9708	Domestic	9.9	North	Seethammadhara
C9709	Domestic	2.83	South	Rushikonda
C9710	Commercial	38.16	Central	Rushikonda
C9711	Commercial	30.37	North	Madhurawada
C9712	Domestic	4	Central	Madhurawada
C9713	Domestic	3.01	North	Rushikonda
C9714	Domestic	3.01	South	Gajuwaka
C9715	Commercial	44.05	Central	MVP Colony
C9716	Commercial	44.66	West	Madhurawada
C9717	Domestic	5.45	North	MVP Colony
C9718	Domestic	2.38	North	Akkayyapalem
C9719	Commercial	45.13	West	Gajuwaka
C9720	Domestic	5.64	South	Madhurawada
C9721	Domestic	5.23	East	MVP Colony
C9722	Commercial	25.11	North	NAD
C9723	Domestic	4.6	West	Seethammadhara
C9724	Domestic	5.97	East	Madhurawada
C9725	Commercial	33.39	North	Madhurawada
C9726	Commercial	27.59	Central	Madhurawada
C9727	Domestic	9.12	West	MVP Colony
C9728	Domestic	4.2	Central	Dwaraka Nagar
C9729	Domestic	6.42	South	Rushikonda
C9730	Domestic	4.05	East	Akkayyapalem
C9731	Domestic	7.9	West	Seethammadhara
C9732	Commercial	12.29	North	Madhurawada
C9733	Domestic	3.1	North	NAD
C9734	Domestic	8.31	East	NAD
C9735	Domestic	3.06	Central	Rushikonda
C9736	Industrial	73.8	Central	Gajuwaka
C9737	Domestic	9.75	West	Dwaraka Nagar
C9738	Domestic	5.94	West	Dwaraka Nagar
C9739	Domestic	3.09	Central	MVP Colony
C9740	Domestic	4.23	West	Gajuwaka
C9741	Domestic	8.5	Central	Seethammadhara
C9742	Domestic	4.49	East	MVP Colony
C9743	Domestic	7.65	West	Gajuwaka
C9744	Domestic	8.11	Central	Akkayyapalem
C9745	Domestic	5.76	West	Dwaraka Nagar
C9746	Domestic	8.16	North	Seethammadhara
C9747	Domestic	4.19	North	Akkayyapalem
C9748	Domestic	5.89	South	Seethammadhara
C9749	Domestic	7.34	Central	MVP Colony
C9750	Domestic	2.93	South	Gajuwaka
C9751	Domestic	3.83	Central	Dwaraka Nagar
C9752	Domestic	7.04	West	Dwaraka Nagar
C9753	Domestic	7.07	Central	Rushikonda
C9754	Domestic	5.69	North	Seethammadhara
C9755	Industrial	85.69	West	Seethammadhara
C9756	Commercial	28.25	North	Seethammadhara
C9757	Domestic	8.99	West	Madhurawada
C9758	Domestic	7.76	Central	Rushikonda
C9759	Domestic	4.17	Central	MVP Colony
C9760	Domestic	4.86	North	Madhurawada
C9761	Domestic	7.18	East	Rushikonda
C9762	Domestic	9.1	Central	Seethammadhara
C9763	Domestic	3.02	East	Seethammadhara
C9764	Commercial	29.62	West	Dwaraka Nagar
C9765	Domestic	2.51	East	MVP Colony
C9766	Commercial	19.74	North	MVP Colony
C9767	Commercial	36.81	South	Akkayyapalem
C9768	Domestic	2.16	South	NAD
C9769	Domestic	7.13	North	Rushikonda
C9770	Domestic	9.16	South	Gajuwaka
C9771	Domestic	9.74	North	NAD
C9772	Domestic	3.34	Central	NAD
C9773	Domestic	7.87	East	Seethammadhara
C9774	Domestic	9.37	South	Dwaraka Nagar
C9775	Commercial	11.84	Central	Akkayyapalem
C9776	Domestic	5.02	South	Gajuwaka
C9777	Industrial	94.36	West	Seethammadhara
C9778	Domestic	3.22	North	Seethammadhara
C9779	Commercial	47.22	North	NAD
C9780	Domestic	5.98	Central	NAD
C9781	Domestic	2.35	West	MVP Colony
C9782	Commercial	26.89	East	Dwaraka Nagar
C9783	Domestic	4.27	West	NAD
C9784	Domestic	3.9	West	Gajuwaka
C9785	Domestic	6.1	East	Madhurawada
C9786	Domestic	5.61	East	Seethammadhara
C9787	Domestic	5.6	West	Madhurawada
C9788	Commercial	11.7	South	Dwaraka Nagar
C9789	Domestic	8.32	South	Madhurawada
C9790	Domestic	5.59	West	MVP Colony
C9791	Commercial	42.48	South	MVP Colony
C9792	Domestic	8.51	East	Gajuwaka
C9793	Domestic	4.2	East	Akkayyapalem
C9794	Commercial	8.18	South	Dwaraka Nagar
C9795	Domestic	9.25	East	Dwaraka Nagar
C9796	Domestic	7.97	North	Seethammadhara
C9797	Domestic	2.41	East	Madhurawada
C9798	Domestic	7.46	West	NAD
C9799	Domestic	1.67	Central	NAD
C9800	Domestic	1.74	South	Akkayyapalem
C9801	Commercial	30.08	South	Seethammadhara
C9802	Domestic	2.32	East	NAD
C9803	Domestic	9.7	East	Akkayyapalem
C9804	Industrial	92.57	Central	Rushikonda
C9805	Domestic	7.02	Central	Seethammadhara
C9806	Commercial	10.68	West	Rushikonda
C9807	Domestic	4.26	North	Gajuwaka
C9808	Commercial	23.61	West	Dwaraka Nagar
C9809	Domestic	5.59	South	Madhurawada
C9810	Domestic	2.94	East	Gajuwaka
C9811	Domestic	6.41	West	MVP Colony
C9812	Domestic	5.2	East	MVP Colony
C9813	Commercial	47.79	East	MVP Colony
C9814	Domestic	9.46	West	Akkayyapalem
C9815	Domestic	6.31	West	Akkayyapalem
C9816	Commercial	35.06	Central	Seethammadhara
C9817	Domestic	2.67	North	Dwaraka Nagar
C9818	Domestic	3.4	Central	MVP Colony
C9819	Domestic	9.16	North	Akkayyapalem
C9820	Domestic	7.44	West	Seethammadhara
C9821	Domestic	3.11	North	Akkayyapalem
C9822	Industrial	69.91	South	NAD
C9823	Domestic	9.45	Central	Akkayyapalem
C9824	Domestic	4.43	Central	MVP Colony
C9825	Commercial	15.8	Central	Gajuwaka
C9826	Domestic	9.51	East	MVP Colony
C9827	Domestic	5.42	East	Seethammadhara
C9828	Domestic	5.05	West	Seethammadhara
C9829	Domestic	3.77	West	Seethammadhara
C9830	Domestic	9.08	East	NAD
C9831	Domestic	8.69	Central	MVP Colony
C9832	Domestic	4.93	East	Madhurawada
C9833	Commercial	9.29	North	NAD
C9834	Domestic	5.3	Central	Dwaraka Nagar
C9835	Commercial	15.6	East	MVP Colony
C9836	Domestic	2.71	West	Akkayyapalem
C9837	Domestic	4.84	East	Gajuwaka
C9838	Domestic	2.34	South	MVP Colony
C9839	Commercial	48.21	East	Gajuwaka
C9840	Domestic	1.9	Central	Seethammadhara
C9841	Domestic	4.91	East	Seethammadhara
C9842	Commercial	14.83	West	Madhurawada
C9843	Domestic	7.35	North	Dwaraka Nagar
C9844	Commercial	11.31	South	Akkayyapalem
C9845	Domestic	6.15	Central	NAD
C9846	Commercial	40.47	West	Rushikonda
C9847	Commercial	47.9	South	Rushikonda
C9848	Domestic	7.44	East	NAD
C9849	Domestic	2.35	South	Dwaraka Nagar
C9850	Domestic	2.25	North	Madhurawada
C9851	Commercial	38.73	South	Madhurawada
C9852	Domestic	3.33	South	Seethammadhara
C9853	Domestic	5.3	East	MVP Colony
C9854	Domestic	9.8	East	Madhurawada
C9855	Domestic	8.47	Central	MVP Colony
C9856	Domestic	8.7	East	Gajuwaka
C9857	Domestic	8.82	South	Dwaraka Nagar
C9858	Domestic	6.77	North	Gajuwaka
C9859	Domestic	7.82	East	Rushikonda
C9860	Domestic	4.55	Central	Gajuwaka
C9861	Domestic	9.99	Central	Gajuwaka
C9862	Commercial	19.74	South	Gajuwaka
C9863	Commercial	32.78	East	NAD
C9864	Domestic	3.9	East	Madhurawada
C9865	Domestic	2.45	Central	Dwaraka Nagar
C9866	Domestic	6.32	East	Rushikonda
C9867	Domestic	4.5	South	Rushikonda
C9868	Domestic	6.46	North	Dwaraka Nagar
C9869	Domestic	6.25	South	Rushikonda
C9870	Domestic	6.11	East	Rushikonda
C9871	Commercial	13.18	South	Akkayyapalem
C9872	Domestic	5.24	West	Gajuwaka
C9873	Domestic	8.4	West	Rushikonda
C9874	Domestic	4.18	East	Dwaraka Nagar
C9875	Commercial	26.64	East	Seethammadhara
C9876	Domestic	5.7	North	MVP Colony
C9877	Domestic	8.83	South	Dwaraka Nagar
C9878	Domestic	7.07	North	Seethammadhara
C9879	Domestic	2.35	East	Gajuwaka
C9880	Domestic	8.85	East	Dwaraka Nagar
C9881	Domestic	8.57	Central	Madhurawada
C9882	Domestic	7.91	North	Gajuwaka
C9883	Domestic	5.46	East	NAD
C9884	Domestic	7.94	West	Rushikonda
C9885	Commercial	28.11	Central	Seethammadhara
C9886	Domestic	7.76	South	Madhurawada
C9887	Commercial	44.96	Central	Dwaraka Nagar
C9888	Domestic	9.07	South	NAD
C9889	Domestic	5.36	West	Akkayyapalem
C9890	Domestic	8.8	South	Rushikonda
C9891	Domestic	2.36	North	Madhurawada
C9892	Commercial	12.28	South	Akkayyapalem
C9893	Industrial	68.38	South	MVP Colony
C9894	Domestic	7.04	Central	Madhurawada
C9895	Domestic	2.8	West	NAD
C9896	Domestic	5.51	South	Akkayyapalem
C9897	Domestic	2.3	North	MVP Colony
C9898	Domestic	6.62	Central	Rushikonda
C9899	Domestic	8.77	West	Akkayyapalem
C9900	Commercial	38.98	West	Dwaraka Nagar
C9901	Domestic	4.72	East	Gajuwaka
C9902	Commercial	49.74	North	Rushikonda
C9903	Commercial	35.84	Central	Akkayyapalem
C9904	Commercial	42.24	Central	Dwaraka Nagar
C9905	Domestic	7.19	North	Gajuwaka
C9906	Domestic	9.91	West	Gajuwaka
C9907	Domestic	8.48	South	NAD
C9908	Domestic	5.92	North	Seethammadhara
C9909	Domestic	4.62	Central	MVP Colony
C9910	Industrial	77.75	North	Seethammadhara
C9911	Commercial	32.79	West	Rushikonda
C9912	Commercial	34.43	East	MVP Colony
C9913	Commercial	22.41	East	Madhurawada
C9914	Domestic	5.14	South	Dwaraka Nagar
C9915	Domestic	6.24	South	NAD
C9916	Domestic	8.63	West	Akkayyapalem
C9917	Domestic	7.98	South	Dwaraka Nagar
C9918	Commercial	12.98	East	Akkayyapalem
C9919	Domestic	3.59	West	Seethammadhara
C9920	Domestic	1.73	West	Rushikonda
C9921	Domestic	1.57	West	Akkayyapalem
C9922	Domestic	3.41	North	Seethammadhara
C9923	Domestic	8.29	South	Seethammadhara
C9924	Commercial	46	Central	Akkayyapalem
C9925	Domestic	4.83	East	Madhurawada
C9926	Domestic	6.29	South	Seethammadhara
C9927	Domestic	7.5	East	Madhurawada
C9928	Domestic	9.6	South	NAD
C9929	Domestic	9.26	Central	Madhurawada
C9930	Industrial	34	East	NAD
C9931	Domestic	3.61	Central	Madhurawada
C9932	Domestic	1.92	East	MVP Colony
C9933	Domestic	6.74	North	NAD
C9934	Domestic	7.54	North	MVP Colony
C9935	Domestic	4.12	East	Seethammadhara
C9936	Domestic	8.76	East	MVP Colony
C9937	Domestic	5.35	Central	Rushikonda
C9938	Commercial	49.93	West	NAD
C9939	Domestic	1.5	East	Dwaraka Nagar
C9940	Domestic	2.43	South	Seethammadhara
C9941	Domestic	4.07	South	Seethammadhara
C9942	Domestic	1.72	South	Gajuwaka
C9943	Commercial	40.86	North	Rushikonda
C9944	Commercial	10.22	Central	Madhurawada
C9945	Domestic	7.87	North	Akkayyapalem
C9946	Commercial	10.21	South	Madhurawada
C9947	Commercial	18.61	East	Akkayyapalem
C9948	Commercial	43.33	South	Dwaraka Nagar
C9949	Domestic	9.58	East	Gajuwaka
C9950	Domestic	5.02	Central	Dwaraka Nagar
C9951	Domestic	9.74	West	Gajuwaka
C9952	Commercial	34.33	East	NAD
C9953	Domestic	5.03	North	NAD
C9954	Domestic	8.32	South	Akkayyapalem
C9955	Domestic	4.01	South	MVP Colony
C9956	Domestic	3.76	South	MVP Colony
C9957	Domestic	7.08	East	Akkayyapalem
C9958	Commercial	24.4	Central	Rushikonda
C9959	Domestic	2.66	East	NAD
C9960	Commercial	10.81	North	Rushikonda
C9961	Domestic	8.2	South	Akkayyapalem
C9962	Domestic	7.25	East	MVP Colony
C9963	Domestic	5	South	Akkayyapalem
C9964	Domestic	9.12	North	NAD
C9965	Domestic	4.99	West	Dwaraka Nagar
C9966	Domestic	7.54	West	Madhurawada
C9967	Domestic	9.23	West	NAD
C9968	Commercial	43.31	South	Akkayyapalem
C9969	Domestic	5.84	East	NAD
C9970	Domestic	7.29	South	NAD
C9971	Domestic	5.02	Central	MVP Colony
C9972	Domestic	7	East	Akkayyapalem
C9973	Domestic	3.69	North	MVP Colony
C9974	Domestic	5.2	West	Akkayyapalem
C9975	Domestic	3.28	East	MVP Colony
C9976	Domestic	1.82	East	MVP Colony
C9977	Domestic	6.5	West	Dwaraka Nagar
C9978	Commercial	44.31	North	NAD
C9979	Domestic	1.72	South	Rushikonda
C9980	Domestic	3.17	South	Dwaraka Nagar
C9981	Commercial	27.33	East	Rushikonda
C9982	Domestic	7.16	West	MVP Colony
C9983	Domestic	2.96	Central	Dwaraka Nagar
C9984	Domestic	1.98	North	Seethammadhara
C9985	Domestic	5.91	South	Seethammadhara
C9986	Domestic	8.46	North	NAD
C9987	Domestic	1.8	North	NAD
C9988	Commercial	22.67	North	MVP Colony
C9989	Commercial	35.87	West	NAD
C9990	Domestic	2.61	West	Dwaraka Nagar
C9991	Domestic	3.51	West	Gajuwaka
C9992	Domestic	6.05	East	NAD
C9993	Domestic	9.6	West	Dwaraka Nagar
C9994	Domestic	3.94	East	Seethammadhara
C9995	Domestic	5.64	South	Seethammadhara
C9996	Domestic	4.9	South	Dwaraka Nagar
C9997	Domestic	9.13	South	Rushikonda
C9998	Industrial	35.03	South	Seethammadhara
C9999	Domestic	6.31	South	Dwaraka Nagar
C10000	Commercial	43.54	West	Rushikonda
C10001	Commercial	49.5	Central	NAD
C10002	Domestic	7.44	West	Gajuwaka
C10003	Commercial	23.96	Central	MVP Colony
C10004	Domestic	5	West	MVP Colony
C10005	Domestic	4.49	South	NAD
C10006	Domestic	6.63	North	NAD
C10007	Domestic	7.78	Central	Seethammadhara
C10008	Domestic	8.47	North	Madhurawada
C10009	Domestic	5.04	South	Akkayyapalem
C10010	Domestic	7.59	Central	Rushikonda
C10011	Domestic	9.29	North	Gajuwaka
C10012	Domestic	9.33	West	Dwaraka Nagar
C10013	Domestic	7.48	South	Akkayyapalem
C10014	Domestic	6.91	West	Dwaraka Nagar
C10015	Domestic	6.02	West	Akkayyapalem
C10016	Domestic	3.06	South	MVP Colony
C10017	Domestic	2.55	Central	Akkayyapalem
C10018	Commercial	28.4	East	NAD
C10019	Domestic	2.86	East	Gajuwaka
C10020	Domestic	6.4	South	MVP Colony
C10021	Domestic	6.99	East	Seethammadhara
C10022	Commercial	30.08	North	Akkayyapalem
C10023	Domestic	1.81	Central	Gajuwaka
C10024	Domestic	1.99	West	NAD
C10025	Domestic	2.46	West	Seethammadhara
C10026	Domestic	2.81	South	Dwaraka Nagar
C10027	Domestic	9.91	West	Seethammadhara
C10028	Domestic	4.43	North	Rushikonda
C10029	Industrial	50.44	North	Rushikonda
C10030	Domestic	1.94	South	Madhurawada
C10031	Domestic	6.9	West	Gajuwaka
C10032	Commercial	35.39	East	Rushikonda
C10033	Domestic	2.99	East	Dwaraka Nagar
C10034	Commercial	46.61	Central	Gajuwaka
C10035	Domestic	8.3	South	Gajuwaka
C10036	Commercial	17.67	Central	Gajuwaka
C10037	Domestic	5.63	East	NAD
C10038	Commercial	27.25	East	Rushikonda
C10039	Commercial	22.64	East	MVP Colony
C10040	Domestic	8.45	Central	Gajuwaka
C10041	Domestic	2.43	South	NAD
C10042	Domestic	5.03	North	Madhurawada
C10043	Industrial	59.96	North	Rushikonda
C10044	Domestic	5.48	East	MVP Colony
C10045	Domestic	8.82	South	NAD
C10046	Domestic	3.35	South	Seethammadhara
C10047	Domestic	2.37	West	Madhurawada
C10048	Domestic	6.75	West	Seethammadhara
C10049	Industrial	42.17	Central	MVP Colony
C10050	Domestic	2.14	West	NAD
C10051	Commercial	25.92	Central	Madhurawada
C10052	Domestic	3.37	North	NAD
C10053	Domestic	4.57	East	Madhurawada
C10054	Domestic	3.71	South	Gajuwaka
C10055	Domestic	2.29	North	Gajuwaka
C10056	Industrial	69.22	North	Rushikonda
C10057	Commercial	9.13	Central	MVP Colony
C10058	Domestic	9.71	East	Madhurawada
C10059	Domestic	4.4	Central	Gajuwaka
C10060	Domestic	7.41	North	MVP Colony
C10061	Commercial	42.04	South	Dwaraka Nagar
C10062	Commercial	19.72	West	Gajuwaka
C10063	Commercial	39.45	Central	Gajuwaka
C10064	Domestic	8.58	North	Akkayyapalem
C10065	Domestic	3.55	West	NAD
C10066	Domestic	9.94	West	Dwaraka Nagar
C10067	Domestic	1.68	North	Madhurawada
C10068	Domestic	3.34	East	MVP Colony
C10069	Domestic	8.13	North	Dwaraka Nagar
C10070	Domestic	3.15	South	Madhurawada
C10071	Commercial	37.33	West	Gajuwaka
C10072	Commercial	43.93	South	Seethammadhara
C10073	Domestic	9.65	Central	Akkayyapalem
C10074	Domestic	5.53	West	Rushikonda
C10075	Domestic	9.75	East	Seethammadhara
C10076	Commercial	25.29	North	Rushikonda
C10077	Commercial	17.16	Central	MVP Colony
C10078	Commercial	29.58	South	MVP Colony
C10079	Commercial	35.29	Central	Dwaraka Nagar
C10080	Domestic	5.39	East	Rushikonda
C10081	Domestic	6.32	North	NAD
C10082	Domestic	5.04	Central	Madhurawada
C10083	Domestic	5.96	South	Rushikonda
C10084	Commercial	48.01	Central	Akkayyapalem
C10085	Domestic	5.75	North	Rushikonda
C10086	Domestic	3.65	Central	Rushikonda
C10087	Domestic	7.95	South	Akkayyapalem
C10088	Industrial	53.63	North	Seethammadhara
C10089	Domestic	8.44	East	Dwaraka Nagar
C10090	Domestic	1.98	East	Rushikonda
C10091	Domestic	4.32	West	NAD
C10092	Domestic	2.3	Central	NAD
C10093	Domestic	2.23	South	NAD
C10094	Commercial	35.65	Central	MVP Colony
C10095	Domestic	4.78	North	Madhurawada
C10096	Commercial	44.6	West	Madhurawada
C10097	Domestic	5.89	South	Seethammadhara
C10098	Domestic	4.01	Central	Rushikonda
C10099	Commercial	38.28	South	Dwaraka Nagar
C10100	Domestic	6.8	North	Gajuwaka
C10101	Domestic	8.3	West	Dwaraka Nagar
C10102	Commercial	35.03	South	Rushikonda
C10103	Domestic	2.92	North	Madhurawada
C10104	Commercial	36.15	East	Rushikonda
C10105	Domestic	4.83	South	Seethammadhara
C10106	Domestic	5.44	West	MVP Colony
C10107	Domestic	9.33	South	Rushikonda
C10108	Commercial	23.12	South	Dwaraka Nagar
C10109	Domestic	6.7	North	Seethammadhara
C10110	Commercial	23.27	Central	Gajuwaka
C10111	Commercial	11.98	Central	Akkayyapalem
C10112	Domestic	5.35	South	Dwaraka Nagar
C10113	Domestic	6.58	West	Rushikonda
C10114	Domestic	4.96	West	Seethammadhara
C10115	Domestic	4.82	North	NAD
C10116	Domestic	8.47	South	Gajuwaka
C10117	Domestic	1.75	South	NAD
C10118	Industrial	50.69	Central	MVP Colony
C10119	Commercial	42.09	North	Madhurawada
C10120	Commercial	46.66	East	Dwaraka Nagar
C10121	Commercial	25.32	West	Seethammadhara
C10122	Domestic	9.05	West	Dwaraka Nagar
C10123	Domestic	3.19	South	NAD
C10124	Commercial	17.3	North	NAD
C10125	Domestic	8.69	East	Madhurawada
C10126	Industrial	93.23	West	Seethammadhara
C10127	Domestic	3.39	North	Dwaraka Nagar
C10128	Domestic	2	East	Seethammadhara
C10129	Commercial	11.79	South	Madhurawada
C10130	Industrial	48.3	Central	NAD
C10131	Domestic	7.97	West	Rushikonda
C10132	Commercial	29.42	West	Akkayyapalem
C10133	Domestic	5.37	East	Seethammadhara
C10134	Domestic	6.47	Central	NAD
C10135	Commercial	45.39	North	Gajuwaka
C10136	Domestic	2.27	South	NAD
C10137	Domestic	7.41	North	NAD
C10138	Domestic	9.38	East	Seethammadhara
C10139	Domestic	3.31	West	Akkayyapalem
C10140	Domestic	8.62	West	Madhurawada
C10141	Domestic	7.43	North	Gajuwaka
C10142	Domestic	1.62	South	Gajuwaka
C10143	Industrial	46.21	East	Dwaraka Nagar
C10144	Domestic	6.65	South	Akkayyapalem
C10145	Commercial	29.1	East	Rushikonda
C10146	Domestic	5.99	South	MVP Colony
C10147	Domestic	3.47	North	Dwaraka Nagar
C10148	Domestic	7.24	Central	Dwaraka Nagar
C10149	Domestic	3.76	East	Rushikonda
C10150	Domestic	4.81	North	Dwaraka Nagar
C10151	Domestic	4.64	West	Gajuwaka
C10152	Domestic	7.21	West	Madhurawada
C10153	Domestic	2.27	South	Seethammadhara
C10154	Domestic	3.25	West	Rushikonda
C10155	Domestic	3.2	Central	NAD
C10156	Domestic	2.42	East	Gajuwaka
C10157	Commercial	16.72	South	NAD
C10158	Domestic	6.66	East	Rushikonda
C10159	Domestic	7.72	East	NAD
C10160	Domestic	7.11	North	MVP Colony
C10161	Commercial	27.96	West	Seethammadhara
C10162	Domestic	1.95	East	Dwaraka Nagar
C10163	Commercial	48.28	Central	MVP Colony
C10164	Domestic	2.93	Central	Dwaraka Nagar
C10165	Industrial	76.79	West	Gajuwaka
C10166	Commercial	46.34	West	NAD
C10167	Commercial	37.31	South	MVP Colony
C10168	Domestic	3.35	South	Rushikonda
C10169	Domestic	4.18	South	Rushikonda
C10170	Domestic	1.76	West	Akkayyapalem
C10171	Domestic	6.71	East	Gajuwaka
C10172	Commercial	33.75	North	Gajuwaka
C10173	Domestic	7.67	South	Rushikonda
C10174	Domestic	1.59	North	Akkayyapalem
C10175	Domestic	8.45	Central	Dwaraka Nagar
C10176	Domestic	7.78	West	NAD
C10177	Domestic	2.7	Central	Dwaraka Nagar
C10178	Commercial	22.6	South	Dwaraka Nagar
C10179	Domestic	6.93	East	Gajuwaka
C10180	Domestic	5.71	South	Rushikonda
C10181	Domestic	2.48	North	Dwaraka Nagar
C10182	Domestic	2.24	South	Madhurawada
C10183	Domestic	8.14	East	Akkayyapalem
C10184	Domestic	2.83	East	Seethammadhara
C10185	Commercial	15.23	West	Akkayyapalem
C10186	Commercial	42.9	West	NAD
C10187	Commercial	33.71	East	Akkayyapalem
C10188	Domestic	6.64	East	Rushikonda
C10189	Industrial	63.55	North	Dwaraka Nagar
C10190	Commercial	31.9	South	Dwaraka Nagar
C10191	Commercial	33.27	West	MVP Colony
C10192	Domestic	9.73	North	NAD
C10193	Commercial	17.36	South	NAD
C10194	Commercial	17.01	West	Akkayyapalem
C10195	Commercial	10.4	North	Dwaraka Nagar
C10196	Domestic	7.09	Central	Madhurawada
C10197	Commercial	31.06	Central	Rushikonda
C10198	Industrial	37.79	West	Rushikonda
C10199	Domestic	4.6	North	MVP Colony
C10200	Domestic	3.02	South	Madhurawada
C10201	Commercial	21.92	South	Rushikonda
C10202	Domestic	9.59	North	Dwaraka Nagar
C10203	Domestic	7.31	Central	NAD
C10204	Domestic	1.56	North	NAD
C10205	Commercial	18.61	Central	Seethammadhara
C10206	Domestic	1.59	Central	Rushikonda
C10207	Domestic	7.58	South	Madhurawada
C10208	Domestic	5.49	West	Seethammadhara
C10209	Commercial	49.75	East	Seethammadhara
C10210	Domestic	7.74	North	Gajuwaka
C10211	Commercial	29.75	Central	Rushikonda
C10212	Commercial	41.8	North	Rushikonda
C10213	Domestic	7.49	West	Dwaraka Nagar
C10214	Domestic	3.57	West	NAD
C10215	Domestic	6.01	East	Akkayyapalem
C10216	Domestic	6.23	East	Gajuwaka
C10217	Domestic	5.34	Central	NAD
C10218	Commercial	15.53	East	Akkayyapalem
C10219	Commercial	17.38	Central	NAD
C10220	Domestic	3.89	South	Gajuwaka
C10221	Domestic	1.59	Central	Madhurawada
C10222	Domestic	9.29	East	Dwaraka Nagar
C10223	Domestic	7.33	North	Seethammadhara
C10224	Domestic	7.36	East	Gajuwaka
C10225	Commercial	32.04	West	Gajuwaka
C10226	Commercial	36.95	East	Seethammadhara
C10227	Domestic	9.85	South	Rushikonda
C10228	Commercial	24.18	Central	NAD
C10229	Domestic	7.56	West	Rushikonda
C10230	Commercial	23.1	Central	Akkayyapalem
C10231	Domestic	8.76	Central	Seethammadhara
C10232	Domestic	8.79	East	Gajuwaka
C10233	Commercial	45.9	North	Rushikonda
C10234	Domestic	1.55	West	Dwaraka Nagar
C10235	Commercial	20.52	South	Seethammadhara
C10236	Domestic	2.64	South	Seethammadhara
C10237	Domestic	5.36	North	Madhurawada
C10238	Domestic	5.71	North	Akkayyapalem
C10239	Domestic	3.68	East	Rushikonda
C10240	Domestic	7.65	South	Madhurawada
C10241	Domestic	3.79	West	Rushikonda
C10242	Domestic	8.76	North	Madhurawada
C10243	Domestic	3.01	North	Dwaraka Nagar
C10244	Commercial	23.42	North	NAD
C10245	Domestic	6.79	West	Akkayyapalem
C10246	Commercial	33.42	South	Akkayyapalem
C10247	Domestic	2.16	West	Rushikonda
C10248	Domestic	8.69	West	Seethammadhara
C10249	Domestic	6.58	East	Dwaraka Nagar
C10250	Domestic	8.89	North	Rushikonda
C10251	Domestic	8.87	South	Akkayyapalem
C10252	Domestic	6.14	East	Gajuwaka
C10253	Domestic	9.24	East	MVP Colony
C10254	Domestic	8.71	Central	Seethammadhara
C10255	Commercial	48.24	North	MVP Colony
C10256	Domestic	8.73	South	MVP Colony
C10257	Domestic	8.48	South	Madhurawada
C10258	Domestic	5.49	South	Rushikonda
C10259	Commercial	16.91	North	Akkayyapalem
C10260	Domestic	9.24	South	Rushikonda
C10261	Domestic	7.64	West	Seethammadhara
C10262	Domestic	3.89	West	Dwaraka Nagar
C10263	Domestic	4.4	North	Akkayyapalem
C10264	Domestic	7.33	South	Dwaraka Nagar
C10265	Commercial	28.07	Central	Rushikonda
C10266	Domestic	2.19	Central	Akkayyapalem
C10267	Domestic	2.7	Central	Seethammadhara
C10268	Domestic	7.84	West	Rushikonda
C10269	Domestic	4.29	Central	Seethammadhara
C10270	Domestic	5.82	South	Madhurawada
C10271	Domestic	8.02	South	Seethammadhara
C10272	Domestic	7.88	Central	Gajuwaka
C10273	Domestic	2.92	East	MVP Colony
C10274	Domestic	2.34	Central	MVP Colony
C10275	Commercial	32.83	East	Akkayyapalem
C10276	Domestic	7.8	North	Madhurawada
C10277	Domestic	2.77	North	MVP Colony
C10278	Domestic	4.66	South	Akkayyapalem
C10279	Domestic	8.9	West	Seethammadhara
C10280	Domestic	9.53	South	NAD
C10281	Domestic	5.36	South	Akkayyapalem
C10282	Commercial	11.34	West	Dwaraka Nagar
C10283	Commercial	18.82	South	MVP Colony
C10284	Domestic	3.48	West	MVP Colony
C10285	Commercial	18.04	South	NAD
C10286	Commercial	28.74	North	Seethammadhara
C10287	Domestic	6.46	East	Gajuwaka
C10288	Commercial	13.15	South	Rushikonda
C10289	Domestic	9.06	East	Akkayyapalem
C10290	Domestic	6.77	Central	Gajuwaka
C10291	Domestic	6.58	South	Akkayyapalem
C10292	Domestic	9.89	North	NAD
C10293	Domestic	6.84	West	Gajuwaka
C10294	Domestic	9.4	North	Madhurawada
C10295	Commercial	20.02	East	NAD
C10296	Commercial	18.09	West	Seethammadhara
C10297	Commercial	29.69	North	Rushikonda
C10298	Commercial	29.36	North	Akkayyapalem
C10299	Commercial	17.51	North	Dwaraka Nagar
C10300	Domestic	7.45	West	Seethammadhara
C10301	Domestic	1.75	North	Seethammadhara
C10302	Domestic	7.37	North	Dwaraka Nagar
C10303	Commercial	27.2	East	Dwaraka Nagar
C10304	Domestic	7.36	North	Akkayyapalem
C10305	Commercial	28.04	North	Seethammadhara
C10306	Domestic	9.81	Central	MVP Colony
C10307	Domestic	4.34	West	NAD
C10308	Commercial	49.27	Central	NAD
C10309	Domestic	2.05	East	Rushikonda
C10310	Domestic	7.31	Central	Gajuwaka
C10311	Domestic	5.36	South	NAD
C10312	Domestic	8.49	West	Rushikonda
C10313	Commercial	41.16	North	Rushikonda
C10314	Domestic	8.3	Central	Seethammadhara
C10315	Domestic	2.31	Central	NAD
C10316	Domestic	8.49	North	Seethammadhara
C10317	Commercial	16.99	North	Gajuwaka
C10318	Domestic	1.72	East	NAD
C10319	Domestic	3.35	Central	NAD
C10320	Commercial	28.13	Central	Rushikonda
C10321	Domestic	7.81	South	Madhurawada
C10322	Commercial	17.18	South	Akkayyapalem
C10323	Domestic	2.46	Central	Gajuwaka
C10324	Domestic	6.99	South	Madhurawada
C10325	Domestic	9.86	Central	MVP Colony
C10326	Commercial	33.24	West	Gajuwaka
C10327	Commercial	37.02	East	Seethammadhara
C10328	Domestic	6.27	South	Akkayyapalem
C10329	Domestic	8.15	Central	NAD
C10330	Commercial	48.98	South	Seethammadhara
C10331	Domestic	6.13	East	NAD
C10332	Commercial	25.51	West	Madhurawada
C10333	Domestic	8.81	North	Madhurawada
C10334	Commercial	48.73	North	MVP Colony
C10335	Domestic	2.6	South	MVP Colony
C10336	Domestic	6.41	Central	Akkayyapalem
C10337	Domestic	8.24	East	NAD
C10338	Industrial	67.33	West	Seethammadhara
C10339	Domestic	4.98	West	Dwaraka Nagar
C10340	Domestic	7.07	West	Seethammadhara
C10341	Domestic	3.8	North	Rushikonda
C10342	Domestic	4.47	East	MVP Colony
C10343	Commercial	49.68	North	NAD
C10344	Commercial	34.73	South	Seethammadhara
C10345	Domestic	8.92	West	Seethammadhara
C10346	Industrial	86.54	East	MVP Colony
C10347	Commercial	35.4	West	Rushikonda
C10348	Commercial	43.31	North	Seethammadhara
C10349	Domestic	3.94	North	Seethammadhara
C10350	Commercial	34.76	North	Gajuwaka
C10351	Domestic	6.52	West	Rushikonda
C10352	Domestic	6.79	East	Madhurawada
C10353	Commercial	15.08	East	NAD
C10354	Domestic	3.86	South	Seethammadhara
C10355	Domestic	3.94	West	MVP Colony
C10356	Commercial	33.28	South	Madhurawada
C10357	Commercial	48.85	South	Rushikonda
C10358	Domestic	9.61	South	Seethammadhara
C10359	Commercial	17.54	South	Seethammadhara
C10360	Domestic	4.09	North	Dwaraka Nagar
C10361	Domestic	1.81	South	MVP Colony
C10362	Commercial	24.75	East	NAD
C10363	Domestic	8.59	South	Gajuwaka
C10364	Domestic	9.28	North	Madhurawada
C10365	Domestic	3.51	Central	Rushikonda
C10366	Domestic	3.76	Central	Madhurawada
C10367	Domestic	3.38	Central	Gajuwaka
C10368	Commercial	22.7	West	NAD
C10369	Commercial	41.8	East	Akkayyapalem
C10370	Domestic	7	North	Rushikonda
C10371	Commercial	41.01	Central	Dwaraka Nagar
C10372	Domestic	6.46	North	Akkayyapalem
C10373	Domestic	3.69	North	Rushikonda
C10374	Commercial	17.58	West	Seethammadhara
C10375	Domestic	1.58	Central	Gajuwaka
C10376	Domestic	8.14	South	Dwaraka Nagar
C10377	Domestic	8.7	North	NAD
C10378	Domestic	8.03	Central	MVP Colony
C10379	Commercial	11.12	North	MVP Colony
C10380	Domestic	7.98	West	Rushikonda
C10381	Domestic	1.89	West	Rushikonda
C10382	Domestic	2.4	South	Akkayyapalem
C10383	Domestic	5.24	West	NAD
C10384	Domestic	5.55	Central	Dwaraka Nagar
C10385	Domestic	8.44	West	Rushikonda
C10386	Commercial	36.54	South	Rushikonda
C10387	Commercial	14.44	East	Akkayyapalem
C10388	Domestic	3.42	North	Gajuwaka
C10389	Domestic	3.93	North	Akkayyapalem
C10390	Domestic	2.55	Central	NAD
C10391	Commercial	20.08	South	Seethammadhara
C10392	Industrial	81	South	NAD
C10393	Domestic	3.55	South	MVP Colony
C10394	Commercial	43.09	North	Gajuwaka
C10395	Domestic	5.49	West	MVP Colony
C10396	Domestic	4.24	North	Dwaraka Nagar
C10397	Domestic	5.01	North	Dwaraka Nagar
C10398	Domestic	7.53	North	Madhurawada
C10399	Domestic	5.89	West	NAD
C10400	Domestic	1.56	East	Gajuwaka
C10401	Domestic	9.34	Central	Gajuwaka
C10402	Domestic	2.06	East	MVP Colony
C10403	Domestic	9.48	East	Akkayyapalem
C10404	Domestic	1.74	North	Akkayyapalem
C10405	Domestic	8.05	East	MVP Colony
C10406	Domestic	6.04	North	Seethammadhara
C10407	Domestic	5.8	North	Akkayyapalem
C10408	Domestic	2.12	Central	Gajuwaka
C10409	Domestic	3.53	South	Rushikonda
C10410	Domestic	8.11	North	Rushikonda
C10411	Domestic	9.08	East	Rushikonda
C10412	Domestic	6	Central	MVP Colony
C10413	Commercial	22.84	East	Rushikonda
C10414	Domestic	2.01	South	Akkayyapalem
C10415	Domestic	7.3	West	Madhurawada
C10416	Domestic	3.87	South	NAD
C10417	Domestic	1.97	Central	Madhurawada
C10418	Domestic	7.16	South	Akkayyapalem
C10419	Domestic	5.63	South	Dwaraka Nagar
C10420	Domestic	1.6	Central	Gajuwaka
C10421	Commercial	12.66	Central	Madhurawada
C10422	Domestic	7.44	East	Madhurawada
C10423	Domestic	2.04	North	MVP Colony
C10424	Domestic	8.86	West	MVP Colony
C10425	Commercial	21.08	West	MVP Colony
C10426	Commercial	11.72	West	Akkayyapalem
C10427	Domestic	7.96	South	Seethammadhara
C10428	Commercial	30.03	Central	Seethammadhara
C10429	Domestic	4.11	Central	Rushikonda
C10430	Commercial	25.06	Central	Dwaraka Nagar
C10431	Commercial	8.9	North	Madhurawada
C10432	Domestic	7.13	Central	NAD
C10433	Commercial	23.36	Central	Rushikonda
C10434	Domestic	7.57	South	Rushikonda
C10435	Domestic	6.84	East	MVP Colony
C10436	Domestic	7.04	West	Dwaraka Nagar
C10437	Commercial	41.3	South	Akkayyapalem
C10438	Domestic	6.86	South	Rushikonda
C10439	Domestic	5.06	South	Dwaraka Nagar
C10440	Commercial	24.38	West	MVP Colony
C10441	Domestic	2.52	South	Gajuwaka
C10442	Domestic	8.13	East	Rushikonda
C10443	Domestic	7.97	Central	Madhurawada
C10444	Domestic	3.59	East	MVP Colony
C10445	Domestic	8.83	Central	NAD
C10446	Domestic	6.51	Central	Madhurawada
C10447	Industrial	63.51	South	Dwaraka Nagar
C10448	Commercial	8.73	South	Seethammadhara
C10449	Domestic	4.75	West	NAD
C10450	Domestic	6.95	North	Madhurawada
C10451	Domestic	2.26	East	Rushikonda
C10452	Domestic	5.41	West	Rushikonda
C10453	Domestic	9.94	West	NAD
C10454	Domestic	7.59	East	Dwaraka Nagar
C10455	Commercial	30.97	East	Rushikonda
C10456	Domestic	6.03	Central	Rushikonda
C10457	Domestic	1.87	North	MVP Colony
C10458	Commercial	48.21	South	Seethammadhara
C10459	Domestic	9.39	North	NAD
C10460	Domestic	7.3	North	MVP Colony
C10461	Domestic	2.34	South	Seethammadhara
C10462	Domestic	3.27	North	Dwaraka Nagar
C10463	Commercial	15.72	West	Seethammadhara
C10464	Domestic	5.92	West	Dwaraka Nagar
C10465	Commercial	16.73	South	Rushikonda
C10466	Industrial	78.71	South	NAD
C10467	Commercial	30.9	East	NAD
C10468	Commercial	8.74	East	Dwaraka Nagar
C10469	Domestic	7.82	North	NAD
C10470	Domestic	3.11	North	Rushikonda
C10471	Domestic	8.51	South	NAD
C10472	Domestic	4.52	North	NAD
C10473	Commercial	22.22	Central	Akkayyapalem
C10474	Domestic	1.6	West	NAD
C10475	Commercial	49.48	North	Madhurawada
C10476	Commercial	33.7	North	Dwaraka Nagar
C10477	Industrial	59.59	East	Dwaraka Nagar
C10478	Commercial	12.06	Central	Gajuwaka
C10479	Domestic	7.44	North	MVP Colony
C10480	Domestic	3.9	West	Gajuwaka
C10481	Domestic	9.9	North	NAD
C10482	Domestic	9.58	South	NAD
C10483	Domestic	7.75	Central	Rushikonda
C10484	Commercial	48.79	North	Rushikonda
C10485	Commercial	12.44	Central	Seethammadhara
C10486	Domestic	3.88	North	Madhurawada
C10487	Domestic	3.65	West	Madhurawada
C10488	Domestic	2.11	West	Madhurawada
C10489	Domestic	9.76	Central	Madhurawada
C10490	Domestic	2.01	East	Madhurawada
C10491	Domestic	8.78	East	Madhurawada
C10492	Domestic	8.03	South	Madhurawada
C10493	Domestic	4.69	East	Madhurawada
C10494	Domestic	1.66	Central	Seethammadhara
C10495	Domestic	1.55	East	Akkayyapalem
C10496	Domestic	3.23	South	Madhurawada
C10497	Domestic	5.7	North	Dwaraka Nagar
C10498	Domestic	5.39	East	Madhurawada
C10499	Industrial	70.97	Central	MVP Colony
C10500	Domestic	8.06	Central	Madhurawada
C10501	Domestic	4.71	South	Akkayyapalem
C10502	Commercial	14.74	South	Seethammadhara
C10503	Domestic	8.3	West	Rushikonda
C10504	Commercial	21.97	West	Rushikonda
C10505	Domestic	3.94	West	NAD
C10506	Domestic	8	North	Akkayyapalem
C10507	Domestic	9.44	Central	Akkayyapalem
C10508	Domestic	9.28	West	NAD
C10509	Domestic	2.67	Central	Madhurawada
C10510	Domestic	5.78	South	Seethammadhara
C10511	Domestic	2.29	North	Seethammadhara
C10512	Domestic	9.67	South	Madhurawada
C10513	Domestic	3.33	Central	NAD
C10514	Domestic	3.18	West	MVP Colony
C10515	Domestic	9.06	South	Gajuwaka
C10516	Domestic	9.73	East	Dwaraka Nagar
C10517	Domestic	7.43	North	NAD
C10518	Commercial	13.08	Central	Madhurawada
C10519	Domestic	5.63	West	Dwaraka Nagar
C10520	Domestic	8.44	South	Rushikonda
C10521	Domestic	6.37	North	Rushikonda
C10522	Domestic	2.63	West	Madhurawada
C10523	Commercial	15.22	South	Gajuwaka
C10524	Domestic	8.85	Central	Gajuwaka
C10525	Domestic	5.98	East	NAD
C10526	Domestic	7.5	East	Dwaraka Nagar
C10527	Commercial	23.67	Central	Akkayyapalem
C10528	Domestic	6.03	North	Seethammadhara
C10529	Industrial	98.4	Central	Seethammadhara
C10530	Commercial	21.85	South	Dwaraka Nagar
C10531	Domestic	7.24	North	Rushikonda
C10532	Commercial	15.25	East	Akkayyapalem
C10533	Domestic	2.53	South	Rushikonda
C10534	Commercial	40.91	West	Gajuwaka
C10535	Domestic	8.67	West	Madhurawada
C10536	Domestic	7.18	West	Seethammadhara
C10537	Domestic	2.84	East	Akkayyapalem
C10538	Commercial	18.1	Central	Akkayyapalem
C10539	Domestic	9.24	North	NAD
C10540	Domestic	3.95	East	MVP Colony
C10541	Domestic	8.46	South	Gajuwaka
C10542	Domestic	3.93	South	Akkayyapalem
C10543	Domestic	9.49	West	Rushikonda
C10544	Domestic	9.27	North	Rushikonda
C10545	Domestic	1.87	West	Gajuwaka
C10546	Domestic	8.05	South	Rushikonda
C10547	Domestic	2.94	South	NAD
C10548	Domestic	3.33	Central	Madhurawada
C10549	Domestic	5.41	Central	Dwaraka Nagar
C10550	Industrial	70.34	Central	Gajuwaka
C10551	Domestic	4.27	West	NAD
C10552	Commercial	32.17	North	NAD
C10553	Commercial	15.17	Central	NAD
C10554	Domestic	1.69	East	Seethammadhara
C10555	Domestic	6.36	Central	Rushikonda
C10556	Commercial	29.73	West	Seethammadhara
C10557	Domestic	7.36	North	Seethammadhara
C10558	Domestic	7.02	Central	Dwaraka Nagar
C10559	Domestic	9.13	North	Seethammadhara
C10560	Domestic	5.41	East	Gajuwaka
C10561	Commercial	8.35	South	Akkayyapalem
C10562	Domestic	6.86	North	NAD
C10563	Domestic	7.24	Central	Dwaraka Nagar
C10564	Domestic	5.93	West	Seethammadhara
C10565	Domestic	7.36	West	Madhurawada
C10566	Domestic	4.25	West	MVP Colony
C10567	Domestic	2.76	West	Gajuwaka
C10568	Commercial	35.91	North	Dwaraka Nagar
C10569	Domestic	3.58	West	MVP Colony
C10570	Commercial	27.17	South	MVP Colony
C10571	Domestic	5.68	East	Seethammadhara
C10572	Domestic	5.56	North	Dwaraka Nagar
C10573	Domestic	6.59	North	Rushikonda
C10574	Domestic	1.75	West	Akkayyapalem
C10575	Domestic	9.91	West	Akkayyapalem
C10576	Domestic	7.59	North	Dwaraka Nagar
C10577	Commercial	25.87	West	Dwaraka Nagar
C10578	Commercial	16.04	West	NAD
C10579	Domestic	2.18	West	Madhurawada
C10580	Domestic	7.21	West	Akkayyapalem
C10581	Domestic	4.19	West	NAD
C10582	Domestic	3.45	Central	Rushikonda
C10583	Domestic	4.73	Central	MVP Colony
C10584	Domestic	6.54	Central	MVP Colony
C10585	Commercial	36.21	North	MVP Colony
C10586	Commercial	35.1	East	Dwaraka Nagar
C10587	Domestic	8.84	North	Rushikonda
C10588	Domestic	3.36	Central	Gajuwaka
C10589	Domestic	6.91	North	NAD
C10590	Commercial	12.25	East	Gajuwaka
C10591	Domestic	6.16	West	Seethammadhara
C10592	Domestic	6.46	South	Madhurawada
C10593	Commercial	17.08	Central	Madhurawada
C10594	Domestic	4.83	Central	NAD
C10595	Domestic	8.53	East	MVP Colony
C10596	Domestic	2.76	West	Seethammadhara
C10597	Domestic	5.19	West	Akkayyapalem
C10598	Domestic	9.43	South	Rushikonda
C10599	Domestic	5.78	West	Madhurawada
C10600	Domestic	7.66	East	Gajuwaka
C10601	Domestic	8.53	West	Gajuwaka
C10602	Commercial	16.56	East	Akkayyapalem
C10603	Domestic	3.35	Central	Dwaraka Nagar
C10604	Domestic	7.95	Central	MVP Colony
C10605	Domestic	7.9	Central	Dwaraka Nagar
C10606	Commercial	10.53	North	NAD
C10607	Commercial	21.54	Central	Madhurawada
C10608	Domestic	4.89	East	Akkayyapalem
C10609	Domestic	8.55	South	Akkayyapalem
C10610	Commercial	25.72	West	Akkayyapalem
C10611	Domestic	9.37	Central	Dwaraka Nagar
C10612	Domestic	9.97	North	Rushikonda
C10613	Commercial	40.79	North	Dwaraka Nagar
C10614	Domestic	7.16	East	NAD
C10615	Industrial	57.43	South	Gajuwaka
C10616	Commercial	10.82	Central	Gajuwaka
C10617	Domestic	6.37	Central	Seethammadhara
C10618	Commercial	23.19	North	NAD
C10619	Commercial	22.74	East	Rushikonda
C10620	Domestic	7.35	North	Akkayyapalem
C10621	Domestic	5.44	North	Gajuwaka
C10622	Domestic	7.89	South	NAD
C10623	Domestic	4.88	East	Gajuwaka
C10624	Commercial	14.34	South	Rushikonda
C10625	Domestic	5.42	East	Seethammadhara
C10626	Domestic	9.58	Central	NAD
C10627	Domestic	8.31	West	Gajuwaka
C10628	Commercial	16.64	West	Akkayyapalem
C10629	Domestic	4.83	East	Rushikonda
C10630	Domestic	9.39	West	Dwaraka Nagar
C10631	Domestic	2.55	North	Rushikonda
C10632	Domestic	3.66	Central	Dwaraka Nagar
C10633	Domestic	3.73	Central	Rushikonda
C10634	Domestic	6.35	West	Seethammadhara
C10635	Domestic	4.99	East	Akkayyapalem
C10636	Domestic	2.18	North	Gajuwaka
C10637	Commercial	34.43	East	Akkayyapalem
C10638	Domestic	2.34	West	NAD
C10639	Domestic	6.65	Central	Dwaraka Nagar
C10640	Domestic	5.81	Central	Madhurawada
C10641	Domestic	5.7	East	Seethammadhara
C10642	Domestic	2.07	South	Gajuwaka
C10643	Domestic	6.93	East	Madhurawada
C10644	Domestic	5.17	South	Madhurawada
C10645	Domestic	4.99	East	Rushikonda
C10646	Domestic	6.57	South	Seethammadhara
C10647	Commercial	33.46	South	MVP Colony
C10648	Domestic	1.63	South	Madhurawada
C10649	Domestic	2.56	South	Madhurawada
C10650	Domestic	3.51	North	Akkayyapalem
C10651	Domestic	7.26	South	MVP Colony
C10652	Domestic	6.4	South	MVP Colony
C10653	Domestic	7.94	Central	MVP Colony
C10654	Domestic	7.8	North	Seethammadhara
C10655	Domestic	8.75	South	NAD
C10656	Domestic	4.7	West	MVP Colony
C10657	Commercial	22.49	North	Akkayyapalem
C10658	Domestic	8.56	Central	NAD
C10659	Domestic	3.52	East	Gajuwaka
C10660	Commercial	27.37	Central	NAD
C10661	Domestic	3.15	Central	Gajuwaka
C10662	Domestic	9.27	North	MVP Colony
C10663	Domestic	4.97	North	MVP Colony
C10664	Domestic	3.31	West	Gajuwaka
C10665	Domestic	7.38	West	Dwaraka Nagar
C10666	Commercial	18.28	North	Akkayyapalem
C10667	Domestic	9.52	North	NAD
C10668	Domestic	4.62	North	Akkayyapalem
C10669	Commercial	35.91	East	Akkayyapalem
C10670	Commercial	22.5	Central	Madhurawada
C10671	Domestic	8.36	West	MVP Colony
C10672	Domestic	9.12	West	NAD
C10673	Domestic	8.2	South	Akkayyapalem
C10674	Domestic	8.71	East	NAD
C10675	Domestic	2.37	North	Akkayyapalem
C10676	Domestic	9.35	North	MVP Colony
C10677	Commercial	34.22	East	Akkayyapalem
C10678	Domestic	8.89	West	Gajuwaka
C10679	Domestic	7.32	North	MVP Colony
C10680	Domestic	3.22	South	NAD
C10681	Domestic	6.68	West	Seethammadhara
C10682	Domestic	2.27	Central	Dwaraka Nagar
C10683	Domestic	7.41	East	Akkayyapalem
C10684	Commercial	25.18	West	Gajuwaka
C10685	Domestic	2.79	Central	MVP Colony
C10686	Domestic	9.82	South	Madhurawada
C10687	Domestic	9.16	East	Seethammadhara
C10688	Domestic	9.1	North	Seethammadhara
C10689	Domestic	8.2	North	MVP Colony
C10690	Commercial	37.06	Central	Rushikonda
C10691	Industrial	75.86	West	Seethammadhara
C10692	Domestic	2.4	South	NAD
C10693	Domestic	9.15	Central	NAD
C10694	Commercial	45.01	South	Madhurawada
C10695	Domestic	7.86	South	Gajuwaka
C10696	Domestic	9.38	South	NAD
C10697	Domestic	6.2	East	Gajuwaka
C10698	Commercial	26.8	Central	Gajuwaka
C10699	Domestic	9.73	East	MVP Colony
C10700	Commercial	27.49	West	Gajuwaka
C10701	Commercial	34.94	West	Akkayyapalem
C10702	Domestic	4.67	North	Rushikonda
C10703	Commercial	34.73	North	NAD
C10704	Commercial	38.24	North	NAD
C10705	Domestic	6.81	West	Dwaraka Nagar
C10706	Domestic	5.87	South	Seethammadhara
C10707	Domestic	4.05	South	Gajuwaka
C10708	Domestic	6.97	Central	Dwaraka Nagar
C10709	Domestic	9.22	West	MVP Colony
C10710	Domestic	1.56	North	Dwaraka Nagar
C10711	Domestic	2.64	West	Seethammadhara
C10712	Commercial	13.03	South	Gajuwaka
C10713	Domestic	9.35	South	Rushikonda
C10714	Domestic	7.13	East	Seethammadhara
C10715	Domestic	9.59	East	NAD
C10716	Domestic	6.45	Central	Rushikonda
C10717	Domestic	5.42	West	MVP Colony
C10718	Domestic	8.23	East	Gajuwaka
C10719	Domestic	2.87	East	Rushikonda
C10720	Commercial	24.02	West	Rushikonda
C10721	Commercial	27.58	South	Rushikonda
C10722	Domestic	4.04	Central	Rushikonda
C10723	Commercial	23.59	Central	Rushikonda
C10724	Commercial	11.28	Central	Rushikonda
C10725	Domestic	3.18	East	MVP Colony
C10726	Industrial	53.48	South	Madhurawada
C10727	Commercial	41.43	Central	Rushikonda
C10728	Domestic	3.05	West	Gajuwaka
C10729	Domestic	4.45	Central	Madhurawada
C10730	Domestic	2.05	North	Rushikonda
C10731	Domestic	6.24	South	Dwaraka Nagar
C10732	Commercial	33.67	North	Gajuwaka
C10733	Domestic	8.86	South	Madhurawada
C10734	Commercial	42.4	West	Akkayyapalem
C10735	Commercial	19.99	East	NAD
C10736	Domestic	2.66	East	Dwaraka Nagar
C10737	Domestic	2.83	South	Gajuwaka
C10738	Domestic	9.74	Central	Gajuwaka
C10739	Domestic	7.22	North	NAD
C10740	Domestic	1.86	West	NAD
C10741	Domestic	2.66	Central	Seethammadhara
C10742	Domestic	5.63	East	Rushikonda
C10743	Commercial	16.73	Central	Madhurawada
C10744	Domestic	8.33	North	Madhurawada
C10745	Domestic	6.37	East	Madhurawada
C10746	Domestic	6.71	South	Seethammadhara
C10747	Commercial	27.44	West	Rushikonda
C10748	Domestic	3.68	West	MVP Colony
C10749	Domestic	6.51	East	Dwaraka Nagar
C10750	Commercial	38.11	South	Rushikonda
C10751	Domestic	4.65	North	Gajuwaka
C10752	Domestic	5.79	West	Dwaraka Nagar
C10753	Domestic	8.64	East	NAD
C10754	Commercial	14.24	West	Rushikonda
C10755	Domestic	6.13	South	Akkayyapalem
C10756	Domestic	4.46	North	Dwaraka Nagar
C10757	Domestic	7.47	South	Dwaraka Nagar
C10758	Industrial	31.32	Central	Madhurawada
C10759	Domestic	7.2	South	NAD
C10760	Domestic	2.37	South	Dwaraka Nagar
C10761	Commercial	10.72	West	Gajuwaka
C10762	Domestic	7.66	South	Madhurawada
C10763	Industrial	74.82	East	Seethammadhara
C10764	Commercial	45.59	West	Dwaraka Nagar
C10765	Commercial	29.83	West	NAD
C10766	Domestic	6.01	Central	Rushikonda
C10767	Domestic	7.51	East	Akkayyapalem
C10768	Commercial	21.58	South	Rushikonda
C10769	Industrial	32.58	Central	Rushikonda
C10770	Domestic	3.46	East	Gajuwaka
C10771	Commercial	18	Central	Akkayyapalem
C10772	Domestic	4.35	North	NAD
C10773	Domestic	9.52	South	NAD
C10774	Domestic	8.34	Central	NAD
C10775	Commercial	47.31	North	Akkayyapalem
C10776	Domestic	9.99	South	MVP Colony
C10777	Domestic	5.19	Central	Gajuwaka
C10778	Industrial	45.9	Central	NAD
C10779	Domestic	6.26	Central	MVP Colony
C10780	Domestic	8.99	Central	Madhurawada
C10781	Domestic	5.46	West	MVP Colony
C10782	Domestic	5.8	Central	Madhurawada
C10783	Domestic	2.64	West	Akkayyapalem
C10784	Commercial	25.66	West	Seethammadhara
C10785	Domestic	4.79	North	Seethammadhara
C10786	Commercial	22.77	South	MVP Colony
C10787	Domestic	9.04	West	Akkayyapalem
C10788	Domestic	2	East	NAD
C10789	Domestic	9.76	West	MVP Colony
C10790	Domestic	1.57	East	MVP Colony
C10791	Domestic	9.54	North	NAD
C10792	Domestic	6.16	East	Madhurawada
C10793	Domestic	7.47	North	NAD
C10794	Domestic	3.09	North	Gajuwaka
C10795	Domestic	7.06	North	Seethammadhara
C10796	Domestic	9	East	Rushikonda
C10797	Commercial	13.86	East	Rushikonda
C10798	Domestic	2.58	North	Seethammadhara
C10799	Domestic	4.08	North	MVP Colony
C10800	Commercial	14.79	South	Gajuwaka
C10801	Commercial	12.65	North	NAD
C10802	Domestic	7.27	Central	Seethammadhara
C10803	Domestic	3.32	South	Akkayyapalem
C10804	Domestic	7.17	South	NAD
C10805	Domestic	8.83	South	Dwaraka Nagar
C10806	Commercial	35.39	Central	Gajuwaka
C10807	Commercial	13.01	South	Seethammadhara
C10808	Domestic	6.38	South	Dwaraka Nagar
C10809	Industrial	57.55	East	Gajuwaka
C10810	Domestic	4.42	East	Rushikonda
C10811	Domestic	4.21	North	Akkayyapalem
C10812	Commercial	47.04	North	Dwaraka Nagar
C10813	Domestic	7.81	West	Dwaraka Nagar
C10814	Commercial	13.62	Central	Gajuwaka
C10815	Industrial	63.32	East	NAD
C10816	Domestic	4.2	North	Madhurawada
C10817	Domestic	9.81	Central	NAD
C10818	Domestic	9.81	South	Madhurawada
C10819	Domestic	4.22	Central	Gajuwaka
C10820	Domestic	4.49	East	MVP Colony
C10821	Domestic	6.6	West	NAD
C10822	Commercial	28.13	East	Dwaraka Nagar
C10823	Domestic	3.31	North	NAD
C10824	Domestic	7.11	North	Rushikonda
C10825	Domestic	4.34	Central	Gajuwaka
C10826	Commercial	35.46	East	Rushikonda
C10827	Domestic	4.76	North	MVP Colony
C10828	Domestic	7.45	South	MVP Colony
C10829	Commercial	36.05	South	NAD
C10830	Domestic	5.82	West	NAD
C10831	Domestic	7.49	Central	Rushikonda
C10832	Commercial	27.36	North	Akkayyapalem
C10833	Domestic	2.49	West	NAD
C10834	Industrial	42.75	South	Gajuwaka
C10835	Domestic	3.59	West	Madhurawada
C10836	Domestic	2.04	West	Akkayyapalem
C10837	Commercial	37.88	North	Madhurawada
C10838	Domestic	4.62	North	Rushikonda
C10839	Commercial	11.93	North	Dwaraka Nagar
C10840	Commercial	42.44	Central	Seethammadhara
C10841	Commercial	36.71	West	Gajuwaka
C10842	Industrial	61.66	West	Akkayyapalem
C10843	Domestic	3.6	Central	Rushikonda
C10844	Commercial	14.37	South	MVP Colony
C10845	Domestic	5.4	East	Akkayyapalem
C10846	Domestic	9.02	South	Dwaraka Nagar
C10847	Commercial	15.91	Central	MVP Colony
C10848	Domestic	6.33	West	Akkayyapalem
C10849	Domestic	9.67	West	Rushikonda
C10850	Domestic	6.92	North	MVP Colony
C10851	Domestic	5.24	North	NAD
C10852	Industrial	80.15	West	MVP Colony
C10853	Domestic	8.51	West	Akkayyapalem
C10854	Domestic	6.52	North	MVP Colony
C10855	Commercial	44.62	North	Gajuwaka
C10856	Domestic	5.87	South	NAD
C10857	Domestic	8.56	West	NAD
C10858	Domestic	9.59	West	Dwaraka Nagar
C10859	Domestic	5.76	Central	NAD
C10860	Domestic	6.64	South	Madhurawada
C10861	Commercial	33.6	East	Gajuwaka
C10862	Domestic	8.14	East	Dwaraka Nagar
C10863	Commercial	42.56	East	Madhurawada
C10864	Commercial	9.14	North	MVP Colony
C10865	Domestic	7.73	East	Seethammadhara
C10866	Domestic	8.16	Central	Madhurawada
C10867	Domestic	7.45	North	Dwaraka Nagar
C10868	Domestic	7.57	North	NAD
C10869	Commercial	9.74	East	Gajuwaka
C10870	Domestic	5.26	North	Seethammadhara
C10871	Domestic	8.45	South	Dwaraka Nagar
C10872	Domestic	9.44	South	Madhurawada
C10873	Domestic	3.45	East	Seethammadhara
C10874	Domestic	6.42	Central	Madhurawada
C10875	Domestic	8.34	North	Rushikonda
C10876	Domestic	7.9	West	Dwaraka Nagar
C10877	Domestic	6.76	East	Seethammadhara
C10878	Domestic	1.66	North	Akkayyapalem
C10879	Commercial	38.4	East	Akkayyapalem
C10880	Domestic	8.07	East	Dwaraka Nagar
C10881	Domestic	7.64	Central	Akkayyapalem
C10882	Domestic	8.01	West	Dwaraka Nagar
C10883	Domestic	5.16	North	NAD
C10884	Commercial	49.74	East	Seethammadhara
C10885	Domestic	8.05	East	Dwaraka Nagar
C10886	Domestic	6.42	North	MVP Colony
C10887	Commercial	47.24	East	Gajuwaka
C10888	Commercial	46.14	East	Gajuwaka
C10889	Domestic	8.42	East	MVP Colony
C10890	Domestic	6.29	South	Madhurawada
C10891	Commercial	30.14	South	Madhurawada
C10892	Domestic	4.29	West	Madhurawada
C10893	Commercial	18.54	Central	Rushikonda
C10894	Commercial	29.52	North	Seethammadhara
C10895	Commercial	32.27	Central	Madhurawada
C10896	Domestic	3.58	Central	NAD
C10897	Commercial	46.75	South	MVP Colony
C10898	Domestic	6.24	West	Gajuwaka
C10899	Commercial	30.11	Central	MVP Colony
C10900	Domestic	5.2	Central	Gajuwaka
C10901	Domestic	1.99	East	Madhurawada
C10902	Domestic	9	North	NAD
C10903	Domestic	4.19	West	Dwaraka Nagar
C10904	Domestic	6.96	North	Dwaraka Nagar
C10905	Commercial	33.51	South	Akkayyapalem
C10906	Domestic	6.47	Central	Madhurawada
C10907	Commercial	30.08	Central	Madhurawada
C10908	Domestic	3.04	North	MVP Colony
C10909	Domestic	3.89	South	NAD
C10910	Domestic	5.96	East	NAD
C10911	Domestic	8.21	East	Rushikonda
C10912	Commercial	26.14	Central	MVP Colony
C10913	Domestic	3.23	Central	NAD
C10914	Domestic	2.25	West	Seethammadhara
C10915	Domestic	7.14	North	Seethammadhara
C10916	Commercial	25.78	Central	NAD
C10917	Domestic	2.57	South	Seethammadhara
C10918	Domestic	7.23	North	Rushikonda
C10919	Domestic	3.26	West	Dwaraka Nagar
C10920	Domestic	5.83	East	NAD
C10921	Domestic	4.1	West	Seethammadhara
C10922	Commercial	47.13	North	Madhurawada
C10923	Domestic	3.44	East	Dwaraka Nagar
C10924	Domestic	5.07	South	Madhurawada
C10925	Domestic	9.66	East	Madhurawada
C10926	Domestic	4.21	East	Seethammadhara
C10927	Domestic	6.98	South	Seethammadhara
C10928	Industrial	52.17	Central	MVP Colony
C10929	Commercial	12.65	Central	Akkayyapalem
C10930	Commercial	34.36	East	NAD
C10931	Commercial	46.47	East	NAD
C10932	Domestic	5.35	West	NAD
C10933	Domestic	6.82	Central	NAD
C10934	Domestic	6.68	South	Seethammadhara
C10935	Domestic	5.03	East	Dwaraka Nagar
C10936	Domestic	6.73	East	Gajuwaka
C10937	Domestic	3.7	West	Madhurawada
C10938	Domestic	4.71	West	Akkayyapalem
C10939	Commercial	26.58	West	Rushikonda
C10940	Commercial	44.29	North	Akkayyapalem
C10941	Commercial	22.63	South	Gajuwaka
C10942	Domestic	6.9	North	Rushikonda
C10943	Domestic	3.31	East	Rushikonda
C10944	Domestic	3.65	West	Gajuwaka
C10945	Domestic	7.01	West	Rushikonda
C10946	Domestic	7.98	West	Gajuwaka
C10947	Domestic	5.43	Central	Seethammadhara
C10948	Domestic	4.35	South	Dwaraka Nagar
C10949	Domestic	9.24	North	Gajuwaka
C10950	Domestic	2.65	South	Rushikonda
C10951	Domestic	7.63	West	Rushikonda
C10952	Domestic	7.37	East	Dwaraka Nagar
C10953	Domestic	7.37	Central	Seethammadhara
C10954	Domestic	9.45	South	MVP Colony
C10955	Domestic	7.69	East	Rushikonda
C10956	Domestic	4.06	West	Rushikonda
C10957	Commercial	22.84	West	MVP Colony
C10958	Commercial	24.43	West	Akkayyapalem
C10959	Domestic	1.76	West	MVP Colony
C10960	Domestic	9.26	Central	Dwaraka Nagar
C10961	Domestic	2.13	Central	Dwaraka Nagar
C10962	Domestic	7.45	South	Madhurawada
C10963	Domestic	7.71	West	Rushikonda
C10964	Domestic	8.67	Central	Gajuwaka
C10965	Domestic	6.2	East	NAD
C10966	Domestic	7.66	Central	NAD
C10967	Commercial	20.71	Central	Gajuwaka
C10968	Domestic	7.84	South	NAD
C10969	Commercial	22.42	Central	NAD
C10970	Domestic	9.17	East	Seethammadhara
C10971	Domestic	2.89	West	NAD
C10972	Industrial	52.1	North	Akkayyapalem
C10973	Industrial	64.91	South	Rushikonda
C10974	Domestic	8.09	East	Rushikonda
C10975	Domestic	7.86	South	Rushikonda
C10976	Domestic	3.29	West	Dwaraka Nagar
C10977	Domestic	2.73	Central	Dwaraka Nagar
C10978	Commercial	20.77	Central	Dwaraka Nagar
C10979	Industrial	63.86	East	Gajuwaka
C10980	Domestic	6.08	West	MVP Colony
C10981	Domestic	5.15	North	Akkayyapalem
C10982	Domestic	7.14	North	Akkayyapalem
C10983	Domestic	5.13	Central	NAD
C10984	Commercial	47.75	West	Rushikonda
C10985	Commercial	18.96	West	Madhurawada
C10986	Domestic	6.83	East	Dwaraka Nagar
C10987	Domestic	6.7	North	Seethammadhara
C10988	Domestic	3.89	East	Akkayyapalem
C10989	Domestic	5	South	Akkayyapalem
C10990	Commercial	23.35	West	Madhurawada
C10991	Domestic	2.97	North	NAD
C10992	Domestic	5.56	East	Akkayyapalem
C10993	Domestic	4.79	Central	Rushikonda
C10994	Commercial	15.49	South	Akkayyapalem
C10995	Domestic	5.32	East	MVP Colony
C10996	Commercial	25.72	Central	Madhurawada
C10997	Commercial	13.52	North	Seethammadhara
C10998	Commercial	13.51	North	Seethammadhara
C10999	Domestic	7	South	NAD
C11000	Domestic	7.51	Central	NAD
